Student_ID,Age,Gender,Overall_Performance_Percentage,Homework_Completion,Family_Income,Distance_to_School_km,Health_Issues,Bullying_Experience,Teacher_Feedback,Fees_Status,Sibling_Count,Dropout_Status
S00001,11,Female,78,31,High,16.4,Yes,Yes,Average,Overdue (3+ Months),1,Dropout
S00002,18,Female,76,80,Low,4.6,No,Yes,Good,Overdue (3+ Months),2,Not Dropout
S00003,12,Female,30,28,High,4.5,No,Yes,Good,Unpaid,4,Dropout
S00004,12,Female,62,69,High,2.6,Yes,Yes,Average,Overdue (3+ Months),0,Not Dropout
S00005,14,Female,48,29,High,17.9,Yes,Yes,Good,Paid,0,Not Dropout
S00006,14,Female,47,25,Low,10.7,Yes,No,Good,Paid,4,Dropout
S00007,18,Male,35,64,Low,6.2,No,No,Good,Unpaid,4,Dropout
S00008,18,Female,96,71,Low,15.3,Yes,No,Good,Overdue (3+ Months),3,Not Dropout
S00009,12,Male,65,50,Low,19.3,No,Yes,Poor,Paid,4,Dropout
S00010,17,Male,75,41,High,13.0,No,No,Average,Paid,1,Not Dropout
S00011,11,Female,53,21,Medium,16.6,No,Yes,Good,Paid,1,Not Dropout
S00012,11,Male,37,33,High,13.8,No,Yes,Average,Overdue (3+ Months),0,Dropout
S00013,18,Female,96,31,Medium,16.1,Yes,No,Average,Overdue (3+ Months),2,Not Dropout
S00014,18,Male,69,45,High,12.8,Yes,Yes,Average,Paid,0,Not Dropout
S00015,16,Male,82,21,Low,2.1,Yes,No,Poor,Paid,2,Dropout
S00016,13,Female,49,64,Low,17.4,No,Yes,Good,Overdue (3+ Months),2,Not Dropout
S00017,17,Male,58,83,High,7.5,No,No,Good,Paid,4,Not Dropout
S00018,15,Female,63,27,Medium,7.3,No,No,Good,Paid,1,Not Dropout
S00019,16,Male,34,55,Medium,8.5,No,No,Poor,Paid,0,Not Dropout
S00020,14,Male,38,48,High,13.8,Yes,Yes,Good,Paid,3,Dropout
S00021,15,Female,74,77,Medium,15.4,No,No,Average,Overdue (3+ Months),2,Not Dropout
S00022,13,Female,78,36,Low,18.2,Yes,Yes,Average,Unpaid,1,Dropout
S00023,12,Male,52,97,High,12.1,Yes,No,Poor,Paid,1,Not Dropout
S00024,17,Female,37,25,Medium,8.8,No,No,Good,Unpaid,2,Not Dropout
S00025,18,Female,56,93,Low,7.7,No,No,Poor,Unpaid,2,Not Dropout
S00026,12,Male,94,24,Low,15.1,Yes,Yes,Average,Paid,5,Dropout
S00027,11,Male,72,85,Medium,10.0,Yes,Yes,Average,Unpaid,5,Dropout
S00028,14,Male,52,78,Medium,13.9,Yes,Yes,Average,Paid,2,Not Dropout
S00029,14,Female,37,50,Medium,0.6,Yes,Yes,Average,Paid,4,Dropout
S00030,16,Male,39,70,Medium,10.8,No,Yes,Good,Unpaid,0,Not Dropout
S00031,12,Female,34,82,Medium,7.5,No,No,Poor,Paid,3,Not Dropout
S00032,11,Male,79,31,High,11.8,No,No,Good,Paid,2,Not Dropout
S00033,17,Male,43,85,High,9.1,Yes,Yes,Poor,Unpaid,3,Dropout
S00034,18,Male,69,31,High,6.8,Yes,Yes,Good,Paid,3,Not Dropout
S00035,17,Male,84,30,High,4.4,No,Yes,Good,Paid,0,Not Dropout
S00036,12,Male,47,60,High,17.4,Yes,No,Good,Unpaid,2,Not Dropout
S00037,13,Male,77,62,Low,5.8,Yes,Yes,Poor,Paid,1,Dropout
S00038,13,Female,81,55,Medium,9.6,Yes,No,Average,Paid,3,Not Dropout
S00039,14,Male,96,63,Medium,13.9,No,No,Good,Paid,3,Not Dropout
S00040,14,Male,98,28,High,9.0,No,Yes,Good,Unpaid,4,Dropout
S00041,13,Female,65,88,Low,16.6,Yes,No,Good,Unpaid,1,Not Dropout
S00042,11,Female,84,53,Low,3.3,Yes,Yes,Average,Paid,5,Dropout
S00043,17,Male,35,77,High,11.6,Yes,No,Poor,Paid,0,Not Dropout
S00044,14,Male,45,79,Low,12.9,Yes,No,Average,Paid,1,Not Dropout
S00045,16,Male,57,24,Low,2.1,Yes,Yes,Good,Paid,2,Dropout
S00046,13,Male,80,43,Low,17.1,No,Yes,Poor,Paid,2,Dropout
S00047,16,Male,68,26,Medium,13.6,Yes,Yes,Average,Unpaid,1,Dropout
S00048,12,Male,71,84,Medium,15.9,Yes,Yes,Average,Overdue (3+ Months),4,Dropout
S00049,12,Female,41,44,High,9.5,No,No,Poor,Unpaid,2,Dropout
S00050,14,Male,79,45,High,13.3,No,No,Poor,Overdue (3+ Months),5,Dropout
S00051,17,Male,92,42,Medium,12.8,Yes,Yes,Good,Paid,4,Dropout
S00052,12,Male,54,31,High,8.7,Yes,Yes,Average,Unpaid,5,Dropout
S00053,13,Male,38,22,Low,13.5,Yes,Yes,Average,Paid,4,Dropout
S00054,16,Male,54,53,Low,12.3,Yes,No,Good,Paid,3,Not Dropout
S00055,14,Male,33,69,Medium,12.1,Yes,Yes,Average,Unpaid,2,Dropout
S00056,16,Male,63,95,High,13.4,No,Yes,Good,Paid,2,Not Dropout
S00057,15,Female,38,72,High,18.8,Yes,No,Good,Paid,3,Not Dropout
S00058,14,Male,76,61,High,7.6,Yes,Yes,Average,Paid,5,Not Dropout
S00059,15,Female,35,61,Low,1.8,No,No,Average,Paid,0,Not Dropout
S00060,12,Female,79,41,High,16.6,No,Yes,Good,Paid,4,Not Dropout
S00061,15,Female,48,33,Low,9.0,No,No,Average,Unpaid,4,Dropout
S00062,14,Male,31,56,High,17.9,Yes,No,Good,Overdue (3+ Months),1,Not Dropout
S00063,16,Female,48,56,Medium,5.9,No,Yes,Average,Paid,3,Not Dropout
S00064,17,Female,53,36,Medium,14.8,Yes,No,Poor,Paid,0,Not Dropout
S00065,14,Male,80,100,Low,3.8,Yes,Yes,Good,Paid,1,Not Dropout
S00066,14,Male,36,61,High,5.4,Yes,Yes,Average,Paid,4,Dropout
S00067,13,Female,64,48,Medium,2.1,No,Yes,Poor,Paid,4,Dropout
S00068,18,Female,40,96,Low,12.3,Yes,Yes,Average,Paid,3,Dropout
S00069,18,Female,47,99,Low,16.0,Yes,Yes,Average,Paid,4,Dropout
S00070,18,Female,89,80,Medium,1.9,No,Yes,Good,Paid,0,Not Dropout
S00071,11,Male,40,37,High,16.3,No,No,Average,Paid,3,Not Dropout
S00072,16,Female,75,80,Low,4.5,Yes,No,Average,Paid,4,Not Dropout
S00073,17,Male,81,35,Low,8.8,No,Yes,Average,Unpaid,2,Dropout
S00074,18,Male,67,34,Low,10.0,Yes,Yes,Good,Overdue (3+ Months),1,Dropout
S00075,12,Female,64,70,Medium,17.6,Yes,No,Good,Paid,4,Not Dropout
S00076,18,Male,37,66,High,8.7,No,No,Average,Overdue (3+ Months),3,Not Dropout
S00077,12,Male,54,44,Low,1.6,Yes,No,Average,Paid,4,Dropout
S00078,18,Female,45,93,High,14.7,No,Yes,Good,Paid,5,Not Dropout
S00079,17,Male,59,30,Medium,16.8,Yes,Yes,Average,Overdue (3+ Months),0,Dropout
S00080,12,Male,97,21,Low,9.4,No,No,Poor,Paid,4,Dropout
S00081,18,Female,42,74,Medium,11.1,Yes,No,Average,Overdue (3+ Months),0,Not Dropout
S00082,12,Female,95,40,Low,16.9,No,Yes,Average,Paid,0,Not Dropout
S00083,16,Female,69,30,High,13.6,Yes,No,Poor,Paid,2,Not Dropout
S00084,14,Male,42,89,Medium,11.3,Yes,Yes,Good,Paid,1,Not Dropout
S00085,16,Female,43,75,Medium,8.8,Yes,Yes,Good,Paid,1,Not Dropout
S00086,18,Female,79,65,Low,12.5,Yes,No,Good,Paid,0,Not Dropout
S00087,17,Female,51,51,Medium,8.5,No,Yes,Average,Paid,3,Not Dropout
S00088,13,Male,92,32,High,15.2,No,No,Average,Paid,5,Not Dropout
S00089,16,Male,60,57,High,5.7,Yes,Yes,Poor,Paid,3,Not Dropout
S00090,15,Male,49,23,Low,3.3,No,Yes,Average,Overdue (3+ Months),1,Dropout
S00091,16,Female,91,86,High,8.8,No,Yes,Good,Paid,0,Not Dropout
S00092,16,Male,86,30,High,3.6,No,Yes,Good,Unpaid,1,Not Dropout
S00093,16,Female,36,61,Medium,7.1,Yes,No,Average,Paid,0,Not Dropout
S00094,12,Female,31,43,Medium,2.7,No,Yes,Good,Paid,3,Not Dropout
S00095,11,Female,87,38,Medium,2.7,No,Yes,Average,Paid,1,Not Dropout
S00096,13,Male,78,95,Low,11.0,Yes,Yes,Good,Paid,4,Dropout
S00097,18,Female,97,45,Low,16.9,No,No,Average,Paid,2,Not Dropout
S00098,16,Male,33,21,Medium,9.4,No,Yes,Good,Overdue (3+ Months),5,Dropout
S00099,18,Female,67,64,Medium,9.2,Yes,Yes,Good,Paid,3,Not Dropout
S00100,16,Female,44,47,Medium,4.3,No,No,Poor,Unpaid,0,Dropout
S00101,18,Male,43,92,High,16.0,Yes,No,Average,Paid,2,Not Dropout
S00102,16,Male,63,63,High,2.8,Yes,Yes,Poor,Paid,0,Not Dropout
S00103,17,Male,87,97,High,0.6,Yes,No,Average,Paid,3,Not Dropout
S00104,13,Female,72,40,High,5.2,Yes,No,Average,Overdue (3+ Months),1,Not Dropout
S00105,17,Male,94,89,Low,17.7,Yes,No,Good,Paid,3,Not Dropout
S00106,18,Female,42,93,Low,4.7,Yes,No,Average,Overdue (3+ Months),5,Dropout
S00107,14,Male,33,41,High,1.6,Yes,No,Average,Unpaid,5,Dropout
S00108,15,Male,47,85,Medium,8.0,No,Yes,Average,Unpaid,0,Not Dropout
S00109,16,Female,88,68,Low,14.1,No,No,Average,Paid,2,Not Dropout
S00110,15,Male,84,79,Medium,1.7,No,Yes,Good,Paid,0,Not Dropout
S00111,18,Male,66,52,Medium,16.5,No,No,Poor,Unpaid,3,Not Dropout
S00112,18,Female,82,47,High,2.2,No,Yes,Good,Paid,0,Not Dropout
S00113,13,Male,95,32,Medium,1.1,Yes,No,Average,Paid,3,Not Dropout
S00114,18,Female,61,42,Medium,1.8,No,No,Average,Overdue (3+ Months),5,Not Dropout
S00115,15,Female,35,80,High,19.2,Yes,Yes,Average,Paid,3,Not Dropout
S00116,17,Male,79,63,Low,11.2,Yes,Yes,Poor,Unpaid,1,Dropout
S00117,14,Female,91,27,Low,16.1,Yes,Yes,Average,Overdue (3+ Months),2,Dropout
S00118,11,Male,80,97,Medium,19.9,Yes,Yes,Average,Paid,4,Not Dropout
S00119,14,Female,92,84,Medium,16.0,Yes,No,Good,Paid,1,Not Dropout
S00120,13,Female,43,72,Medium,2.2,No,No,Average,Overdue (3+ Months),2,Not Dropout
S00121,11,Female,80,53,Low,0.9,No,Yes,Poor,Paid,1,Not Dropout
S00122,18,Male,73,62,Low,15.3,Yes,No,Good,Paid,4,Not Dropout
S00123,16,Male,43,36,High,8.8,No,No,Good,Paid,2,Not Dropout
S00124,17,Female,50,84,Medium,1.4,Yes,No,Good,Paid,1,Not Dropout
S00125,11,Female,44,65,Medium,9.8,Yes,No,Good,Paid,0,Not Dropout
S00126,17,Male,94,61,Medium,14.8,No,Yes,Good,Unpaid,1,Not Dropout
S00127,16,Male,34,74,Low,8.9,Yes,Yes,Average,Paid,3,Dropout
S00128,17,Female,80,25,Medium,11.6,No,No,Good,Paid,3,Not Dropout
S00129,14,Female,66,86,Low,17.2,Yes,Yes,Average,Overdue (3+ Months),2,Dropout
S00130,11,Male,57,98,Medium,11.2,Yes,No,Average,Paid,4,Not Dropout
S00131,12,Female,66,43,High,9.3,No,Yes,Average,Paid,2,Not Dropout
S00132,14,Male,79,32,Low,0.9,No,Yes,Good,Unpaid,1,Dropout
S00133,17,Female,57,67,High,2.0,Yes,Yes,Good,Paid,0,Not Dropout
S00134,16,Male,46,97,High,14.1,Yes,No,Average,Unpaid,0,Not Dropout
S00135,15,Female,69,45,High,14.6,Yes,Yes,Good,Paid,5,Dropout
S00136,14,Female,31,26,Medium,15.6,Yes,Yes,Poor,Paid,0,Dropout
S00137,11,Male,78,27,Medium,2.4,Yes,Yes,Poor,Overdue (3+ Months),0,Dropout
S00138,17,Female,58,36,High,14.2,No,No,Good,Paid,1,Not Dropout
S00139,11,Female,48,99,High,7.6,Yes,No,Good,Paid,4,Not Dropout
S00140,15,Male,69,63,Low,11.6,Yes,Yes,Poor,Paid,4,Dropout
S00141,14,Female,35,95,Low,6.4,Yes,Yes,Average,Paid,5,Dropout
S00142,11,Male,97,62,Medium,19.4,Yes,No,Average,Unpaid,3,Not Dropout
S00143,16,Male,51,37,Medium,10.7,No,No,Average,Paid,5,Not Dropout
S00144,11,Female,87,71,High,6.8,No,Yes,Good,Unpaid,0,Not Dropout
S00145,14,Female,52,91,Medium,19.9,No,Yes,Good,Paid,4,Not Dropout
S00146,17,Female,81,74,Medium,9.6,No,No,Good,Paid,5,Not Dropout
S00147,11,Male,62,61,High,1.4,Yes,No,Average,Overdue (3+ Months),4,Not Dropout
S00148,13,Male,98,94,Medium,2.9,Yes,No,Poor,Paid,0,Not Dropout
S00149,17,Female,61,23,Low,13.2,Yes,Yes,Poor,Paid,5,Dropout
S00150,16,Male,46,53,Medium,14.2,No,Yes,Good,Unpaid,5,Not Dropout
S00151,14,Female,79,52,Low,5.6,No,No,Average,Paid,2,Not Dropout
S00152,15,Male,66,74,Medium,15.4,Yes,Yes,Average,Overdue (3+ Months),2,Not Dropout
S00153,15,Female,31,61,Low,14.0,No,No,Average,Paid,2,Not Dropout
S00154,13,Male,47,86,High,2.8,Yes,No,Good,Paid,0,Not Dropout
S00155,11,Male,43,87,Low,9.3,Yes,No,Average,Overdue (3+ Months),4,Dropout
S00156,12,Male,72,66,Low,2.2,Yes,No,Average,Overdue (3+ Months),1,Not Dropout
S00157,17,Female,33,94,Medium,6.4,Yes,No,Good,Paid,5,Not Dropout
S00158,16,Female,34,24,Low,3.3,No,Yes,Good,Paid,2,Dropout
S00159,11,Female,33,70,High,14.5,No,No,Average,Unpaid,1,Not Dropout
S00160,12,Female,35,63,High,4.2,No,No,Good,Overdue (3+ Months),1,Not Dropout
S00161,17,Female,78,86,High,3.2,Yes,Yes,Average,Paid,5,Not Dropout
S00162,17,Female,52,70,Medium,3.7,No,Yes,Average,Unpaid,3,Not Dropout
S00163,16,Male,93,55,Medium,16.5,No,No,Good,Paid,5,Not Dropout
S00164,13,Female,91,82,High,15.9,Yes,No,Good,Paid,3,Not Dropout
S00165,16,Female,35,77,Medium,17.3,Yes,No,Good,Paid,3,Not Dropout
S00166,11,Male,89,21,Medium,18.3,No,No,Good,Paid,3,Not Dropout
S00167,14,Male,65,61,Medium,10.7,No,No,Average,Unpaid,4,Not Dropout
S00168,12,Male,55,60,High,15.8,No,Yes,Average,Paid,0,Not Dropout
S00169,16,Female,51,64,Low,16.9,No,No,Average,Paid,0,Not Dropout
S00170,15,Female,55,100,High,13.4,Yes,Yes,Average,Paid,5,Not Dropout
S00171,14,Male,61,90,Low,7.1,No,Yes,Good,Paid,4,Not Dropout
S00172,12,Female,63,84,Medium,15.2,No,No,Good,Paid,1,Not Dropout
S00173,14,Male,55,92,Low,4.9,No,Yes,Poor,Paid,1,Not Dropout
S00174,12,Female,73,31,Low,8.2,No,Yes,Average,Paid,5,Dropout
S00175,18,Male,36,34,Medium,14.5,Yes,No,Poor,Paid,2,Dropout
S00176,12,Male,40,59,High,15.9,Yes,Yes,Average,Unpaid,0,Dropout
S00177,13,Male,69,68,High,11.4,Yes,No,Average,Paid,3,Not Dropout
S00178,16,Female,52,46,Low,17.2,Yes,Yes,Average,Paid,5,Dropout
S00179,15,Female,79,69,High,14.7,Yes,No,Good,Unpaid,3,Not Dropout
S00180,14,Male,76,66,Low,6.5,Yes,Yes,Average,Paid,2,Not Dropout
S00181,16,Female,74,68,Low,6.0,Yes,Yes,Good,Paid,0,Not Dropout
S00182,12,Male,92,55,High,14.6,Yes,No,Poor,Unpaid,2,Not Dropout
S00183,18,Male,65,77,Medium,3.0,No,Yes,Average,Paid,4,Not Dropout
S00184,12,Male,41,20,Medium,10.1,Yes,Yes,Average,Paid,3,Dropout
S00185,13,Female,69,74,High,1.0,No,No,Good,Paid,2,Not Dropout
S00186,12,Female,92,28,Low,10.1,No,Yes,Average,Unpaid,1,Dropout
S00187,15,Male,72,43,Low,17.3,No,Yes,Poor,Paid,5,Dropout
S00188,13,Male,45,97,High,19.4,No,No,Average,Unpaid,3,Not Dropout
S00189,16,Male,81,75,Low,15.1,Yes,Yes,Average,Unpaid,1,Dropout
S00190,12,Female,92,39,High,8.6,No,No,Average,Paid,1,Not Dropout
S00191,15,Female,66,61,High,3.8,No,No,Good,Paid,1,Not Dropout
S00192,14,Male,34,49,Low,2.4,No,No,Good,Paid,0,Not Dropout
S00193,14,Female,34,65,Low,13.9,Yes,Yes,Good,Paid,0,Dropout
S00194,13,Female,69,45,Medium,8.4,Yes,No,Good,Paid,0,Not Dropout
S00195,11,Female,62,66,High,1.7,No,No,Average,Paid,0,Not Dropout
S00196,12,Female,55,51,High,14.5,No,Yes,Good,Paid,3,Not Dropout
S00197,12,Male,96,30,Medium,4.3,Yes,Yes,Average,Overdue (3+ Months),2,Dropout
S00198,12,Female,72,56,Low,8.1,No,Yes,Good,Overdue (3+ Months),2,Not Dropout
S00199,18,Female,44,20,Low,4.2,No,Yes,Average,Unpaid,0,Dropout
S00200,13,Female,78,49,High,18.7,No,No,Poor,Paid,0,Not Dropout
S00201,17,Male,67,29,Low,0.7,Yes,Yes,Poor,Paid,3,Dropout
S00202,11,Female,82,61,Low,10.9,No,No,Good,Paid,4,Not Dropout
S00203,11,Female,84,70,High,8.7,Yes,No,Average,Paid,2,Not Dropout
S00204,18,Female,81,22,High,17.2,Yes,Yes,Average,Unpaid,0,Dropout
S00205,13,Female,66,54,High,16.1,Yes,No,Average,Paid,5,Not Dropout
S00206,15,Female,78,90,Low,3.6,Yes,Yes,Poor,Overdue (3+ Months),1,Dropout
S00207,13,Male,40,75,Low,6.6,Yes,Yes,Good,Paid,2,Dropout
S00208,15,Female,51,63,Low,10.8,No,No,Good,Unpaid,5,Not Dropout
S00209,16,Male,83,22,Low,19.1,Yes,Yes,Good,Paid,4,Dropout
S00210,16,Female,63,98,Medium,7.9,Yes,Yes,Poor,Unpaid,5,Dropout
S00211,18,Male,80,97,Medium,5.7,Yes,Yes,Average,Paid,0,Not Dropout
S00212,14,Female,61,44,Medium,6.1,No,Yes,Poor,Unpaid,5,Dropout
S00213,12,Female,54,61,High,6.7,No,Yes,Average,Paid,2,Not Dropout
S00214,11,Male,83,97,High,10.0,Yes,No,Good,Paid,0,Not Dropout
S00215,17,Male,86,85,High,14.8,Yes,No,Good,Paid,1,Not Dropout
S00216,14,Male,42,53,Low,6.2,Yes,Yes,Average,Paid,5,Dropout
S00217,17,Female,56,22,Low,19.9,Yes,Yes,Good,Unpaid,0,Dropout
S00218,15,Male,91,27,High,2.7,No,No,Average,Paid,1,Not Dropout
S00219,18,Female,90,54,Low,8.5,No,No,Average,Paid,3,Not Dropout
S00220,15,Male,93,99,Medium,11.6,No,No,Average,Unpaid,0,Not Dropout
S00221,11,Male,65,20,Low,11.1,Yes,Yes,Poor,Paid,2,Dropout
S00222,15,Female,31,68,Low,15.0,No,Yes,Good,Overdue (3+ Months),1,Dropout
S00223,17,Female,96,36,Medium,11.0,Yes,Yes,Average,Unpaid,1,Dropout
S00224,13,Female,78,94,High,6.4,Yes,Yes,Good,Overdue (3+ Months),1,Not Dropout
S00225,17,Male,61,30,Medium,14.2,No,No,Average,Overdue (3+ Months),0,Not Dropout
S00226,16,Female,75,36,High,5.9,Yes,No,Poor,Unpaid,3,Dropout
S00227,11,Female,94,20,Medium,1.9,Yes,Yes,Good,Unpaid,5,Dropout
S00228,14,Female,31,78,High,7.5,Yes,No,Poor,Paid,2,Not Dropout
S00229,17,Male,34,95,High,0.6,No,Yes,Average,Paid,4,Not Dropout
S00230,11,Female,36,95,High,13.6,Yes,No,Average,Unpaid,0,Not Dropout
S00231,11,Female,97,43,Low,18.7,Yes,Yes,Poor,Overdue (3+ Months),5,Dropout
S00232,18,Female,68,39,Low,15.9,No,No,Good,Overdue (3+ Months),5,Dropout
S00233,14,Female,43,69,Low,8.6,No,No,Good,Paid,4,Not Dropout
S00234,18,Male,82,78,High,8.4,No,Yes,Good,Paid,2,Not Dropout
S00235,14,Female,75,96,High,2.4,Yes,Yes,Good,Overdue (3+ Months),1,Not Dropout
S00236,16,Male,51,48,Low,11.6,Yes,Yes,Good,Paid,3,Dropout
S00237,18,Female,94,43,Low,12.5,Yes,No,Good,Paid,4,Dropout
S00238,17,Female,65,23,High,3.9,No,No,Good,Paid,4,Not Dropout
S00239,12,Female,59,44,Medium,2.0,No,No,Average,Overdue (3+ Months),0,Not Dropout
S00240,11,Male,51,38,Low,18.0,No,Yes,Average,Paid,2,Not Dropout
S00241,16,Male,30,28,Medium,4.8,Yes,Yes,Good,Paid,5,Dropout
S00242,13,Male,90,63,Low,5.7,No,Yes,Poor,Paid,5,Dropout
S00243,15,Female,68,64,High,17.8,Yes,Yes,Good,Paid,2,Not Dropout
S00244,18,Female,93,76,Low,11.5,No,No,Average,Unpaid,2,Not Dropout
S00245,17,Female,45,54,Medium,11.3,No,Yes,Average,Unpaid,0,Not Dropout
S00246,11,Female,47,72,Low,13.9,Yes,Yes,Good,Unpaid,5,Dropout
S00247,17,Male,71,27,High,8.2,Yes,No,Good,Paid,3,Not Dropout
S00248,15,Male,43,52,Low,14.5,No,Yes,Good,Paid,0,Not Dropout
S00249,16,Male,80,40,High,14.9,No,No,Good,Unpaid,3,Not Dropout
S00250,14,Male,87,99,High,16.2,No,No,Average,Paid,2,Not Dropout
S00251,17,Male,42,27,Medium,5.7,Yes,Yes,Good,Paid,0,Dropout
S00252,18,Male,67,38,Medium,5.9,Yes,No,Average,Paid,3,Not Dropout
S00253,18,Male,58,64,Medium,4.1,No,No,Poor,Paid,0,Not Dropout
S00254,16,Female,66,30,Medium,4.8,Yes,No,Average,Unpaid,1,Not Dropout
S00255,11,Female,41,87,High,11.9,No,No,Good,Overdue (3+ Months),1,Not Dropout
S00256,17,Female,90,79,High,17.7,Yes,Yes,Good,Unpaid,2,Not Dropout
S00257,14,Female,83,60,High,15.3,No,Yes,Average,Paid,3,Not Dropout
S00258,18,Male,67,41,Low,0.8,Yes,Yes,Poor,Overdue (3+ Months),5,Dropout
S00259,15,Female,51,68,High,1.7,Yes,Yes,Average,Paid,3,Not Dropout
S00260,11,Female,45,31,High,6.6,Yes,Yes,Average,Overdue (3+ Months),4,Dropout
S00261,11,Female,76,28,Low,16.5,No,No,Average,Paid,0,Not Dropout
S00262,13,Male,60,77,Medium,12.5,No,Yes,Poor,Paid,4,Not Dropout
S00263,17,Male,47,40,Low,10.3,Yes,Yes,Poor,Overdue (3+ Months),3,Dropout
S00264,15,Male,57,94,Medium,12.9,No,No,Average,Overdue (3+ Months),5,Not Dropout
S00265,12,Male,82,83,Medium,14.9,Yes,No,Average,Paid,0,Not Dropout
S00266,17,Male,32,44,Low,4.6,Yes,No,Good,Paid,0,Dropout
S00267,15,Male,56,57,High,12.7,Yes,No,Average,Overdue (3+ Months),3,Not Dropout
S00268,15,Male,68,74,High,7.8,Yes,Yes,Poor,Paid,4,Dropout
S00269,14,Female,68,99,Medium,3.5,No,No,Good,Paid,4,Not Dropout
S00270,18,Female,44,70,High,12.8,Yes,Yes,Average,Paid,2,Not Dropout
S00271,11,Male,47,35,High,17.3,No,Yes,Good,Overdue (3+ Months),2,Not Dropout
S00272,14,Female,95,90,Medium,11.8,Yes,Yes,Average,Paid,4,Not Dropout
S00273,17,Female,60,67,High,13.0,Yes,No,Good,Paid,0,Not Dropout
S00274,11,Male,37,89,Low,13.6,Yes,Yes,Average,Paid,5,Dropout
S00275,11,Female,38,61,Medium,17.4,No,Yes,Poor,Paid,1,Not Dropout
S00276,11,Female,77,78,Medium,15.2,No,No,Good,Paid,0,Not Dropout
S00277,12,Male,48,84,Medium,5.5,No,No,Good,Paid,2,Not Dropout
S00278,13,Female,35,47,Low,19.3,Yes,No,Poor,Paid,1,Dropout
S00279,17,Male,41,21,Low,17.1,No,Yes,Poor,Paid,1,Dropout
S00280,13,Female,91,99,High,1.4,Yes,Yes,Average,Paid,5,Not Dropout
S00281,16,Male,92,54,Medium,18.9,No,Yes,Average,Paid,2,Not Dropout
S00282,12,Female,65,87,Medium,4.5,Yes,Yes,Average,Paid,1,Not Dropout
S00283,12,Female,70,75,Medium,4.8,Yes,Yes,Good,Paid,3,Not Dropout
S00284,17,Male,61,52,Medium,17.4,No,No,Average,Unpaid,2,Not Dropout
S00285,16,Male,88,96,High,15.6,No,Yes,Good,Paid,2,Not Dropout
S00286,16,Female,57,32,Low,1.5,Yes,No,Average,Overdue (3+ Months),4,Dropout
S00287,14,Female,41,29,High,15.4,Yes,Yes,Good,Unpaid,2,Dropout
S00288,12,Female,47,88,Low,17.8,No,No,Average,Paid,0,Not Dropout
S00289,13,Female,32,26,Medium,16.6,Yes,Yes,Average,Paid,4,Dropout
S00290,12,Female,32,47,High,16.1,Yes,No,Good,Paid,5,Dropout
S00291,16,Male,78,23,High,4.7,Yes,Yes,Average,Overdue (3+ Months),2,Dropout
S00292,15,Female,55,96,Low,7.0,No,No,Good,Paid,5,Not Dropout
S00293,16,Female,89,76,High,12.0,No,No,Average,Paid,5,Not Dropout
S00294,14,Female,59,51,Medium,17.2,No,Yes,Poor,Paid,0,Not Dropout
S00295,11,Male,64,89,Medium,2.4,No,Yes,Poor,Paid,2,Not Dropout
S00296,14,Male,38,43,Medium,7.8,No,No,Average,Overdue (3+ Months),5,Dropout
S00297,15,Male,79,62,Medium,7.9,Yes,Yes,Poor,Paid,1,Not Dropout
S00298,13,Male,33,92,Medium,14.5,No,No,Good,Paid,2,Not Dropout
S00299,13,Female,48,29,Medium,2.3,No,No,Good,Unpaid,3,Not Dropout
S00300,17,Male,68,70,Medium,14.2,Yes,Yes,Average,Unpaid,5,Dropout
S00301,18,Female,66,35,High,8.1,No,Yes,Average,Paid,4,Not Dropout
S00302,12,Female,31,80,High,4.8,No,No,Average,Paid,1,Not Dropout
S00303,11,Female,47,35,High,14.2,Yes,No,Good,Unpaid,3,Not Dropout
S00304,14,Female,84,26,Medium,18.6,No,Yes,Average,Overdue (3+ Months),5,Dropout
S00305,11,Male,45,46,Medium,10.1,Yes,Yes,Good,Paid,0,Not Dropout
S00306,15,Male,40,20,Medium,16.3,No,No,Good,Paid,1,Not Dropout
S00307,17,Female,39,30,Medium,2.5,Yes,No,Good,Overdue (3+ Months),5,Dropout
S00308,18,Female,37,55,Low,8.4,No,Yes,Average,Overdue (3+ Months),0,Dropout
S00309,12,Male,35,28,Medium,12.6,Yes,No,Average,Paid,1,Not Dropout
S00310,16,Male,50,63,Low,13.5,Yes,No,Good,Paid,5,Not Dropout
S00311,18,Male,46,86,Medium,1.5,No,Yes,Good,Paid,1,Not Dropout
S00312,18,Male,53,81,Low,10.2,No,No,Good,Paid,0,Not Dropout
S00313,17,Female,34,80,Medium,1.1,No,Yes,Poor,Overdue (3+ Months),4,Dropout
S00314,12,Female,52,85,Low,9.9,Yes,No,Average,Overdue (3+ Months),3,Not Dropout
S00315,17,Female,97,44,Medium,17.3,Yes,Yes,Good,Paid,5,Dropout
S00316,14,Male,66,63,High,16.3,Yes,Yes,Average,Paid,0,Not Dropout
S00317,17,Male,38,48,High,6.3,Yes,Yes,Average,Paid,0,Dropout
S00318,13,Male,90,81,Medium,16.1,Yes,Yes,Good,Paid,0,Not Dropout
S00319,16,Male,38,78,Medium,2.0,Yes,Yes,Average,Paid,4,Dropout
S00320,12,Female,35,64,Medium,17.3,Yes,Yes,Good,Paid,1,Not Dropout
S00321,12,Female,42,80,Medium,18.7,Yes,No,Good,Unpaid,1,Not Dropout
S00322,12,Female,78,56,High,5.6,No,No,Poor,Paid,3,Not Dropout
S00323,14,Male,73,47,High,14.3,No,Yes,Poor,Paid,3,Not Dropout
S00324,15,Male,68,62,Medium,3.2,Yes,No,Average,Overdue (3+ Months),3,Not Dropout
S00325,15,Male,48,57,High,12.7,Yes,No,Good,Paid,2,Not Dropout
S00326,16,Male,39,94,High,1.1,Yes,Yes,Poor,Overdue (3+ Months),1,Dropout
S00327,11,Male,96,59,Medium,8.2,No,No,Average,Paid,5,Not Dropout
S00328,16,Male,83,45,Low,3.3,No,Yes,Poor,Paid,1,Dropout
S00329,18,Female,75,28,Low,6.8,No,No,Poor,Paid,4,Dropout
S00330,14,Male,72,84,High,10.2,Yes,Yes,Average,Paid,0,Not Dropout
S00331,17,Male,43,59,High,16.5,Yes,Yes,Average,Paid,0,Not Dropout
S00332,14,Female,43,56,High,20.0,Yes,No,Good,Paid,5,Not Dropout
S00333,16,Female,95,71,High,16.6,No,No,Poor,Unpaid,1,Not Dropout
S00334,17,Female,86,76,Low,17.1,No,No,Good,Unpaid,4,Not Dropout
S00335,13,Male,57,24,Low,11.7,No,No,Good,Paid,3,Not Dropout
S00336,13,Female,43,40,Medium,0.6,Yes,Yes,Average,Paid,2,Dropout
S00337,12,Female,51,56,High,2.1,No,No,Average,Paid,4,Not Dropout
S00338,18,Male,88,46,Medium,10.6,Yes,No,Average,Paid,1,Not Dropout
S00339,15,Male,69,79,Medium,13.6,No,Yes,Poor,Unpaid,4,Dropout
S00340,11,Male,96,44,High,3.7,No,No,Average,Paid,4,Not Dropout
S00341,18,Female,65,52,Medium,3.6,No,No,Good,Unpaid,2,Not Dropout
S00342,18,Male,54,50,High,19.8,No,No,Poor,Overdue (3+ Months),5,Not Dropout
S00343,11,Male,64,97,Low,1.5,Yes,Yes,Poor,Paid,5,Dropout
S00344,17,Female,30,62,High,0.6,No,No,Average,Paid,0,Not Dropout
S00345,14,Female,47,36,Medium,0.7,Yes,Yes,Good,Paid,4,Dropout
S00346,12,Female,59,93,Medium,12.8,Yes,Yes,Good,Paid,1,Not Dropout
S00347,18,Male,83,26,Medium,12.0,Yes,Yes,Good,Paid,5,Dropout
S00348,15,Male,97,50,Medium,13.0,No,No,Poor,Paid,0,Not Dropout
S00349,12,Female,36,89,Low,0.7,No,No,Average,Paid,4,Not Dropout
S00350,12,Female,47,59,High,18.6,Yes,No,Good,Paid,3,Not Dropout
S00351,16,Female,39,87,Medium,18.9,No,Yes,Average,Paid,5,Not Dropout
S00352,11,Female,74,100,Medium,8.5,Yes,Yes,Good,Paid,4,Not Dropout
S00353,17,Female,56,59,Medium,5.5,Yes,No,Good,Paid,4,Not Dropout
S00354,11,Male,40,68,Low,5.4,No,Yes,Good,Overdue (3+ Months),5,Dropout
S00355,17,Female,69,81,Medium,3.6,Yes,Yes,Average,Unpaid,3,Not Dropout
S00356,16,Female,95,33,Low,6.5,No,No,Average,Overdue (3+ Months),3,Not Dropout
S00357,14,Female,96,77,Low,14.6,Yes,No,Average,Paid,3,Not Dropout
S00358,17,Female,35,83,Low,7.5,Yes,No,Good,Paid,5,Dropout
S00359,16,Female,63,39,Medium,12.3,No,No,Good,Paid,2,Not Dropout
S00360,18,Male,72,41,High,1.3,No,No,Average,Unpaid,1,Not Dropout
S00361,11,Male,58,59,Medium,15.0,No,Yes,Poor,Paid,1,Not Dropout
S00362,12,Female,97,23,Medium,6.3,No,Yes,Good,Paid,4,Not Dropout
S00363,17,Female,94,99,Medium,2.1,Yes,No,Poor,Paid,3,Not Dropout
S00364,15,Female,61,90,Medium,14.7,Yes,No,Good,Paid,4,Not Dropout
S00365,17,Male,49,88,Medium,10.0,Yes,Yes,Average,Paid,5,Not Dropout
S00366,15,Male,33,48,Low,8.8,No,Yes,Average,Paid,1,Dropout
S00367,13,Female,58,43,High,8.9,No,No,Good,Unpaid,0,Not Dropout
S00368,17,Male,86,100,Low,7.4,Yes,No,Average,Paid,4,Not Dropout
S00369,16,Male,58,65,High,19.4,Yes,Yes,Good,Paid,3,Not Dropout
S00370,13,Female,96,41,High,1.5,No,Yes,Good,Paid,4,Not Dropout
S00371,12,Female,47,33,Low,3.7,Yes,Yes,Average,Unpaid,4,Dropout
S00372,16,Male,51,43,Medium,6.8,No,No,Good,Paid,5,Not Dropout
S00373,15,Male,40,54,Medium,10.6,No,Yes,Poor,Overdue (3+ Months),2,Dropout
S00374,16,Female,74,25,Medium,10.4,No,No,Average,Paid,0,Not Dropout
S00375,18,Female,90,92,High,4.1,Yes,Yes,Good,Paid,3,Not Dropout
S00376,13,Male,57,85,Medium,14.9,No,No,Average,Paid,4,Not Dropout
S00377,13,Female,90,22,High,19.8,No,Yes,Good,Paid,0,Not Dropout
S00378,12,Female,76,95,Medium,1.5,No,Yes,Poor,Unpaid,2,Not Dropout
S00379,15,Male,57,41,High,1.8,No,Yes,Good,Paid,5,Not Dropout
S00380,13,Male,80,97,High,11.3,Yes,Yes,Poor,Unpaid,0,Dropout
S00381,17,Male,48,97,Low,14.2,Yes,No,Good,Overdue (3+ Months),5,Dropout
S00382,14,Female,62,36,Medium,19.4,Yes,No,Good,Paid,0,Not Dropout
S00383,18,Male,43,60,Medium,19.8,Yes,Yes,Poor,Paid,3,Dropout
S00384,15,Female,52,80,High,11.3,No,Yes,Good,Paid,2,Not Dropout
S00385,17,Female,83,77,High,18.9,No,Yes,Average,Overdue (3+ Months),5,Not Dropout
S00386,14,Female,90,87,Medium,18.2,No,Yes,Good,Paid,1,Not Dropout
S00387,12,Female,53,79,Low,13.8,No,Yes,Good,Unpaid,5,Dropout
S00388,18,Female,64,75,Low,15.6,No,Yes,Average,Overdue (3+ Months),0,Not Dropout
S00389,17,Male,30,32,High,13.2,Yes,No,Average,Paid,5,Dropout
S00390,13,Female,90,25,Low,16.3,Yes,Yes,Good,Paid,4,Dropout
S00391,15,Male,93,55,Low,11.8,No,Yes,Average,Unpaid,3,Not Dropout
S00392,16,Male,30,56,Low,14.8,Yes,No,Average,Paid,5,Dropout
S00393,11,Female,42,80,Low,8.1,Yes,Yes,Average,Paid,3,Dropout
S00394,17,Female,36,82,Medium,13.1,Yes,Yes,Poor,Overdue (3+ Months),5,Dropout
S00395,16,Female,78,93,High,14.2,Yes,Yes,Good,Paid,0,Not Dropout
S00396,16,Female,34,52,High,2.6,No,No,Average,Unpaid,2,Not Dropout
S00397,18,Female,65,50,Low,10.6,No,No,Poor,Paid,3,Not Dropout
S00398,11,Female,93,67,Medium,9.0,Yes,No,Average,Paid,2,Not Dropout
S00399,18,Female,74,24,High,7.6,No,Yes,Good,Unpaid,1,Not Dropout
S00400,14,Male,78,92,Low,10.4,No,No,Good,Unpaid,5,Not Dropout
S00401,15,Male,53,73,Low,7.4,Yes,No,Good,Paid,1,Not Dropout
S00402,11,Male,81,94,Medium,17.1,Yes,Yes,Average,Paid,1,Not Dropout
S00403,15,Female,87,50,Low,6.9,Yes,Yes,Good,Paid,0,Not Dropout
S00404,16,Female,60,60,Medium,19.0,Yes,No,Poor,Unpaid,3,Not Dropout
S00405,11,Female,77,74,Low,6.2,No,No,Good,Paid,3,Not Dropout
S00406,15,Male,31,30,High,17.7,Yes,Yes,Average,Paid,0,Dropout
S00407,15,Female,32,60,Medium,4.9,Yes,No,Good,Overdue (3+ Months),4,Dropout
S00408,15,Male,33,35,Low,4.4,No,Yes,Average,Overdue (3+ Months),3,Dropout
S00409,11,Female,79,48,High,4.4,No,No,Average,Overdue (3+ Months),2,Not Dropout
S00410,13,Female,69,71,High,3.2,Yes,Yes,Good,Unpaid,3,Not Dropout
S00411,11,Male,66,58,Medium,3.5,No,No,Good,Paid,3,Not Dropout
S00412,16,Female,87,39,Low,14.0,Yes,No,Good,Unpaid,1,Dropout
S00413,14,Female,89,88,High,17.6,No,Yes,Good,Unpaid,2,Not Dropout
S00414,15,Female,45,62,Low,8.3,Yes,No,Good,Paid,2,Not Dropout
S00415,11,Female,97,37,High,14.9,No,Yes,Average,Unpaid,2,Not Dropout
S00416,17,Female,84,81,High,18.5,No,Yes,Poor,Paid,2,Not Dropout
S00417,15,Male,72,21,Low,19.6,Yes,No,Average,Unpaid,5,Dropout
S00418,15,Male,63,82,Low,9.6,No,Yes,Poor,Paid,2,Not Dropout
S00419,14,Male,72,43,Medium,2.2,Yes,No,Average,Overdue (3+ Months),1,Not Dropout
S00420,13,Female,70,56,Medium,0.8,Yes,No,Average,Paid,2,Not Dropout
S00421,12,Male,64,88,High,17.8,No,No,Poor,Overdue (3+ Months),1,Not Dropout
S00422,17,Female,68,87,Low,3.8,No,No,Average,Paid,3,Not Dropout
S00423,15,Male,52,52,High,3.6,Yes,No,Good,Paid,3,Not Dropout
S00424,17,Female,64,76,Medium,6.9,Yes,Yes,Average,Overdue (3+ Months),5,Dropout
S00425,11,Female,82,100,Medium,16.2,Yes,No,Good,Overdue (3+ Months),3,Not Dropout
S00426,17,Female,93,91,Low,17.8,No,Yes,Average,Paid,1,Not Dropout
S00427,15,Male,49,76,High,17.0,No,No,Average,Paid,4,Not Dropout
S00428,14,Male,71,64,Low,7.0,Yes,Yes,Average,Paid,4,Dropout
S00429,12,Female,84,52,Low,17.8,No,Yes,Good,Overdue (3+ Months),0,Not Dropout
S00430,17,Male,49,49,Medium,17.4,No,Yes,Good,Paid,5,Not Dropout
S00431,13,Male,31,47,Low,8.9,Yes,No,Average,Paid,0,Dropout
S00432,13,Male,46,72,High,12.4,Yes,No,Average,Overdue (3+ Months),3,Not Dropout
S00433,16,Male,85,68,Low,7.9,Yes,Yes,Average,Overdue (3+ Months),2,Dropout
S00434,17,Female,56,68,High,14.8,Yes,No,Good,Unpaid,1,Not Dropout
S00435,11,Female,74,74,Medium,12.2,No,No,Average,Paid,4,Not Dropout
S00436,17,Male,45,32,Medium,14.9,No,Yes,Poor,Paid,0,Not Dropout
S00437,12,Female,30,40,Medium,8.9,Yes,Yes,Good,Paid,1,Dropout
S00438,14,Male,35,32,Low,17.5,No,Yes,Average,Paid,0,Dropout
S00439,14,Male,56,34,Low,4.3,Yes,Yes,Good,Unpaid,4,Dropout
S00440,13,Male,38,40,Low,8.4,No,Yes,Good,Unpaid,4,Dropout
S00441,11,Female,78,95,Medium,1.8,Yes,Yes,Good,Paid,5,Not Dropout
S00442,12,Female,79,40,Low,17.5,Yes,Yes,Good,Paid,1,Dropout
S00443,18,Male,56,32,Medium,17.3,Yes,No,Average,Overdue (3+ Months),5,Dropout
S00444,17,Female,89,97,Low,12.9,No,No,Good,Paid,5,Not Dropout
S00445,16,Female,66,76,Medium,13.6,No,No,Poor,Paid,1,Not Dropout
S00446,16,Female,37,45,High,19.2,Yes,No,Poor,Overdue (3+ Months),5,Dropout
S00447,16,Female,48,30,Medium,1.4,No,No,Poor,Unpaid,4,Dropout
S00448,16,Female,67,27,High,18.0,No,No,Average,Paid,4,Not Dropout
S00449,12,Male,94,77,Medium,15.4,Yes,No,Poor,Unpaid,4,Dropout
S00450,13,Female,74,90,Low,5.0,No,No,Poor,Overdue (3+ Months),5,Dropout
S00451,13,Female,30,67,Low,15.1,No,No,Poor,Overdue (3+ Months),5,Dropout
S00452,15,Female,84,48,Low,18.5,No,No,Good,Paid,0,Not Dropout
S00453,17,Male,51,49,Low,15.3,Yes,No,Good,Paid,4,Dropout
S00454,16,Male,80,96,High,10.0,No,Yes,Average,Paid,3,Not Dropout
S00455,17,Male,49,75,High,13.0,No,No,Poor,Paid,0,Not Dropout
S00456,13,Female,50,61,Low,10.9,Yes,Yes,Good,Paid,4,Dropout
S00457,13,Male,53,81,High,9.4,Yes,No,Good,Unpaid,4,Not Dropout
S00458,15,Female,33,62,High,2.2,No,No,Average,Unpaid,4,Not Dropout
S00459,18,Female,66,74,Medium,9.0,No,No,Good,Overdue (3+ Months),1,Not Dropout
S00460,16,Male,40,26,Medium,17.8,No,No,Poor,Overdue (3+ Months),2,Dropout
S00461,16,Female,38,35,Low,6.8,No,Yes,Good,Unpaid,5,Dropout
S00462,18,Male,84,86,Low,2.7,Yes,No,Good,Paid,0,Not Dropout
S00463,14,Male,45,71,High,13.2,No,No,Good,Unpaid,4,Not Dropout
S00464,18,Female,67,66,High,1.3,Yes,Yes,Average,Paid,4,Not Dropout
S00465,18,Male,37,28,High,16.8,No,Yes,Average,Paid,3,Not Dropout
S00466,18,Female,41,68,Medium,2.8,Yes,No,Good,Paid,4,Not Dropout
S00467,16,Female,77,98,Low,7.7,Yes,No,Good,Unpaid,3,Not Dropout
S00468,17,Male,70,79,Low,10.2,No,No,Poor,Paid,0,Not Dropout
S00469,14,Female,73,37,Medium,16.0,Yes,No,Good,Unpaid,4,Dropout
S00470,15,Female,74,39,Low,5.4,Yes,Yes,Good,Unpaid,3,Dropout
S00471,15,Female,87,65,Medium,1.9,Yes,No,Poor,Overdue (3+ Months),2,Not Dropout
S00472,12,Male,85,56,Low,6.3,Yes,No,Average,Paid,2,Not Dropout
S00473,15,Male,50,92,Medium,10.0,Yes,Yes,Good,Paid,0,Not Dropout
S00474,17,Female,91,87,Medium,6.2,Yes,Yes,Average,Paid,0,Not Dropout
S00475,11,Female,98,63,High,6.8,No,Yes,Poor,Unpaid,2,Not Dropout
S00476,16,Female,96,26,Low,12.0,Yes,No,Good,Paid,2,Not Dropout
S00477,14,Male,92,48,Low,18.4,Yes,Yes,Good,Paid,5,Dropout
S00478,13,Male,47,48,High,13.6,No,No,Good,Unpaid,3,Not Dropout
S00479,14,Female,54,97,Medium,8.0,No,No,Average,Unpaid,1,Not Dropout
S00480,13,Female,50,71,Low,7.1,No,No,Good,Overdue (3+ Months),0,Not Dropout
S00481,15,Female,62,48,Low,15.8,No,No,Average,Unpaid,4,Dropout
S00482,14,Male,31,33,High,12.8,Yes,No,Good,Unpaid,3,Dropout
S00483,15,Female,81,90,Medium,4.3,Yes,No,Good,Overdue (3+ Months),1,Not Dropout
S00484,14,Female,85,41,Medium,7.1,No,Yes,Average,Paid,1,Not Dropout
S00485,18,Female,71,73,Medium,19.8,Yes,No,Poor,Paid,0,Not Dropout
S00486,13,Male,84,79,Medium,11.5,Yes,No,Good,Unpaid,5,Not Dropout
S00487,12,Female,40,87,Medium,6.9,Yes,Yes,Good,Paid,2,Not Dropout
S00488,11,Female,96,53,Low,6.4,Yes,No,Poor,Paid,1,Not Dropout
S00489,13,Male,46,81,Low,6.5,Yes,No,Good,Paid,4,Not Dropout
S00490,15,Female,90,55,High,6.1,Yes,No,Poor,Paid,4,Not Dropout
S00491,16,Male,72,48,Low,13.9,Yes,Yes,Good,Paid,5,Dropout
S00492,13,Male,32,61,High,1.9,Yes,No,Average,Paid,5,Not Dropout
S00493,18,Male,33,78,Low,6.6,No,No,Good,Paid,5,Not Dropout
S00494,13,Male,98,49,Low,17.5,No,No,Average,Paid,3,Not Dropout
S00495,14,Male,72,66,High,11.2,Yes,Yes,Average,Paid,1,Not Dropout
S00496,16,Male,85,69,Low,14.0,No,No,Good,Unpaid,0,Not Dropout
S00497,18,Female,50,32,Medium,16.9,No,No,Average,Paid,1,Not Dropout
S00498,16,Male,58,95,High,4.8,Yes,Yes,Poor,Paid,0,Not Dropout
S00499,13,Male,45,69,High,5.1,Yes,Yes,Average,Unpaid,0,Not Dropout
S00500,11,Male,75,37,Medium,16.8,No,Yes,Poor,Paid,4,Dropout
S00501,18,Female,71,24,Low,12.5,Yes,Yes,Poor,Paid,4,Dropout
S00502,17,Male,67,48,High,2.2,Yes,Yes,Good,Paid,2,Not Dropout
S00503,12,Male,68,28,Medium,5.9,No,No,Good,Paid,5,Not Dropout
S00504,14,Female,48,78,High,10.9,Yes,No,Average,Paid,2,Not Dropout
S00505,17,Female,71,96,Low,10.1,No,No,Poor,Paid,2,Not Dropout
S00506,12,Male,87,44,Medium,4.8,No,Yes,Good,Overdue (3+ Months),4,Dropout
S00507,13,Male,93,80,Medium,3.4,Yes,No,Poor,Unpaid,3,Not Dropout
S00508,14,Male,69,43,Low,17.1,No,No,Good,Paid,1,Not Dropout
S00509,16,Female,36,48,High,9.7,Yes,Yes,Good,Unpaid,1,Dropout
S00510,17,Female,62,64,Low,6.5,Yes,Yes,Good,Paid,4,Dropout
S00511,15,Female,86,43,High,16.9,No,Yes,Good,Overdue (3+ Months),4,Dropout
S00512,14,Female,56,58,Medium,4.1,Yes,No,Average,Paid,3,Not Dropout
S00513,13,Male,62,49,Medium,11.0,No,Yes,Poor,Paid,1,Not Dropout
S00514,16,Male,62,41,Low,18.1,Yes,Yes,Good,Paid,5,Dropout
S00515,11,Female,87,27,High,16.2,Yes,Yes,Average,Overdue (3+ Months),2,Dropout
S00516,13,Male,50,99,Low,1.1,No,Yes,Good,Paid,1,Not Dropout
S00517,15,Female,97,67,Low,10.3,No,Yes,Poor,Paid,1,Not Dropout
S00518,14,Female,35,29,Medium,13.7,No,No,Poor,Paid,5,Dropout
S00519,12,Female,46,21,Medium,3.2,No,Yes,Good,Unpaid,1,Not Dropout
S00520,12,Female,65,51,Medium,14.9,No,No,Good,Paid,1,Not Dropout
S00521,16,Female,93,35,Medium,3.8,No,No,Good,Unpaid,1,Not Dropout
S00522,16,Male,43,83,Medium,3.3,No,No,Poor,Paid,2,Not Dropout
S00523,18,Male,63,30,High,0.7,No,Yes,Average,Paid,5,Not Dropout
S00524,12,Male,98,55,Low,15.3,Yes,Yes,Good,Paid,1,Not Dropout
S00525,17,Male,97,74,Medium,16.0,No,No,Good,Paid,4,Not Dropout
S00526,12,Female,91,86,Low,1.5,Yes,Yes,Average,Paid,4,Dropout
S00527,17,Male,91,75,Low,11.9,No,Yes,Average,Unpaid,2,Not Dropout
S00528,11,Female,45,51,High,19.4,Yes,Yes,Good,Paid,0,Not Dropout
S00529,18,Male,79,86,Low,1.2,No,Yes,Average,Paid,4,Not Dropout
S00530,18,Female,56,45,High,8.9,No,Yes,Poor,Paid,4,Dropout
S00531,18,Female,60,67,Low,6.1,Yes,No,Average,Paid,3,Not Dropout
S00532,15,Female,71,45,High,6.6,No,No,Good,Paid,4,Not Dropout
S00533,11,Female,67,91,Low,9.5,No,Yes,Good,Paid,2,Not Dropout
S00534,13,Female,85,87,Medium,4.1,No,Yes,Good,Unpaid,2,Not Dropout
S00535,13,Male,57,54,High,12.7,Yes,No,Average,Paid,1,Not Dropout
S00536,11,Male,71,44,Medium,12.5,No,Yes,Good,Unpaid,0,Not Dropout
S00537,18,Male,65,58,High,12.4,Yes,Yes,Average,Paid,2,Not Dropout
S00538,15,Female,68,35,High,11.9,Yes,Yes,Good,Paid,2,Not Dropout
S00539,18,Female,35,22,High,2.8,Yes,No,Average,Paid,4,Dropout
S00540,18,Male,88,51,Medium,11.3,No,Yes,Average,Paid,2,Not Dropout
S00541,14,Male,84,68,Low,15.5,Yes,No,Poor,Paid,0,Not Dropout
S00542,17,Male,33,60,Low,12.2,Yes,Yes,Good,Unpaid,2,Dropout
S00543,13,Female,63,68,High,13.9,No,No,Poor,Paid,2,Not Dropout
S00544,15,Female,35,58,Medium,13.3,Yes,Yes,Average,Overdue (3+ Months),2,Dropout
S00545,12,Female,45,33,Low,15.2,No,No,Good,Overdue (3+ Months),0,Not Dropout
S00546,17,Male,74,51,Medium,12.9,Yes,No,Average,Paid,1,Not Dropout
S00547,15,Female,70,74,Medium,11.6,No,Yes,Poor,Paid,0,Not Dropout
S00548,18,Female,36,80,Medium,5.2,No,Yes,Average,Paid,1,Not Dropout
S00549,12,Male,39,66,Low,0.7,Yes,Yes,Average,Paid,3,Dropout
S00550,16,Male,59,34,Medium,5.1,No,No,Good,Paid,4,Not Dropout
S00551,15,Male,84,76,Low,18.8,Yes,No,Good,Paid,2,Not Dropout
S00552,13,Male,56,100,Low,6.5,Yes,Yes,Poor,Paid,0,Dropout
S00553,15,Male,84,68,Low,3.5,Yes,No,Poor,Paid,3,Not Dropout
S00554,18,Male,71,68,Medium,18.0,No,Yes,Good,Unpaid,1,Not Dropout
S00555,15,Female,93,98,Low,9.8,Yes,Yes,Poor,Paid,0,Dropout
S00556,16,Male,38,89,High,11.1,No,No,Average,Paid,0,Not Dropout
S00557,13,Male,77,23,Low,11.8,No,Yes,Good,Paid,3,Not Dropout
S00558,13,Male,74,54,Medium,6.1,Yes,Yes,Average,Paid,5,Not Dropout
S00559,15,Male,76,91,High,19.3,Yes,Yes,Poor,Overdue (3+ Months),2,Dropout
S00560,18,Male,80,42,Medium,11.2,Yes,Yes,Poor,Paid,5,Dropout
S00561,11,Female,61,73,Medium,19.7,Yes,Yes,Poor,Paid,4,Dropout
S00562,17,Male,94,74,Medium,16.6,Yes,Yes,Good,Paid,0,Not Dropout
S00563,11,Male,88,81,Medium,1.5,No,No,Poor,Paid,5,Not Dropout
S00564,17,Male,49,45,High,10.7,Yes,No,Good,Unpaid,4,Dropout
S00565,12,Male,95,85,High,1.1,Yes,Yes,Good,Unpaid,4,Dropout
S00566,12,Female,79,98,Low,11.2,No,Yes,Good,Paid,3,Not Dropout
S00567,16,Female,56,48,Low,12.8,No,Yes,Poor,Overdue (3+ Months),2,Dropout
S00568,15,Female,53,62,High,11.1,No,Yes,Average,Paid,2,Not Dropout
S00569,17,Male,85,83,High,18.9,No,Yes,Good,Unpaid,4,Not Dropout
S00570,12,Male,82,41,High,1.2,Yes,No,Good,Paid,1,Not Dropout
S00571,14,Female,71,85,Medium,13.3,Yes,Yes,Average,Paid,2,Not Dropout
S00572,14,Female,45,34,High,12.5,Yes,No,Average,Paid,3,Not Dropout
S00573,14,Male,34,33,Medium,18.7,Yes,Yes,Good,Paid,3,Dropout
S00574,16,Female,69,65,High,3.2,No,Yes,Good,Unpaid,3,Not Dropout
S00575,17,Female,47,51,Medium,1.9,Yes,No,Average,Paid,1,Not Dropout
S00576,14,Male,94,46,Medium,14.9,Yes,Yes,Average,Paid,4,Dropout
S00577,12,Female,41,29,Low,9.3,No,Yes,Good,Unpaid,2,Dropout
S00578,16,Female,68,26,Medium,4.2,No,No,Average,Overdue (3+ Months),3,Not Dropout
S00579,12,Female,86,52,Medium,19.3,Yes,No,Good,Unpaid,1,Not Dropout
S00580,14,Male,76,90,Low,12.3,Yes,Yes,Poor,Paid,2,Dropout
S00581,18,Male,37,54,Low,0.6,No,Yes,Good,Paid,1,Not Dropout
S00582,18,Female,46,20,Low,3.9,No,No,Good,Paid,0,Not Dropout
S00583,17,Male,83,63,Low,10.6,Yes,Yes,Average,Unpaid,5,Dropout
S00584,18,Female,91,45,Low,12.0,No,Yes,Average,Overdue (3+ Months),2,Dropout
S00585,17,Male,56,79,High,9.7,No,No,Average,Overdue (3+ Months),1,Not Dropout
S00586,18,Male,76,97,Low,5.7,Yes,Yes,Average,Unpaid,4,Dropout
S00587,11,Female,41,33,Low,10.9,No,Yes,Good,Overdue (3+ Months),5,Dropout
S00588,14,Female,71,40,High,16.4,Yes,Yes,Poor,Paid,0,Dropout
S00589,13,Female,94,71,High,19.5,No,No,Average,Paid,2,Not Dropout
S00590,18,Female,54,69,Low,9.6,Yes,No,Average,Paid,1,Not Dropout
S00591,13,Female,75,80,Low,19.4,Yes,No,Good,Paid,5,Not Dropout
S00592,13,Female,45,54,Medium,1.4,No,No,Good,Overdue (3+ Months),5,Not Dropout
S00593,18,Male,88,37,Medium,6.3,No,No,Average,Paid,3,Not Dropout
S00594,16,Female,85,66,Medium,9.1,Yes,Yes,Poor,Paid,0,Not Dropout
S00595,15,Female,36,64,Medium,17.1,Yes,No,Average,Paid,2,Not Dropout
S00596,15,Female,51,38,Low,18.9,No,No,Good,Paid,5,Not Dropout
S00597,11,Female,74,54,Medium,5.4,No,Yes,Good,Unpaid,2,Not Dropout
S00598,11,Female,41,22,Low,8.5,No,Yes,Good,Paid,5,Dropout
S00599,11,Male,95,47,Low,16.3,Yes,No,Average,Overdue (3+ Months),1,Dropout
S00600,15,Male,63,31,High,14.0,No,Yes,Good,Paid,4,Not Dropout
S00601,11,Male,95,35,Medium,6.0,No,No,Good,Unpaid,4,Not Dropout
S00602,17,Female,91,45,High,17.1,No,Yes,Good,Unpaid,5,Dropout
S00603,14,Male,69,30,Low,13.3,Yes,No,Poor,Unpaid,1,Dropout
S00604,11,Female,64,49,High,16.2,Yes,Yes,Poor,Unpaid,0,Dropout
S00605,12,Male,75,91,High,5.3,No,No,Good,Paid,5,Not Dropout
S00606,15,Female,57,98,Medium,2.2,No,No,Good,Overdue (3+ Months),1,Not Dropout
S00607,16,Male,39,88,Medium,8.8,No,No,Good,Paid,0,Not Dropout
S00608,13,Female,30,33,High,6.7,Yes,Yes,Average,Paid,5,Dropout
S00609,14,Male,76,44,Low,19.4,Yes,No,Average,Paid,5,Dropout
S00610,18,Male,58,74,Medium,10.1,Yes,No,Average,Paid,0,Not Dropout
S00611,13,Male,64,22,High,19.3,No,Yes,Poor,Overdue (3+ Months),5,Dropout
S00612,17,Female,80,98,Medium,1.2,No,Yes,Average,Paid,0,Not Dropout
S00613,18,Female,41,32,Low,19.9,Yes,No,Good,Unpaid,1,Dropout
S00614,16,Male,79,56,Medium,12.7,No,Yes,Average,Unpaid,3,Not Dropout
S00615,13,Male,44,24,Medium,18.7,Yes,Yes,Good,Unpaid,1,Dropout
S00616,11,Male,52,83,Medium,18.6,Yes,No,Poor,Paid,2,Not Dropout
S00617,17,Male,60,45,Low,19.2,No,No,Good,Paid,0,Not Dropout
S00618,14,Male,63,59,Low,18.3,No,Yes,Poor,Paid,4,Dropout
S00619,13,Female,34,99,Medium,7.1,Yes,No,Good,Unpaid,1,Not Dropout
S00620,16,Male,67,23,Low,2.9,No,No,Good,Paid,1,Not Dropout
S00621,11,Male,76,90,Low,17.9,No,No,Average,Paid,1,Not Dropout
S00622,13,Male,30,98,Low,16.0,No,No,Good,Paid,5,Not Dropout
S00623,15,Male,38,67,High,19.0,No,No,Poor,Unpaid,4,Dropout
S00624,18,Female,63,47,Medium,8.9,Yes,No,Average,Paid,1,Not Dropout
S00625,12,Female,32,95,Medium,4.3,No,No,Good,Paid,4,Not Dropout
S00626,15,Male,75,90,Medium,13.5,No,No,Average,Paid,4,Not Dropout
S00627,11,Male,59,87,Medium,14.5,Yes,Yes,Good,Paid,5,Not Dropout
S00628,18,Female,67,63,High,18.3,Yes,No,Good,Overdue (3+ Months),2,Not Dropout
S00629,13,Female,68,76,Low,3.5,Yes,Yes,Poor,Paid,1,Dropout
S00630,12,Female,50,99,Medium,14.0,Yes,No,Average,Paid,3,Not Dropout
S00631,16,Female,74,64,High,14.3,No,No,Good,Paid,4,Not Dropout
S00632,14,Female,72,47,Low,17.9,Yes,No,Average,Paid,1,Not Dropout
S00633,16,Male,32,36,Low,8.5,Yes,Yes,Poor,Overdue (3+ Months),3,Dropout
S00634,15,Female,43,94,Medium,2.1,No,No,Average,Paid,5,Not Dropout
S00635,14,Male,68,84,Low,6.6,No,No,Poor,Paid,0,Not Dropout
S00636,15,Female,37,84,High,5.6,No,Yes,Average,Overdue (3+ Months),1,Not Dropout
S00637,14,Male,39,20,Medium,17.2,Yes,Yes,Average,Paid,4,Dropout
S00638,13,Female,65,27,Medium,18.8,Yes,No,Good,Unpaid,4,Dropout
S00639,13,Female,71,56,Low,18.9,No,No,Average,Unpaid,4,Not Dropout
S00640,14,Female,52,32,High,5.5,Yes,Yes,Good,Unpaid,5,Dropout
S00641,11,Male,58,93,Low,7.7,No,Yes,Average,Paid,1,Not Dropout
S00642,12,Male,63,49,Medium,12.1,No,No,Average,Paid,2,Not Dropout
S00643,15,Male,75,54,High,5.3,Yes,No,Good,Paid,2,Not Dropout
S00644,13,Female,73,75,Medium,17.1,Yes,Yes,Average,Paid,2,Not Dropout
S00645,16,Female,93,30,Low,11.5,Yes,No,Average,Overdue (3+ Months),0,Dropout
S00646,18,Male,85,67,High,6.4,No,Yes,Poor,Paid,4,Not Dropout
S00647,13,Female,62,40,High,7.3,No,Yes,Average,Paid,4,Not Dropout
S00648,13,Female,93,99,Medium,2.2,No,Yes,Good,Paid,0,Not Dropout
S00649,17,Male,63,43,Low,1.1,No,No,Good,Paid,4,Not Dropout
S00650,16,Female,81,30,High,8.0,No,No,Average,Paid,0,Not Dropout
S00651,12,Male,67,40,Medium,5.6,No,Yes,Average,Paid,1,Not Dropout
S00652,16,Male,32,53,Medium,11.2,No,Yes,Average,Unpaid,0,Not Dropout
S00653,18,Male,82,49,High,7.0,Yes,Yes,Average,Unpaid,4,Dropout
S00654,16,Male,53,82,Medium,4.4,Yes,No,Good,Unpaid,0,Not Dropout
S00655,12,Female,67,90,Low,10.4,Yes,No,Poor,Paid,0,Not Dropout
S00656,11,Female,38,50,Low,8.9,No,Yes,Good,Paid,5,Dropout
S00657,17,Female,69,91,Medium,2.3,Yes,No,Good,Unpaid,0,Not Dropout
S00658,14,Female,67,69,Medium,15.3,No,No,Average,Unpaid,3,Not Dropout
S00659,16,Male,68,30,Low,8.4,Yes,No,Good,Paid,0,Not Dropout
S00660,14,Female,90,39,High,12.6,No,No,Average,Paid,4,Not Dropout
S00661,14,Female,34,25,Medium,12.3,Yes,No,Average,Paid,2,Not Dropout
S00662,17,Female,85,84,High,10.5,No,No,Good,Paid,2,Not Dropout
S00663,17,Female,58,64,Low,0.7,Yes,No,Poor,Unpaid,3,Dropout
S00664,15,Female,69,48,Medium,9.3,Yes,No,Good,Paid,0,Not Dropout
S00665,17,Male,39,31,Medium,5.3,No,Yes,Poor,Paid,1,Dropout
S00666,12,Male,38,71,Medium,0.7,Yes,Yes,Good,Paid,4,Dropout
S00667,14,Female,76,38,Low,11.2,Yes,Yes,Average,Paid,3,Dropout
S00668,16,Female,46,85,High,18.6,No,No,Good,Paid,3,Not Dropout
S00669,15,Female,82,35,Medium,3.6,Yes,No,Good,Paid,0,Not Dropout
S00670,12,Male,85,62,Medium,3.6,Yes,Yes,Poor,Paid,4,Dropout
S00671,18,Male,43,52,High,5.5,No,Yes,Average,Overdue (3+ Months),5,Dropout
S00672,16,Male,61,74,Low,17.0,No,Yes,Average,Paid,2,Not Dropout
S00673,15,Male,42,81,High,3.4,No,Yes,Good,Unpaid,4,Dropout
S00674,12,Female,90,36,High,8.9,Yes,Yes,Good,Paid,1,Not Dropout
S00675,16,Female,33,51,High,14.9,Yes,No,Good,Unpaid,3,Not Dropout
S00676,14,Male,90,49,Medium,4.1,Yes,No,Average,Overdue (3+ Months),3,Not Dropout
S00677,11,Female,35,59,Medium,9.3,No,Yes,Average,Overdue (3+ Months),2,Not Dropout
S00678,15,Male,94,55,Medium,7.0,No,Yes,Good,Overdue (3+ Months),3,Not Dropout
S00679,13,Male,79,72,Medium,0.8,Yes,Yes,Good,Unpaid,4,Dropout
S00680,12,Female,68,77,Low,7.0,Yes,No,Good,Paid,1,Not Dropout
S00681,15,Male,47,65,High,7.7,No,No,Average,Paid,5,Not Dropout
S00682,16,Male,30,64,Low,12.7,Yes,No,Good,Paid,4,Dropout
S00683,12,Female,70,59,Medium,12.8,No,No,Average,Paid,0,Not Dropout
S00684,17,Male,40,92,High,2.1,No,Yes,Average,Paid,4,Not Dropout
S00685,14,Male,80,46,Medium,15.0,No,Yes,Average,Unpaid,5,Dropout
S00686,17,Female,44,33,High,12.5,Yes,No,Good,Overdue (3+ Months),2,Dropout
S00687,17,Female,54,59,High,15.1,No,No,Good,Paid,4,Not Dropout
S00688,11,Male,69,78,Low,4.2,No,Yes,Good,Paid,0,Not Dropout
S00689,17,Male,86,79,High,8.2,Yes,Yes,Good,Paid,5,Not Dropout
S00690,18,Male,57,59,High,8.2,No,No,Poor,Paid,0,Not Dropout
S00691,12,Male,87,96,High,5.4,Yes,Yes,Average,Paid,2,Not Dropout
S00692,11,Female,62,70,Medium,12.2,No,No,Average,Paid,2,Not Dropout
S00693,18,Male,91,45,High,13.8,No,No,Good,Unpaid,5,Not Dropout
S00694,13,Female,97,51,High,18.3,Yes,No,Average,Overdue (3+ Months),0,Not Dropout
S00695,13,Male,86,22,Medium,16.2,No,Yes,Good,Paid,5,Not Dropout
S00696,14,Male,83,35,Medium,16.2,Yes,No,Poor,Paid,5,Dropout
S00697,11,Female,47,56,Medium,7.6,Yes,Yes,Poor,Unpaid,5,Dropout
S00698,16,Male,50,20,Medium,10.8,Yes,No,Average,Paid,2,Not Dropout
S00699,11,Female,80,83,Low,9.2,Yes,No,Good,Unpaid,4,Dropout
S00700,17,Female,89,64,Medium,8.8,Yes,Yes,Good,Unpaid,5,Dropout
S00701,13,Female,67,46,High,2.7,Yes,Yes,Good,Unpaid,5,Dropout
S00702,13,Female,98,42,High,17.8,Yes,No,Good,Paid,5,Not Dropout
S00703,16,Male,59,28,Medium,15.2,No,Yes,Good,Unpaid,3,Not Dropout
S00704,17,Male,60,100,High,6.9,No,Yes,Average,Paid,2,Not Dropout
S00705,11,Female,89,61,High,4.6,No,No,Average,Paid,4,Not Dropout
S00706,11,Male,94,56,Low,7.6,No,No,Average,Paid,4,Not Dropout
S00707,13,Male,83,66,High,14.1,Yes,No,Good,Paid,2,Not Dropout
S00708,16,Female,50,86,Medium,12.7,No,Yes,Good,Unpaid,0,Not Dropout
S00709,15,Male,74,69,High,14.3,Yes,Yes,Good,Paid,0,Not Dropout
S00710,17,Male,47,45,Low,6.7,Yes,Yes,Good,Paid,4,Dropout
S00711,18,Female,47,27,High,10.4,Yes,No,Good,Paid,1,Not Dropout
S00712,11,Male,72,29,Low,19.9,Yes,Yes,Average,Paid,1,Dropout
S00713,15,Male,53,53,Low,1.6,Yes,No,Good,Paid,1,Not Dropout
S00714,16,Male,64,47,High,12.7,No,No,Average,Unpaid,0,Not Dropout
S00715,12,Male,96,56,High,4.3,Yes,Yes,Good,Paid,3,Not Dropout
S00716,12,Female,76,71,High,4.6,No,Yes,Average,Paid,3,Not Dropout
S00717,18,Female,54,63,High,16.9,No,Yes,Good,Overdue (3+ Months),5,Not Dropout
S00718,15,Male,93,94,Medium,8.1,No,Yes,Good,Paid,1,Not Dropout
S00719,13,Male,42,80,High,12.4,No,No,Good,Unpaid,3,Not Dropout
S00720,16,Female,62,56,Low,12.2,Yes,Yes,Poor,Paid,1,Dropout
S00721,14,Female,33,51,Low,4.4,No,No,Good,Unpaid,2,Not Dropout
S00722,17,Female,36,55,Low,3.9,No,No,Good,Unpaid,0,Not Dropout
S00723,14,Male,93,58,High,0.6,No,No,Good,Paid,5,Not Dropout
S00724,11,Male,74,51,Low,16.1,No,Yes,Good,Unpaid,0,Not Dropout
S00725,17,Female,40,50,High,10.5,No,Yes,Poor,Paid,0,Not Dropout
S00726,11,Male,75,97,Medium,16.7,Yes,Yes,Poor,Unpaid,0,Dropout
S00727,11,Female,38,28,Low,1.0,No,No,Average,Paid,1,Not Dropout
S00728,16,Male,35,54,High,8.4,Yes,No,Average,Paid,3,Not Dropout
S00729,17,Male,78,80,Medium,14.4,No,Yes,Average,Paid,1,Not Dropout
S00730,11,Male,38,83,Low,13.2,No,No,Average,Paid,5,Not Dropout
S00731,17,Male,95,66,Medium,8.4,Yes,Yes,Good,Overdue (3+ Months),3,Not Dropout
S00732,12,Male,36,91,Medium,1.8,No,Yes,Good,Unpaid,1,Not Dropout
S00733,14,Female,38,37,Low,14.5,No,No,Poor,Overdue (3+ Months),0,Dropout
S00734,11,Female,30,81,High,4.3,No,No,Poor,Overdue (3+ Months),4,Dropout
S00735,18,Female,55,98,High,5.3,Yes,No,Average,Paid,0,Not Dropout
S00736,11,Male,86,21,Medium,2.4,Yes,No,Average,Unpaid,5,Dropout
S00737,11,Male,81,65,Medium,7.0,No,No,Good,Paid,4,Not Dropout
S00738,14,Female,48,69,Low,9.6,Yes,No,Average,Unpaid,2,Not Dropout
S00739,16,Female,60,55,Medium,2.1,No,Yes,Good,Unpaid,3,Not Dropout
S00740,16,Male,57,49,High,0.8,No,No,Poor,Paid,0,Not Dropout
S00741,16,Male,65,23,High,10.9,Yes,Yes,Good,Paid,0,Not Dropout
S00742,17,Female,42,71,Low,9.4,Yes,Yes,Good,Paid,4,Dropout
S00743,14,Male,81,97,High,7.7,Yes,Yes,Poor,Paid,1,Not Dropout
S00744,11,Male,88,59,Medium,2.7,No,No,Good,Overdue (3+ Months),3,Not Dropout
S00745,18,Male,34,77,Low,3.5,No,No,Good,Paid,2,Not Dropout
S00746,12,Male,95,78,High,18.1,Yes,Yes,Good,Unpaid,2,Not Dropout
S00747,11,Female,72,21,High,8.4,Yes,Yes,Good,Paid,2,Not Dropout
S00748,16,Female,56,68,High,10.4,Yes,No,Good,Paid,5,Not Dropout
S00749,14,Male,68,29,Medium,7.0,No,Yes,Average,Paid,2,Not Dropout
S00750,18,Female,58,34,Medium,4.4,No,No,Good,Paid,2,Not Dropout
S00751,11,Female,90,79,Low,1.6,No,Yes,Average,Overdue (3+ Months),0,Not Dropout
S00752,14,Female,97,72,High,15.7,Yes,No,Average,Paid,3,Not Dropout
S00753,15,Female,64,40,Medium,4.0,No,No,Average,Paid,5,Not Dropout
S00754,15,Female,57,55,Medium,1.1,Yes,No,Good,Unpaid,5,Not Dropout
S00755,14,Female,38,87,Low,5.7,No,No,Good,Paid,1,Not Dropout
S00756,11,Male,90,50,High,4.1,Yes,Yes,Average,Unpaid,1,Not Dropout
S00757,13,Female,63,92,Low,15.7,No,Yes,Average,Paid,5,Not Dropout
S00758,14,Male,58,89,Low,19.2,Yes,Yes,Average,Paid,0,Not Dropout
S00759,12,Female,37,45,High,13.0,No,Yes,Good,Paid,4,Dropout
S00760,18,Female,33,63,Low,10.6,Yes,No,Good,Paid,1,Not Dropout
S00761,18,Male,43,40,Low,16.9,Yes,Yes,Average,Paid,1,Dropout
S00762,17,Female,40,69,Low,19.1,No,No,Poor,Unpaid,2,Dropout
S00763,12,Female,62,25,Medium,12.3,No,No,Good,Paid,4,Not Dropout
S00764,12,Female,41,89,High,9.5,Yes,No,Good,Paid,4,Not Dropout
S00765,15,Male,45,95,Medium,8.7,Yes,No,Average,Paid,4,Not Dropout
S00766,11,Female,71,62,High,10.1,Yes,Yes,Poor,Paid,3,Not Dropout
S00767,17,Male,58,73,Low,19.8,No,Yes,Average,Paid,4,Not Dropout
S00768,14,Female,48,35,Low,6.7,Yes,No,Good,Overdue (3+ Months),0,Dropout
S00769,13,Male,88,42,High,12.3,Yes,No,Good,Paid,2,Not Dropout
S00770,14,Female,62,94,Low,11.2,No,No,Average,Paid,5,Not Dropout
S00771,11,Male,46,60,Low,13.1,Yes,No,Good,Paid,3,Not Dropout
S00772,17,Male,80,46,Low,14.1,No,No,Poor,Paid,1,Not Dropout
S00773,14,Female,53,29,High,5.0,No,Yes,Good,Paid,4,Not Dropout
S00774,17,Female,68,31,Medium,16.3,Yes,No,Good,Paid,2,Not Dropout
S00775,15,Male,61,91,High,2.0,No,Yes,Average,Paid,2,Not Dropout
S00776,15,Female,91,26,Low,8.7,Yes,Yes,Good,Paid,2,Dropout
S00777,16,Male,70,46,Low,12.8,Yes,Yes,Poor,Unpaid,5,Dropout
S00778,11,Female,60,53,Medium,12.1,No,Yes,Average,Paid,5,Not Dropout
S00779,15,Male,35,39,Medium,3.9,No,No,Good,Paid,5,Not Dropout
S00780,12,Male,95,29,Low,12.0,Yes,No,Good,Paid,1,Not Dropout
S00781,18,Female,57,86,Low,19.3,No,No,Good,Paid,3,Not Dropout
S00782,16,Male,47,91,High,15.4,No,Yes,Average,Overdue (3+ Months),0,Not Dropout
S00783,17,Female,83,65,Low,14.5,Yes,Yes,Poor,Paid,0,Dropout
S00784,17,Male,60,35,Medium,9.3,No,Yes,Good,Paid,0,Not Dropout
S00785,16,Male,74,40,Medium,17.4,Yes,Yes,Good,Unpaid,0,Dropout
S00786,15,Male,53,24,Low,14.6,No,Yes,Poor,Paid,1,Dropout
S00787,11,Male,39,76,High,10.4,Yes,No,Average,Paid,0,Not Dropout
S00788,15,Male,53,84,Low,13.7,No,Yes,Poor,Paid,2,Not Dropout
S00789,13,Male,44,64,Medium,4.1,No,Yes,Average,Paid,1,Not Dropout
S00790,13,Female,96,66,High,7.8,No,No,Good,Unpaid,3,Not Dropout
S00791,12,Female,31,88,High,16.0,Yes,No,Good,Overdue (3+ Months),3,Not Dropout
S00792,13,Female,97,59,High,16.1,Yes,No,Average,Unpaid,2,Not Dropout
S00793,12,Female,80,91,High,7.5,Yes,No,Good,Paid,2,Not Dropout
S00794,18,Female,71,81,Low,5.6,Yes,No,Poor,Paid,5,Dropout
S00795,11,Female,42,88,Low,14.0,No,No,Good,Paid,5,Not Dropout
S00796,14,Female,88,87,Medium,14.6,No,No,Average,Paid,2,Not Dropout
S00797,17,Female,92,58,Low,11.0,No,Yes,Poor,Overdue (3+ Months),3,Dropout
S00798,11,Female,93,63,Low,17.2,Yes,No,Average,Overdue (3+ Months),5,Dropout
S00799,16,Male,34,57,High,4.6,No,No,Good,Unpaid,5,Not Dropout
S00800,17,Male,62,62,Low,19.8,Yes,No,Poor,Paid,4,Dropout
S00801,16,Female,33,95,High,4.4,Yes,No,Good,Paid,1,Not Dropout
S00802,18,Female,34,21,Low,1.2,No,Yes,Good,Paid,5,Dropout
S00803,18,Female,58,96,High,13.5,Yes,Yes,Average,Paid,3,Not Dropout
S00804,17,Female,43,84,Medium,13.8,No,No,Good,Unpaid,0,Not Dropout
S00805,11,Male,58,42,Low,10.9,Yes,No,Good,Overdue (3+ Months),0,Dropout
S00806,11,Female,88,69,High,1.2,No,Yes,Average,Paid,3,Not Dropout
S00807,17,Male,44,39,High,17.1,No,No,Good,Paid,3,Not Dropout
S00808,16,Male,98,21,Medium,10.3,Yes,Yes,Good,Paid,1,Not Dropout
S00809,11,Female,83,42,Medium,16.3,Yes,Yes,Average,Paid,4,Dropout
S00810,17,Male,43,50,Medium,10.6,No,No,Poor,Paid,3,Not Dropout
S00811,14,Female,66,53,High,2.8,No,No,Average,Unpaid,3,Not Dropout
S00812,17,Male,38,77,High,6.3,Yes,No,Good,Overdue (3+ Months),2,Not Dropout
S00813,17,Female,80,89,High,6.1,Yes,No,Average,Overdue (3+ Months),3,Not Dropout
S00814,14,Female,78,63,Medium,9.5,No,No,Good,Unpaid,5,Not Dropout
S00815,16,Female,68,92,High,3.0,No,Yes,Good,Overdue (3+ Months),1,Not Dropout
S00816,17,Male,35,24,Medium,1.9,No,No,Good,Overdue (3+ Months),2,Not Dropout
S00817,17,Female,35,76,High,19.3,Yes,No,Average,Paid,2,Not Dropout
S00818,17,Female,98,61,Medium,14.6,No,No,Good,Overdue (3+ Months),1,Not Dropout
S00819,15,Male,31,74,Medium,3.8,No,No,Average,Paid,4,Not Dropout
S00820,17,Female,41,40,Medium,16.7,No,Yes,Good,Paid,2,Not Dropout
S00821,17,Female,91,69,High,13.5,Yes,No,Average,Paid,3,Not Dropout
S00822,18,Female,32,55,High,17.3,Yes,No,Average,Paid,1,Not Dropout
S00823,17,Female,71,93,High,1.7,Yes,No,Good,Paid,3,Not Dropout
S00824,17,Male,40,76,Low,1.0,No,No,Average,Paid,1,Not Dropout
S00825,17,Male,61,46,Medium,6.8,No,Yes,Average,Paid,2,Not Dropout
S00826,15,Male,58,41,Low,1.5,No,Yes,Poor,Overdue (3+ Months),4,Dropout
S00827,11,Female,63,96,Low,10.9,No,Yes,Good,Paid,1,Not Dropout
S00828,13,Female,59,63,Low,10.8,Yes,No,Average,Overdue (3+ Months),3,Not Dropout
S00829,16,Female,64,46,High,8.2,Yes,Yes,Good,Unpaid,3,Dropout
S00830,16,Male,67,67,High,10.4,Yes,Yes,Average,Unpaid,3,Not Dropout
S00831,14,Male,50,75,Medium,3.5,No,Yes,Average,Paid,5,Not Dropout
S00832,18,Male,37,82,Medium,1.4,No,No,Poor,Paid,1,Not Dropout
S00833,14,Male,54,72,Low,4.3,No,Yes,Average,Paid,1,Not Dropout
S00834,17,Female,81,63,High,10.7,Yes,No,Average,Paid,1,Not Dropout
S00835,17,Female,89,47,Medium,13.2,No,No,Good,Overdue (3+ Months),0,Not Dropout
S00836,12,Female,86,78,Medium,8.4,No,Yes,Good,Paid,5,Not Dropout
S00837,11,Female,64,76,Medium,13.5,No,No,Poor,Overdue (3+ Months),0,Not Dropout
S00838,17,Female,36,28,Medium,0.9,No,No,Good,Paid,3,Not Dropout
S00839,17,Female,43,58,Medium,10.1,No,No,Good,Paid,2,Not Dropout
S00840,17,Male,68,32,Medium,10.6,Yes,Yes,Good,Unpaid,0,Dropout
S00841,11,Female,94,72,High,10.0,Yes,Yes,Good,Paid,1,Not Dropout
S00842,11,Female,54,98,High,3.0,Yes,Yes,Average,Unpaid,1,Not Dropout
S00843,17,Male,46,22,High,17.0,No,Yes,Good,Paid,5,Not Dropout
S00844,15,Male,97,45,Low,19.3,Yes,Yes,Average,Unpaid,2,Dropout
S00845,12,Female,93,40,High,3.8,Yes,Yes,Good,Paid,2,Not Dropout
S00846,17,Female,53,43,High,9.2,Yes,Yes,Average,Overdue (3+ Months),0,Dropout
S00847,13,Male,76,97,Medium,11.7,Yes,Yes,Poor,Paid,1,Not Dropout
S00848,12,Male,52,49,High,17.0,Yes,No,Average,Paid,4,Not Dropout
S00849,17,Male,75,84,Low,6.9,No,No,Poor,Paid,3,Not Dropout
S00850,15,Male,78,99,High,1.2,No,Yes,Average,Overdue (3+ Months),5,Not Dropout
S00851,14,Male,69,25,Medium,2.8,No,Yes,Average,Paid,5,Not Dropout
S00852,15,Male,44,24,Low,15.1,No,Yes,Good,Paid,5,Dropout
S00853,11,Female,66,27,Medium,2.0,No,Yes,Average,Paid,4,Not Dropout
S00854,13,Male,79,85,High,5.5,Yes,No,Good,Overdue (3+ Months),1,Not Dropout
S00855,18,Male,92,88,Medium,2.0,Yes,Yes,Good,Paid,3,Not Dropout
S00856,13,Female,90,100,Low,10.4,Yes,Yes,Good,Paid,2,Not Dropout
S00857,12,Female,97,68,Medium,12.8,No,Yes,Good,Unpaid,2,Not Dropout
S00858,11,Male,88,57,Medium,8.7,Yes,No,Poor,Paid,2,Not Dropout
S00859,12,Female,87,99,Low,9.9,Yes,Yes,Poor,Unpaid,0,Dropout
S00860,12,Male,89,79,Low,12.3,Yes,Yes,Average,Unpaid,4,Dropout
S00861,17,Male,72,64,Medium,0.7,No,Yes,Poor,Overdue (3+ Months),4,Dropout
S00862,14,Female,82,58,Medium,12.2,Yes,Yes,Average,Unpaid,5,Dropout
S00863,14,Female,56,32,Medium,7.7,Yes,Yes,Good,Paid,0,Not Dropout
S00864,14,Male,57,37,High,17.1,Yes,Yes,Average,Overdue (3+ Months),3,Dropout
S00865,15,Male,62,46,High,8.7,No,Yes,Good,Paid,3,Not Dropout
S00866,14,Male,84,94,High,17.4,Yes,No,Average,Overdue (3+ Months),3,Not Dropout
S00867,18,Female,41,83,Low,19.2,Yes,Yes,Good,Unpaid,5,Dropout
S00868,12,Male,43,69,High,2.8,No,No,Good,Paid,3,Not Dropout
S00869,13,Female,48,43,Medium,13.2,Yes,Yes,Average,Paid,5,Dropout
S00870,18,Female,36,33,High,17.7,Yes,No,Average,Overdue (3+ Months),1,Dropout
S00871,15,Male,36,63,High,14.0,No,Yes,Poor,Overdue (3+ Months),0,Dropout
S00872,15,Male,77,85,Low,6.5,No,Yes,Poor,Unpaid,0,Dropout
S00873,18,Female,78,66,High,9.3,Yes,Yes,Good,Paid,1,Not Dropout
S00874,18,Male,53,68,Low,13.1,No,Yes,Good,Paid,1,Not Dropout
S00875,15,Female,80,89,Low,3.7,Yes,Yes,Average,Paid,0,Not Dropout
S00876,18,Male,77,50,Medium,19.3,Yes,No,Poor,Unpaid,2,Not Dropout
S00877,16,Female,83,43,High,15.0,Yes,No,Good,Paid,3,Not Dropout
S00878,13,Female,97,58,Low,2.0,No,No,Good,Paid,1,Not Dropout
S00879,12,Female,98,90,Medium,8.8,No,Yes,Good,Unpaid,5,Not Dropout
S00880,17,Male,80,77,High,7.1,No,No,Good,Paid,3,Not Dropout
S00881,17,Female,73,92,High,8.2,No,No,Poor,Paid,1,Not Dropout
S00882,11,Female,59,58,High,4.3,Yes,No,Poor,Paid,4,Not Dropout
S00883,18,Female,95,21,Medium,4.0,No,Yes,Average,Paid,4,Not Dropout
S00884,14,Male,34,65,Medium,19.1,Yes,Yes,Good,Paid,2,Not Dropout
S00885,17,Male,97,79,High,16.6,Yes,No,Average,Paid,5,Not Dropout
S00886,17,Male,60,91,Low,0.8,Yes,Yes,Average,Overdue (3+ Months),5,Dropout
S00887,16,Female,34,39,High,7.4,No,No,Good,Overdue (3+ Months),5,Dropout
S00888,11,Female,96,83,High,1.1,No,Yes,Good,Paid,4,Not Dropout
S00889,17,Male,87,59,Medium,6.4,Yes,Yes,Good,Paid,0,Not Dropout
S00890,17,Male,90,62,High,5.2,Yes,Yes,Good,Unpaid,1,Not Dropout
S00891,15,Female,59,38,Low,12.5,No,No,Good,Paid,2,Not Dropout
S00892,13,Female,55,31,Low,12.4,Yes,Yes,Good,Paid,3,Dropout
S00893,15,Female,65,79,Low,10.9,No,Yes,Average,Overdue (3+ Months),3,Not Dropout
S00894,13,Male,65,28,Medium,9.5,Yes,Yes,Good,Paid,1,Not Dropout
S00895,16,Female,33,76,Low,2.2,Yes,No,Average,Paid,1,Not Dropout
S00896,11,Female,57,97,High,15.2,No,No,Good,Overdue (3+ Months),1,Not Dropout
S00897,15,Female,79,100,Medium,8.5,Yes,No,Good,Unpaid,1,Not Dropout
S00898,16,Female,95,69,Low,8.1,Yes,Yes,Good,Unpaid,3,Dropout
S00899,14,Female,53,20,High,16.6,No,Yes,Good,Paid,3,Not Dropout
S00900,15,Female,54,70,Medium,1.6,No,Yes,Poor,Paid,4,Not Dropout
S00901,14,Female,68,75,Low,4.5,No,Yes,Good,Paid,2,Not Dropout
S00902,16,Male,69,24,Medium,8.9,Yes,No,Poor,Paid,3,Not Dropout
S00903,17,Female,82,66,Medium,14.3,No,Yes,Poor,Paid,3,Not Dropout
S00904,12,Female,89,43,Medium,10.9,Yes,Yes,Good,Unpaid,3,Dropout
S00905,14,Male,88,38,Medium,16.8,No,Yes,Good,Unpaid,4,Dropout
S00906,14,Male,91,79,Medium,9.2,Yes,Yes,Good,Paid,5,Not Dropout
S00907,13,Male,68,59,Low,1.1,No,Yes,Average,Paid,0,Not Dropout
S00908,12,Male,42,20,High,6.7,No,Yes,Average,Paid,2,Not Dropout
S00909,18,Male,43,49,Medium,16.2,No,No,Good,Overdue (3+ Months),5,Dropout
S00910,11,Female,66,67,Low,6.1,Yes,No,Poor,Paid,1,Not Dropout
S00911,14,Male,66,87,Low,11.7,Yes,No,Good,Unpaid,0,Not Dropout
S00912,17,Female,30,27,Low,9.4,Yes,No,Average,Paid,3,Dropout
S00913,15,Female,98,64,Low,2.5,Yes,Yes,Good,Paid,3,Not Dropout
S00914,15,Male,76,59,Low,5.4,No,Yes,Good,Paid,3,Not Dropout
S00915,15,Male,90,49,High,10.8,No,No,Average,Overdue (3+ Months),5,Not Dropout
S00916,16,Female,78,30,Medium,19.2,Yes,No,Good,Unpaid,3,Not Dropout
S00917,14,Female,89,65,Medium,1.9,Yes,Yes,Good,Paid,3,Not Dropout
S00918,14,Female,39,57,Low,16.8,Yes,No,Average,Paid,0,Not Dropout
S00919,16,Female,36,77,Low,16.0,No,Yes,Good,Paid,0,Not Dropout
S00920,12,Female,44,77,Medium,17.6,Yes,No,Good,Unpaid,2,Not Dropout
S00921,17,Male,87,48,High,4.8,Yes,Yes,Good,Paid,0,Not Dropout
S00922,16,Male,33,39,High,15.7,No,No,Good,Unpaid,4,Dropout
S00923,14,Female,93,35,Medium,16.9,No,Yes,Poor,Paid,2,Not Dropout
S00924,14,Male,54,26,Medium,6.4,No,No,Average,Paid,3,Not Dropout
S00925,11,Male,59,87,Medium,13.2,No,Yes,Poor,Paid,4,Not Dropout
S00926,12,Male,65,87,Medium,16.8,No,Yes,Poor,Unpaid,3,Not Dropout
S00927,17,Female,63,34,Low,17.8,Yes,Yes,Good,Overdue (3+ Months),4,Dropout
S00928,11,Male,96,96,High,3.2,Yes,No,Poor,Paid,1,Not Dropout
S00929,18,Female,66,53,Low,13.7,No,Yes,Poor,Unpaid,5,Dropout
S00930,18,Female,69,93,Low,1.7,No,Yes,Good,Paid,4,Not Dropout
S00931,18,Male,45,87,Low,10.6,Yes,No,Average,Unpaid,2,Not Dropout
S00932,16,Male,37,40,Low,15.4,No,Yes,Poor,Paid,1,Dropout
S00933,11,Female,77,43,High,18.7,No,Yes,Poor,Paid,0,Not Dropout
S00934,12,Female,72,76,High,15.2,No,No,Average,Unpaid,1,Not Dropout
S00935,18,Female,50,66,Low,2.2,Yes,No,Average,Paid,5,Not Dropout
S00936,13,Female,51,43,Low,13.1,Yes,No,Good,Unpaid,4,Dropout
S00937,14,Female,38,29,Medium,14.1,Yes,No,Good,Paid,1,Not Dropout
S00938,12,Male,71,54,Low,9.7,Yes,Yes,Good,Paid,5,Dropout
S00939,16,Female,53,77,Low,10.3,Yes,No,Poor,Paid,3,Not Dropout
S00940,11,Female,32,84,Low,13.7,No,Yes,Good,Paid,2,Not Dropout
S00941,13,Male,41,43,High,19.9,No,Yes,Good,Unpaid,3,Dropout
S00942,13,Male,89,85,Medium,16.0,Yes,Yes,Good,Paid,4,Not Dropout
S00943,11,Male,46,71,High,6.6,No,No,Good,Paid,0,Not Dropout
S00944,15,Female,82,64,Low,4.2,No,No,Good,Paid,2,Not Dropout
S00945,13,Female,67,39,Low,3.7,No,No,Good,Paid,1,Not Dropout
S00946,16,Male,30,33,High,9.7,Yes,No,Good,Paid,3,Not Dropout
S00947,15,Male,78,65,Low,4.2,Yes,No,Average,Paid,0,Not Dropout
S00948,14,Female,43,87,Medium,9.3,No,No,Good,Paid,3,Not Dropout
S00949,15,Female,48,24,Low,17.5,No,No,Average,Paid,1,Not Dropout
S00950,17,Male,70,65,High,13.0,No,No,Good,Paid,2,Not Dropout
S00951,17,Male,84,48,Low,8.8,No,No,Poor,Overdue (3+ Months),3,Dropout
S00952,17,Female,88,29,Medium,12.5,No,Yes,Good,Paid,5,Not Dropout
S00953,11,Male,64,96,Low,14.9,Yes,Yes,Average,Paid,1,Not Dropout
S00954,14,Male,50,70,High,16.5,Yes,Yes,Average,Paid,2,Not Dropout
S00955,15,Male,75,25,Low,17.3,No,No,Good,Overdue (3+ Months),4,Dropout
S00956,17,Female,91,23,Low,5.8,No,Yes,Good,Overdue (3+ Months),3,Dropout
S00957,17,Male,79,34,Medium,19.7,No,Yes,Good,Paid,5,Not Dropout
S00958,11,Female,67,96,Medium,11.9,No,No,Average,Paid,4,Not Dropout
S00959,13,Male,74,54,Medium,3.1,Yes,Yes,Good,Paid,5,Not Dropout
S00960,12,Female,81,68,Medium,3.9,No,Yes,Average,Paid,5,Not Dropout
S00961,17,Female,89,69,Medium,20.0,Yes,No,Average,Paid,2,Not Dropout
S00962,18,Male,39,37,Low,4.4,No,Yes,Poor,Overdue (3+ Months),1,Dropout
S00963,18,Male,34,81,Medium,19.7,Yes,Yes,Average,Paid,3,Not Dropout
S00964,18,Male,35,67,High,6.2,No,No,Average,Paid,0,Not Dropout
S00965,18,Female,44,29,High,16.6,Yes,No,Average,Unpaid,2,Dropout
S00966,11,Female,57,39,Low,4.6,No,Yes,Poor,Paid,4,Dropout
S00967,13,Female,45,54,Medium,2.8,No,No,Average,Paid,4,Not Dropout
S00968,13,Male,55,57,High,19.3,No,No,Poor,Paid,4,Not Dropout
S00969,18,Male,83,88,High,12.7,Yes,Yes,Average,Unpaid,4,Dropout
S00970,15,Female,34,77,Medium,2.7,No,Yes,Average,Paid,0,Not Dropout
S00971,14,Male,87,72,High,7.6,No,No,Average,Unpaid,4,Not Dropout
S00972,17,Male,40,46,Medium,9.2,Yes,Yes,Average,Paid,1,Dropout
S00973,15,Male,63,55,High,5.3,Yes,Yes,Poor,Paid,1,Not Dropout
S00974,13,Female,49,93,Low,2.0,No,No,Good,Paid,5,Not Dropout
S00975,18,Male,68,43,Medium,19.3,Yes,Yes,Poor,Paid,0,Dropout
S00976,16,Male,59,42,Medium,4.2,Yes,Yes,Average,Unpaid,0,Dropout
S00977,12,Male,61,36,Low,1.0,Yes,No,Average,Paid,2,Not Dropout
S00978,13,Male,72,64,High,2.6,No,Yes,Good,Paid,0,Not Dropout
S00979,11,Female,66,50,Low,13.9,Yes,Yes,Poor,Paid,3,Dropout
S00980,12,Female,69,78,Low,19.6,No,Yes,Poor,Overdue (3+ Months),1,Dropout
S00981,16,Female,57,21,High,11.8,No,Yes,Good,Paid,5,Not Dropout
S00982,12,Female,71,75,Medium,0.6,No,No,Good,Paid,0,Not Dropout
S00983,14,Male,38,40,Low,3.7,No,Yes,Average,Paid,2,Dropout
S00984,17,Male,73,24,Low,3.6,No,No,Average,Paid,4,Not Dropout
S00985,16,Male,40,75,High,1.2,No,Yes,Good,Overdue (3+ Months),1,Not Dropout
S00986,15,Male,90,56,Medium,19.5,Yes,Yes,Good,Paid,3,Not Dropout
S00987,11,Female,68,29,Low,2.4,No,No,Average,Overdue (3+ Months),5,Dropout
S00988,18,Female,92,90,Medium,12.6,No,Yes,Average,Paid,1,Not Dropout
S00989,11,Female,79,83,High,0.9,No,No,Average,Overdue (3+ Months),4,Not Dropout
S00990,13,Male,41,60,Medium,3.3,Yes,No,Good,Paid,0,Not Dropout
S00991,12,Female,89,88,High,4.4,Yes,Yes,Average,Paid,0,Not Dropout
S00992,12,Female,53,34,Medium,9.6,No,No,Average,Paid,3,Not Dropout
S00993,12,Female,98,40,Medium,14.1,No,No,Poor,Unpaid,4,Dropout
S00994,11,Female,96,67,Medium,3.5,No,No,Average,Unpaid,4,Not Dropout
S00995,12,Male,31,54,Low,8.0,No,No,Good,Paid,2,Not Dropout
S00996,12,Male,68,21,Low,13.1,No,Yes,Good,Overdue (3+ Months),4,Dropout
S00997,18,Male,33,28,Medium,13.2,Yes,No,Good,Overdue (3+ Months),1,Dropout
S00998,16,Male,64,76,High,17.5,No,Yes,Poor,Paid,4,Not Dropout
S00999,13,Female,63,25,Low,14.4,No,Yes,Good,Unpaid,5,Dropout
S01000,13,Female,74,100,High,18.9,Yes,Yes,Average,Overdue (3+ Months),1,Not Dropout
S01001,18,Male,82,74,Low,10.7,No,Yes,Average,Unpaid,0,Not Dropout
S01002,15,Male,91,49,High,3.9,Yes,No,Poor,Unpaid,0,Dropout
S01003,18,Female,37,24,Medium,9.8,Yes,Yes,Average,Paid,1,Dropout
S01004,12,Male,56,93,Low,6.9,Yes,No,Good,Paid,4,Not Dropout
S01005,11,Male,93,95,Low,12.9,Yes,No,Good,Paid,2,Not Dropout
S01006,18,Male,88,97,Low,13.0,No,Yes,Good,Paid,1,Not Dropout
S01007,17,Female,33,96,Medium,8.5,Yes,No,Good,Paid,5,Not Dropout
S01008,16,Female,63,65,Low,17.6,No,Yes,Average,Paid,5,Not Dropout
S01009,17,Female,43,79,High,13.3,No,Yes,Good,Overdue (3+ Months),3,Not Dropout
S01010,11,Male,62,73,High,7.4,No,No,Good,Paid,0,Not Dropout
S01011,16,Female,49,59,Medium,5.5,No,Yes,Average,Overdue (3+ Months),1,Not Dropout
S01012,16,Male,31,55,High,0.9,No,Yes,Good,Paid,4,Not Dropout
S01013,17,Female,56,55,Low,1.9,No,No,Poor,Paid,0,Not Dropout
S01014,15,Male,69,54,Medium,18.9,No,No,Average,Paid,4,Not Dropout
S01015,14,Female,86,38,Low,18.8,Yes,Yes,Good,Overdue (3+ Months),4,Dropout
S01016,18,Female,86,35,Medium,16.4,No,Yes,Average,Paid,4,Not Dropout
S01017,18,Female,57,78,High,14.5,Yes,No,Poor,Unpaid,3,Not Dropout
S01018,11,Male,41,93,Medium,11.7,No,No,Average,Paid,2,Not Dropout
S01019,12,Male,36,83,High,17.1,No,Yes,Good,Paid,0,Not Dropout
S01020,16,Male,93,67,Low,2.5,Yes,Yes,Average,Unpaid,5,Dropout
S01021,12,Male,89,39,High,1.5,Yes,No,Average,Paid,5,Not Dropout
S01022,18,Female,71,44,Low,6.6,No,No,Good,Overdue (3+ Months),0,Not Dropout
S01023,15,Female,45,45,Medium,9.6,No,Yes,Average,Paid,4,Not Dropout
S01024,15,Male,67,20,Medium,13.6,Yes,No,Average,Overdue (3+ Months),4,Dropout
S01025,15,Male,65,36,Medium,2.3,No,Yes,Good,Paid,4,Not Dropout
S01026,12,Male,87,55,High,3.8,Yes,No,Average,Overdue (3+ Months),4,Not Dropout
S01027,15,Female,43,48,Medium,1.6,Yes,Yes,Average,Overdue (3+ Months),2,Dropout
S01028,15,Female,66,52,Medium,5.2,No,Yes,Good,Paid,2,Not Dropout
S01029,11,Male,31,52,Low,6.6,No,Yes,Poor,Paid,2,Dropout
S01030,11,Male,72,28,Medium,5.2,No,No,Good,Unpaid,4,Not Dropout
S01031,13,Female,33,73,Low,10.9,No,Yes,Average,Paid,3,Not Dropout
S01032,12,Female,45,35,High,7.2,No,Yes,Good,Paid,2,Not Dropout
S01033,15,Female,50,99,High,9.7,No,Yes,Good,Paid,4,Not Dropout
S01034,15,Male,86,68,Low,1.1,Yes,Yes,Average,Unpaid,4,Dropout
S01035,18,Female,87,54,Medium,13.4,No,No,Average,Paid,3,Not Dropout
S01036,13,Female,98,46,Low,15.9,No,No,Average,Paid,4,Not Dropout
S01037,16,Female,34,61,Medium,0.5,Yes,Yes,Good,Paid,5,Dropout
S01038,12,Male,60,69,Low,19.6,Yes,No,Good,Paid,3,Not Dropout
S01039,17,Female,79,53,Low,3.9,No,Yes,Good,Unpaid,4,Dropout
S01040,17,Male,79,90,Medium,11.5,No,Yes,Good,Paid,1,Not Dropout
S01041,16,Male,79,92,Low,10.3,Yes,Yes,Good,Paid,1,Not Dropout
S01042,14,Female,94,38,High,7.6,No,Yes,Good,Unpaid,0,Not Dropout
S01043,16,Male,77,37,Low,10.3,Yes,No,Poor,Unpaid,0,Dropout
S01044,15,Female,37,22,Low,14.6,No,Yes,Average,Paid,5,Dropout
S01045,17,Male,64,70,High,15.8,Yes,Yes,Good,Paid,5,Not Dropout
S01046,17,Female,56,83,Low,19.1,Yes,No,Good,Paid,5,Not Dropout
S01047,17,Male,76,24,Low,5.1,No,Yes,Good,Paid,4,Dropout
S01048,13,Male,36,93,High,5.0,No,Yes,Good,Paid,3,Not Dropout
S01049,13,Female,66,90,Medium,6.8,Yes,Yes,Poor,Overdue (3+ Months),2,Dropout
S01050,12,Female,90,65,Medium,8.0,No,No,Good,Paid,1,Not Dropout
S01051,13,Female,49,48,High,10.6,Yes,No,Good,Paid,1,Not Dropout
S01052,17,Female,58,92,Medium,1.9,Yes,No,Poor,Paid,3,Not Dropout
S01053,11,Female,46,58,Low,12.3,Yes,No,Good,Paid,3,Not Dropout
S01054,18,Female,81,90,Low,15.1,No,Yes,Poor,Paid,4,Dropout
S01055,17,Female,41,56,Medium,6.6,Yes,No,Poor,Paid,1,Not Dropout
S01056,11,Male,56,22,Medium,4.6,Yes,Yes,Average,Paid,0,Not Dropout
S01057,17,Male,58,40,Medium,8.1,No,Yes,Average,Paid,1,Not Dropout
S01058,14,Male,37,79,High,17.1,No,No,Good,Overdue (3+ Months),1,Not Dropout
S01059,11,Female,70,97,High,14.4,No,Yes,Poor,Paid,1,Not Dropout
S01060,12,Male,65,83,Medium,8.3,Yes,Yes,Good,Overdue (3+ Months),0,Not Dropout
S01061,15,Female,82,31,High,1.7,Yes,No,Average,Paid,2,Not Dropout
S01062,18,Female,43,54,Medium,19.9,No,No,Good,Paid,0,Not Dropout
S01063,12,Male,56,26,Medium,10.8,Yes,Yes,Good,Paid,0,Not Dropout
S01064,16,Male,84,68,Medium,2.9,No,Yes,Poor,Paid,2,Not Dropout
S01065,14,Male,84,27,Medium,18.8,No,No,Average,Unpaid,3,Not Dropout
S01066,15,Male,35,91,Low,3.1,Yes,Yes,Average,Paid,5,Dropout
S01067,11,Female,70,31,Medium,14.8,No,No,Poor,Paid,3,Not Dropout
S01068,15,Female,86,49,Medium,11.5,Yes,Yes,Average,Paid,2,Not Dropout
S01069,14,Female,72,83,Medium,0.9,No,No,Good,Paid,1,Not Dropout
S01070,16,Male,50,75,Medium,12.6,Yes,Yes,Average,Paid,5,Not Dropout
S01071,16,Male,31,41,High,7.9,Yes,Yes,Average,Unpaid,1,Dropout
S01072,15,Female,53,61,Medium,18.7,Yes,Yes,Good,Unpaid,0,Not Dropout
S01073,12,Female,56,30,High,16.8,Yes,Yes,Average,Unpaid,5,Dropout
S01074,14,Male,32,62,Low,2.3,Yes,Yes,Good,Unpaid,1,Dropout
S01075,15,Male,78,49,High,16.9,Yes,Yes,Poor,Paid,1,Dropout
S01076,13,Female,41,97,High,3.8,Yes,Yes,Poor,Paid,5,Dropout
S01077,15,Male,54,28,Medium,1.6,No,Yes,Good,Unpaid,1,Not Dropout
S01078,12,Male,51,61,Low,6.1,Yes,Yes,Average,Paid,3,Not Dropout
S01079,11,Female,38,41,High,14.0,No,Yes,Good,Paid,4,Dropout
S01080,15,Female,86,72,High,11.6,Yes,Yes,Average,Unpaid,4,Dropout
S01081,15,Male,75,62,Low,2.8,Yes,No,Average,Paid,0,Not Dropout
S01082,17,Male,66,21,High,19.4,Yes,No,Poor,Overdue (3+ Months),4,Dropout
S01083,18,Female,54,33,Medium,6.8,No,Yes,Good,Paid,2,Not Dropout
S01084,16,Female,82,52,High,9.5,No,No,Poor,Paid,0,Not Dropout
S01085,18,Female,45,45,Low,13.6,Yes,No,Good,Paid,2,Not Dropout
S01086,17,Female,76,48,Low,14.7,Yes,Yes,Average,Paid,2,Dropout
S01087,18,Male,63,94,Medium,11.7,Yes,Yes,Average,Paid,3,Not Dropout
S01088,16,Male,36,21,Low,6.8,No,Yes,Average,Overdue (3+ Months),3,Dropout
S01089,18,Male,43,74,Medium,11.3,No,No,Good,Unpaid,4,Not Dropout
S01090,13,Female,90,46,Low,14.1,No,No,Average,Paid,0,Not Dropout
S01091,12,Female,84,32,Low,8.0,No,No,Average,Paid,2,Not Dropout
S01092,12,Female,49,99,High,0.6,No,No,Average,Paid,1,Not Dropout
S01093,11,Male,42,67,Medium,4.6,Yes,Yes,Average,Paid,3,Not Dropout
S01094,17,Female,80,60,Medium,12.8,Yes,No,Poor,Unpaid,3,Not Dropout
S01095,13,Male,40,66,High,17.5,No,No,Average,Overdue (3+ Months),4,Not Dropout
S01096,18,Male,43,34,High,4.5,No,Yes,Good,Paid,0,Not Dropout
S01097,12,Male,56,34,Low,4.7,No,No,Poor,Unpaid,4,Dropout
S01098,17,Male,98,82,Medium,8.9,No,No,Average,Paid,3,Not Dropout
S01099,17,Male,63,57,High,18.0,Yes,Yes,Poor,Unpaid,0,Dropout
S01100,14,Female,80,42,Medium,5.4,Yes,No,Poor,Paid,5,Dropout
S01101,18,Female,85,99,Low,4.0,No,Yes,Poor,Paid,2,Not Dropout
S01102,14,Female,60,36,Medium,7.1,Yes,Yes,Poor,Paid,3,Dropout
S01103,15,Female,50,33,Low,18.3,No,No,Poor,Paid,5,Dropout
S01104,18,Male,45,42,Low,11.1,Yes,Yes,Average,Paid,3,Dropout
S01105,13,Female,57,50,Medium,5.2,Yes,No,Average,Unpaid,4,Not Dropout
S01106,12,Female,93,85,Low,10.5,Yes,No,Average,Paid,2,Not Dropout
S01107,13,Male,49,51,Medium,5.1,No,No,Average,Paid,5,Not Dropout
S01108,12,Male,69,20,Medium,16.8,No,Yes,Poor,Paid,0,Not Dropout
S01109,14,Male,95,85,Low,5.1,No,No,Average,Unpaid,1,Not Dropout
S01110,13,Male,87,32,Low,14.9,Yes,Yes,Good,Paid,5,Dropout
S01111,16,Male,72,55,Medium,1.6,Yes,Yes,Average,Paid,1,Not Dropout
S01112,15,Male,90,59,Medium,10.6,No,No,Average,Paid,2,Not Dropout
S01113,13,Female,82,50,High,11.2,No,No,Good,Overdue (3+ Months),3,Not Dropout
S01114,13,Female,42,84,Low,12.9,Yes,Yes,Good,Overdue (3+ Months),0,Dropout
S01115,12,Male,56,78,High,1.4,No,No,Good,Unpaid,0,Not Dropout
S01116,11,Male,74,44,Medium,14.0,Yes,No,Average,Paid,2,Not Dropout
S01117,17,Female,70,88,Low,14.0,No,Yes,Poor,Overdue (3+ Months),3,Dropout
S01118,14,Female,58,96,Medium,14.8,Yes,Yes,Average,Paid,0,Not Dropout
S01119,18,Female,53,38,Low,18.5,Yes,Yes,Good,Paid,0,Dropout
S01120,13,Female,38,95,High,8.0,Yes,Yes,Average,Paid,4,Dropout
S01121,14,Male,79,56,High,1.4,No,No,Poor,Paid,3,Not Dropout
S01122,18,Female,88,70,Medium,16.0,Yes,No,Good,Unpaid,1,Not Dropout
S01123,11,Female,49,35,High,12.6,No,Yes,Poor,Paid,5,Dropout
S01124,14,Female,39,43,Low,15.2,No,No,Average,Paid,0,Not Dropout
S01125,13,Male,30,67,Medium,18.7,No,Yes,Good,Paid,2,Not Dropout
S01126,12,Female,77,92,High,5.7,No,No,Average,Paid,3,Not Dropout
S01127,17,Male,69,88,High,17.2,Yes,Yes,Good,Paid,4,Not Dropout
S01128,14,Female,49,25,Low,13.2,Yes,Yes,Average,Paid,1,Dropout
S01129,11,Female,60,23,Medium,15.3,Yes,Yes,Poor,Overdue (3+ Months),5,Dropout
S01130,12,Male,36,88,Low,2.8,Yes,No,Poor,Paid,5,Dropout
S01131,13,Female,91,53,High,19.5,No,Yes,Good,Unpaid,1,Not Dropout
S01132,17,Female,40,75,Medium,17.8,Yes,No,Average,Paid,0,Not Dropout
S01133,13,Female,72,61,Low,3.8,Yes,No,Average,Paid,0,Not Dropout
S01134,16,Female,48,20,Medium,17.2,Yes,Yes,Average,Paid,0,Not Dropout
S01135,16,Female,72,81,High,4.9,No,No,Average,Overdue (3+ Months),5,Not Dropout
S01136,14,Female,87,25,High,11.4,No,Yes,Poor,Unpaid,5,Dropout
S01137,16,Male,75,97,Low,12.6,No,Yes,Average,Paid,3,Not Dropout
S01138,13,Female,77,76,Low,10.9,Yes,No,Average,Paid,3,Not Dropout
S01139,12,Female,78,39,Medium,13.6,Yes,No,Average,Paid,0,Not Dropout
S01140,14,Female,94,40,Medium,6.1,Yes,No,Good,Paid,3,Not Dropout
S01141,18,Female,91,62,High,16.8,No,Yes,Average,Paid,5,Not Dropout
S01142,18,Male,76,27,High,8.8,Yes,Yes,Average,Paid,4,Dropout
S01143,12,Male,63,64,Medium,3.0,Yes,No,Average,Paid,1,Not Dropout
S01144,17,Male,36,35,High,15.0,Yes,No,Average,Paid,4,Dropout
S01145,13,Female,30,94,Medium,10.3,Yes,Yes,Good,Paid,1,Not Dropout
S01146,11,Male,45,21,Medium,18.7,Yes,No,Good,Paid,5,Not Dropout
S01147,18,Female,31,56,High,3.3,No,No,Average,Paid,0,Not Dropout
S01148,15,Female,86,63,High,10.8,Yes,No,Average,Paid,2,Not Dropout
S01149,15,Female,33,86,High,8.4,Yes,Yes,Average,Paid,4,Dropout
S01150,18,Female,98,82,Low,14.1,No,Yes,Good,Paid,0,Not Dropout
S01151,13,Female,63,22,High,17.4,No,Yes,Average,Unpaid,0,Not Dropout
S01152,11,Female,71,46,Medium,11.8,No,No,Good,Paid,3,Not Dropout
S01153,18,Male,89,30,High,4.4,Yes,Yes,Good,Overdue (3+ Months),4,Dropout
S01154,14,Male,63,51,Medium,2.9,No,No,Good,Unpaid,5,Not Dropout
S01155,18,Female,72,32,Medium,16.7,No,No,Average,Unpaid,5,Not Dropout
S01156,16,Female,65,95,Low,15.1,No,No,Average,Overdue (3+ Months),1,Not Dropout
S01157,18,Female,89,51,Medium,4.1,No,Yes,Average,Unpaid,1,Not Dropout
S01158,18,Male,47,24,Medium,8.1,No,Yes,Average,Unpaid,1,Not Dropout
S01159,16,Female,64,93,High,11.7,Yes,Yes,Poor,Overdue (3+ Months),4,Dropout
S01160,15,Female,31,96,Medium,17.7,No,No,Average,Unpaid,4,Not Dropout
S01161,14,Male,64,52,Low,10.1,No,No,Average,Paid,1,Not Dropout
S01162,14,Female,62,71,High,17.4,Yes,Yes,Poor,Paid,5,Dropout
S01163,14,Female,63,94,High,17.7,Yes,Yes,Good,Paid,2,Not Dropout
S01164,12,Female,43,81,Low,15.7,No,No,Average,Overdue (3+ Months),0,Not Dropout
S01165,14,Male,61,37,High,16.2,Yes,Yes,Average,Overdue (3+ Months),0,Dropout
S01166,11,Male,96,49,Medium,18.2,No,Yes,Average,Unpaid,0,Not Dropout
S01167,18,Male,46,97,Medium,10.6,No,Yes,Good,Unpaid,2,Not Dropout
S01168,17,Female,86,25,Medium,4.3,Yes,No,Good,Overdue (3+ Months),3,Not Dropout
S01169,12,Male,48,59,High,6.2,Yes,No,Average,Unpaid,3,Not Dropout
S01170,12,Female,98,75,Medium,10.8,No,Yes,Poor,Unpaid,3,Not Dropout
S01171,18,Female,50,45,Low,0.6,Yes,No,Average,Unpaid,1,Dropout
S01172,14,Female,90,34,High,5.1,Yes,Yes,Good,Paid,0,Not Dropout
S01173,12,Male,52,37,Low,8.4,No,No,Good,Unpaid,2,Not Dropout
S01174,18,Male,90,50,High,17.7,No,Yes,Average,Paid,1,Not Dropout
S01175,15,Female,35,22,High,5.2,Yes,Yes,Good,Paid,0,Dropout
S01176,12,Female,52,35,High,11.0,Yes,Yes,Poor,Unpaid,5,Dropout
S01177,18,Female,83,85,High,15.6,No,Yes,Average,Unpaid,4,Not Dropout
S01178,18,Female,58,25,High,7.4,No,No,Average,Paid,2,Not Dropout
S01179,15,Male,43,77,Low,19.6,No,Yes,Average,Unpaid,4,Dropout
S01180,14,Female,50,69,Low,17.7,No,No,Average,Paid,4,Not Dropout
S01181,15,Male,74,69,Low,14.6,No,Yes,Good,Paid,0,Not Dropout
S01182,14,Female,31,36,Medium,16.1,Yes,Yes,Good,Unpaid,2,Dropout
S01183,12,Female,61,22,Medium,9.2,Yes,No,Good,Overdue (3+ Months),3,Not Dropout
S01184,17,Male,94,38,Medium,13.6,Yes,Yes,Average,Paid,5,Dropout
S01185,17,Male,40,29,Medium,14.1,Yes,Yes,Average,Paid,2,Dropout
S01186,18,Female,40,27,Low,17.6,No,Yes,Average,Paid,5,Dropout
S01187,16,Female,49,56,High,9.9,No,Yes,Poor,Paid,2,Not Dropout
S01188,15,Male,50,87,Low,13.6,No,Yes,Average,Overdue (3+ Months),2,Not Dropout
S01189,11,Male,30,82,Low,4.0,No,No,Good,Paid,1,Not Dropout
S01190,18,Female,80,60,Medium,5.5,Yes,Yes,Good,Paid,5,Not Dropout
S01191,17,Female,78,80,Low,14.7,Yes,No,Average,Paid,2,Not Dropout
S01192,15,Female,82,68,Low,18.2,No,No,Average,Paid,3,Not Dropout
S01193,15,Male,48,39,Low,16.2,No,Yes,Good,Unpaid,2,Dropout
S01194,13,Male,52,81,Low,15.7,Yes,Yes,Poor,Paid,5,Dropout
S01195,16,Female,95,69,Medium,18.1,No,No,Good,Paid,3,Not Dropout
S01196,16,Male,44,52,Medium,14.3,Yes,Yes,Good,Paid,5,Dropout
S01197,18,Male,98,55,Medium,17.1,No,Yes,Average,Paid,1,Not Dropout
S01198,11,Male,91,24,Low,13.9,No,No,Good,Unpaid,2,Not Dropout
S01199,11,Male,60,47,Low,12.4,No,No,Average,Paid,0,Not Dropout
S01200,11,Female,75,29,High,6.6,Yes,Yes,Good,Unpaid,0,Dropout
S01201,17,Male,61,67,Low,7.2,No,Yes,Good,Unpaid,5,Dropout
S01202,17,Male,37,54,High,8.6,Yes,No,Good,Overdue (3+ Months),2,Not Dropout
S01203,11,Female,54,36,Medium,10.6,No,No,Good,Unpaid,2,Not Dropout
S01204,15,Male,58,29,Medium,9.5,No,Yes,Average,Paid,5,Not Dropout
S01205,11,Female,81,48,Medium,9.5,Yes,No,Good,Paid,4,Not Dropout
S01206,11,Female,75,95,Low,11.9,Yes,No,Good,Paid,1,Not Dropout
S01207,17,Female,34,31,Low,2.7,Yes,Yes,Good,Paid,5,Dropout
S01208,16,Female,60,69,Medium,15.1,Yes,No,Good,Paid,1,Not Dropout
S01209,16,Female,49,28,High,4.3,Yes,No,Good,Paid,0,Not Dropout
S01210,12,Female,51,79,Low,17.9,No,Yes,Poor,Overdue (3+ Months),1,Dropout
S01211,16,Male,43,67,Medium,18.7,Yes,No,Good,Paid,5,Not Dropout
S01212,15,Female,61,21,High,14.4,No,No,Average,Paid,0,Not Dropout
S01213,12,Male,79,47,Medium,16.8,No,Yes,Average,Unpaid,0,Not Dropout
S01214,17,Female,75,22,Medium,12.2,Yes,Yes,Average,Unpaid,3,Dropout
S01215,12,Male,53,55,Low,5.6,Yes,No,Average,Paid,4,Not Dropout
S01216,18,Male,77,47,High,10.8,Yes,No,Good,Unpaid,0,Not Dropout
S01217,14,Female,84,73,Medium,5.5,No,No,Average,Paid,2,Not Dropout
S01218,11,Female,74,72,Medium,18.9,Yes,No,Good,Unpaid,2,Not Dropout
S01219,11,Female,92,42,High,4.0,No,No,Average,Paid,0,Not Dropout
S01220,17,Male,59,92,Medium,9.5,Yes,No,Good,Paid,0,Not Dropout
S01221,15,Male,82,75,Low,9.0,No,No,Good,Unpaid,4,Not Dropout
S01222,17,Female,50,99,Medium,1.7,Yes,Yes,Average,Paid,0,Not Dropout
S01223,12,Male,93,50,Medium,6.8,Yes,No,Good,Overdue (3+ Months),2,Not Dropout
S01224,17,Male,94,33,Low,15.3,No,No,Average,Paid,1,Not Dropout
S01225,12,Female,95,87,High,19.8,Yes,Yes,Good,Overdue (3+ Months),1,Not Dropout
S01226,17,Female,84,68,High,1.6,Yes,No,Average,Unpaid,5,Not Dropout
S01227,13,Female,40,97,Low,4.4,No,Yes,Poor,Paid,4,Dropout
S01228,16,Female,51,42,Low,8.0,Yes,Yes,Average,Paid,0,Dropout
S01229,15,Female,33,45,Low,7.8,No,Yes,Poor,Unpaid,3,Dropout
S01230,16,Female,45,41,Medium,14.4,Yes,Yes,Good,Paid,4,Dropout
S01231,11,Female,60,69,Low,0.6,No,No,Average,Paid,2,Not Dropout
S01232,17,Female,68,77,High,10.6,No,Yes,Good,Paid,3,Not Dropout
S01233,15,Female,63,65,High,17.1,Yes,No,Good,Paid,2,Not Dropout
S01234,14,Male,54,56,Low,8.7,No,Yes,Good,Paid,5,Not Dropout
S01235,15,Male,65,83,Low,19.7,Yes,Yes,Poor,Paid,0,Dropout
S01236,13,Male,73,67,High,13.1,No,Yes,Good,Paid,1,Not Dropout
S01237,17,Male,30,68,Medium,19.7,No,No,Good,Paid,1,Not Dropout
S01238,15,Male,45,61,Medium,17.8,Yes,No,Good,Unpaid,2,Not Dropout
S01239,13,Female,82,65,Medium,8.3,No,No,Good,Paid,5,Not Dropout
S01240,11,Male,89,100,Low,19.6,Yes,No,Good,Unpaid,4,Dropout
S01241,18,Female,47,40,High,18.0,Yes,No,Good,Paid,1,Not Dropout
S01242,15,Female,88,75,High,13.8,Yes,Yes,Average,Paid,4,Not Dropout
S01243,17,Male,94,33,Medium,1.0,Yes,Yes,Good,Overdue (3+ Months),5,Dropout
S01244,18,Female,59,30,Low,17.5,Yes,Yes,Average,Paid,3,Dropout
S01245,11,Female,52,65,High,13.8,Yes,No,Good,Paid,5,Not Dropout
S01246,18,Female,78,74,Low,2.5,Yes,No,Good,Unpaid,0,Not Dropout
S01247,15,Female,33,98,Low,4.7,No,Yes,Good,Unpaid,4,Dropout
S01248,12,Female,32,83,Low,0.6,No,Yes,Good,Paid,5,Dropout
S01249,15,Male,88,85,Medium,9.5,No,No,Good,Unpaid,2,Not Dropout
S01250,16,Male,85,45,High,15.8,Yes,Yes,Poor,Paid,2,Dropout
S01251,12,Male,93,42,High,8.7,No,Yes,Good,Paid,3,Not Dropout
S01252,12,Male,89,88,Medium,13.3,Yes,No,Average,Paid,4,Not Dropout
S01253,17,Female,46,69,High,1.1,No,No,Good,Paid,5,Not Dropout
S01254,12,Male,78,30,Medium,15.2,Yes,No,Poor,Paid,0,Not Dropout
S01255,18,Female,98,79,High,0.9,No,No,Good,Overdue (3+ Months),0,Not Dropout
S01256,17,Male,61,55,High,2.4,No,Yes,Average,Paid,3,Not Dropout
S01257,18,Male,67,59,Medium,10.8,Yes,No,Average,Unpaid,0,Not Dropout
S01258,18,Male,65,94,Medium,17.9,No,No,Good,Paid,3,Not Dropout
S01259,13,Female,67,20,Low,7.2,Yes,Yes,Average,Paid,3,Dropout
S01260,16,Female,83,85,Low,2.3,Yes,Yes,Good,Paid,3,Not Dropout
S01261,16,Female,36,90,Medium,2.5,No,No,Average,Paid,3,Not Dropout
S01262,11,Male,87,95,High,10.2,Yes,Yes,Good,Unpaid,3,Not Dropout
S01263,18,Male,63,98,High,7.6,Yes,No,Average,Paid,2,Not Dropout
S01264,11,Female,89,89,Low,2.2,Yes,No,Poor,Paid,3,Not Dropout
S01265,13,Female,74,100,Medium,11.8,No,No,Average,Paid,1,Not Dropout
S01266,13,Female,83,73,Low,4.1,No,Yes,Good,Unpaid,4,Dropout
S01267,18,Male,95,48,Low,3.7,No,No,Average,Unpaid,5,Dropout
S01268,15,Female,85,32,High,10.7,Yes,No,Good,Paid,0,Not Dropout
S01269,13,Male,44,73,High,6.5,Yes,Yes,Average,Paid,5,Dropout
S01270,11,Female,90,29,Medium,8.9,No,No,Average,Overdue (3+ Months),5,Not Dropout
S01271,14,Female,67,80,High,4.3,Yes,Yes,Good,Paid,4,Not Dropout
S01272,14,Male,85,59,Medium,4.2,No,Yes,Poor,Paid,5,Not Dropout
S01273,16,Female,47,73,High,16.9,Yes,No,Poor,Overdue (3+ Months),3,Not Dropout
S01274,11,Female,47,20,High,3.6,Yes,No,Good,Overdue (3+ Months),3,Not Dropout
S01275,18,Female,81,95,Low,5.3,No,No,Good,Paid,3,Not Dropout
S01276,11,Female,45,100,Medium,15.4,No,Yes,Good,Overdue (3+ Months),0,Not Dropout
S01277,17,Male,41,38,High,1.1,Yes,No,Good,Unpaid,2,Dropout
S01278,15,Male,82,35,High,11.3,No,No,Poor,Paid,0,Not Dropout
S01279,11,Male,84,26,High,10.9,No,Yes,Average,Paid,5,Not Dropout
S01280,11,Male,87,26,Medium,15.2,No,No,Average,Paid,5,Not Dropout
S01281,18,Male,84,82,Medium,17.2,No,Yes,Average,Overdue (3+ Months),3,Not Dropout
S01282,14,Female,47,34,Medium,15.6,No,Yes,Poor,Unpaid,3,Dropout
S01283,18,Male,73,93,Medium,2.9,Yes,Yes,Good,Unpaid,3,Not Dropout
S01284,18,Female,62,64,High,12.9,No,Yes,Good,Overdue (3+ Months),5,Not Dropout
S01285,17,Male,76,51,High,18.3,Yes,No,Good,Unpaid,3,Not Dropout
S01286,14,Male,46,96,High,0.5,No,Yes,Good,Overdue (3+ Months),3,Not Dropout
S01287,14,Female,98,78,Medium,11.3,Yes,Yes,Good,Paid,3,Not Dropout
S01288,13,Female,44,21,High,15.1,Yes,No,Good,Overdue (3+ Months),3,Dropout
S01289,13,Male,48,38,High,18.2,Yes,No,Good,Unpaid,0,Not Dropout
S01290,18,Male,94,33,Medium,16.7,No,No,Good,Unpaid,3,Not Dropout
S01291,13,Female,85,40,Low,17.6,Yes,Yes,Good,Paid,1,Dropout
S01292,17,Female,76,51,High,6.8,No,No,Good,Paid,5,Not Dropout
S01293,18,Male,34,38,Medium,10.5,No,No,Average,Paid,2,Not Dropout
S01294,17,Male,83,73,Medium,14.5,No,Yes,Average,Paid,5,Not Dropout
S01295,16,Female,47,33,High,9.7,No,Yes,Average,Paid,0,Not Dropout
S01296,11,Male,53,76,Low,13.8,No,No,Poor,Unpaid,3,Not Dropout
S01297,11,Male,48,43,Medium,8.4,No,Yes,Poor,Paid,2,Not Dropout
S01298,18,Male,40,34,Medium,6.3,Yes,Yes,Good,Paid,5,Dropout
S01299,11,Male,57,67,High,3.0,No,No,Good,Paid,3,Not Dropout
S01300,13,Female,42,66,Low,17.5,Yes,Yes,Average,Unpaid,0,Dropout
S01301,17,Male,98,68,Low,5.6,Yes,Yes,Average,Unpaid,5,Dropout
S01302,13,Female,30,34,High,8.3,No,Yes,Good,Paid,2,Not Dropout
S01303,16,Male,41,71,Medium,12.6,Yes,No,Average,Unpaid,3,Not Dropout
S01304,15,Male,98,80,High,15.1,Yes,Yes,Poor,Paid,4,Dropout
S01305,11,Female,33,22,Low,8.4,Yes,No,Good,Paid,0,Dropout
S01306,16,Male,54,84,Low,15.0,Yes,No,Poor,Paid,4,Dropout
S01307,14,Female,87,33,Medium,5.8,Yes,Yes,Good,Paid,0,Not Dropout
S01308,17,Female,95,71,High,18.5,No,Yes,Good,Paid,2,Not Dropout
S01309,18,Female,53,48,Medium,9.9,No,No,Average,Paid,3,Not Dropout
S01310,18,Male,68,76,High,16.5,Yes,Yes,Poor,Paid,4,Dropout
S01311,17,Male,97,26,High,2.3,Yes,No,Average,Paid,0,Not Dropout
S01312,14,Male,85,28,Low,10.6,No,Yes,Average,Paid,1,Not Dropout
S01313,11,Male,71,41,Low,3.0,Yes,Yes,Average,Paid,2,Dropout
S01314,13,Male,43,45,Low,7.4,Yes,No,Good,Unpaid,2,Dropout
S01315,17,Male,65,88,Low,7.6,No,No,Poor,Paid,3,Not Dropout
S01316,17,Male,73,56,Low,19.6,No,No,Average,Paid,5,Not Dropout
S01317,13,Male,38,81,Medium,7.3,No,Yes,Good,Paid,0,Not Dropout
S01318,14,Male,30,39,High,13.6,Yes,No,Good,Paid,2,Not Dropout
S01319,11,Female,54,89,Low,19.5,Yes,Yes,Good,Paid,1,Not Dropout
S01320,16,Male,43,94,Low,9.7,No,Yes,Good,Overdue (3+ Months),1,Dropout
S01321,11,Male,50,23,Medium,10.8,No,Yes,Good,Paid,1,Not Dropout
S01322,11,Male,75,100,Medium,4.4,Yes,No,Average,Paid,3,Not Dropout
S01323,17,Female,90,51,Low,17.0,No,Yes,Good,Overdue (3+ Months),5,Dropout
S01324,15,Male,88,45,Low,7.4,Yes,No,Good,Unpaid,1,Dropout
S01325,17,Male,43,87,High,7.4,No,Yes,Good,Paid,3,Not Dropout
S01326,15,Male,84,35,Medium,13.4,No,No,Good,Overdue (3+ Months),1,Not Dropout
S01327,16,Male,44,52,High,14.6,No,Yes,Average,Paid,5,Not Dropout
S01328,12,Male,74,60,High,4.1,No,Yes,Average,Paid,1,Not Dropout
S01329,15,Female,97,91,Low,17.3,No,Yes,Good,Overdue (3+ Months),1,Not Dropout
S01330,13,Male,76,20,Low,13.7,Yes,No,Average,Paid,3,Not Dropout
S01331,13,Male,78,33,High,17.5,Yes,No,Good,Paid,2,Not Dropout
S01332,17,Female,98,39,Low,11.1,Yes,No,Good,Paid,0,Not Dropout
S01333,15,Female,72,90,Low,0.9,No,No,Good,Paid,5,Not Dropout
S01334,14,Male,71,98,Medium,1.9,No,Yes,Average,Paid,0,Not Dropout
S01335,17,Female,49,45,Low,15.4,No,Yes,Poor,Paid,1,Dropout
S01336,16,Female,50,50,Medium,4.6,No,Yes,Good,Paid,1,Not Dropout
S01337,11,Female,31,58,Low,15.9,Yes,Yes,Average,Paid,0,Dropout
S01338,14,Female,56,68,Medium,3.4,Yes,Yes,Good,Unpaid,0,Not Dropout
S01339,15,Female,37,68,Medium,20.0,Yes,Yes,Poor,Overdue (3+ Months),4,Dropout
S01340,15,Male,33,34,Low,14.4,No,No,Good,Paid,4,Dropout
S01341,14,Male,55,95,Low,9.9,Yes,No,Good,Paid,0,Not Dropout
S01342,18,Female,75,28,High,8.6,No,Yes,Average,Unpaid,2,Not Dropout
S01343,12,Female,94,85,Medium,5.5,No,No,Good,Paid,5,Not Dropout
S01344,11,Female,87,44,High,5.1,Yes,Yes,Good,Paid,5,Dropout
S01345,18,Female,76,77,High,4.6,No,Yes,Good,Paid,2,Not Dropout
S01346,17,Male,84,80,High,10.6,Yes,No,Average,Paid,4,Not Dropout
S01347,13,Male,60,57,Medium,19.5,Yes,Yes,Good,Unpaid,2,Not Dropout
S01348,15,Male,73,98,Medium,13.8,Yes,No,Average,Paid,5,Not Dropout
S01349,14,Male,41,57,Medium,6.3,Yes,Yes,Average,Overdue (3+ Months),2,Dropout
S01350,14,Male,35,63,Low,8.5,No,Yes,Average,Unpaid,1,Dropout
S01351,14,Male,75,95,Low,12.9,No,Yes,Average,Paid,1,Not Dropout
S01352,11,Female,61,77,Medium,9.0,Yes,Yes,Good,Overdue (3+ Months),5,Dropout
S01353,13,Female,92,78,High,4.9,No,No,Good,Paid,4,Not Dropout
S01354,17,Male,84,48,Medium,2.7,No,No,Average,Unpaid,5,Not Dropout
S01355,18,Male,35,28,Low,6.3,No,No,Good,Unpaid,3,Dropout
S01356,11,Male,72,91,High,13.4,Yes,Yes,Poor,Paid,1,Not Dropout
S01357,15,Male,63,77,Low,18.0,Yes,No,Good,Unpaid,5,Dropout
S01358,17,Female,48,43,High,17.6,No,Yes,Good,Paid,1,Not Dropout
S01359,12,Female,59,58,High,16.1,No,No,Poor,Paid,3,Not Dropout
S01360,13,Female,71,80,High,16.5,No,Yes,Poor,Paid,4,Not Dropout
S01361,15,Female,89,26,Low,11.0,Yes,Yes,Average,Overdue (3+ Months),5,Dropout
S01362,17,Male,61,66,Medium,14.5,Yes,Yes,Good,Paid,1,Not Dropout
S01363,18,Female,72,78,Low,2.8,No,Yes,Poor,Overdue (3+ Months),3,Dropout
S01364,14,Female,82,31,Medium,7.2,Yes,No,Poor,Paid,4,Dropout
S01365,18,Female,49,65,High,13.2,No,Yes,Poor,Paid,1,Not Dropout
S01366,11,Female,50,84,Low,15.5,No,No,Good,Paid,1,Not Dropout
S01367,15,Female,42,45,Low,1.3,Yes,No,Average,Paid,3,Dropout
S01368,12,Male,91,82,High,8.7,No,Yes,Average,Overdue (3+ Months),2,Not Dropout
S01369,17,Female,64,48,Low,4.6,Yes,No,Good,Overdue (3+ Months),4,Dropout
S01370,13,Male,48,76,Low,8.1,No,Yes,Good,Paid,4,Not Dropout
S01371,13,Female,77,75,High,11.7,No,No,Good,Paid,0,Not Dropout
S01372,18,Female,89,66,Low,17.4,Yes,No,Good,Paid,2,Not Dropout
S01373,12,Male,63,64,Medium,7.1,Yes,No,Average,Unpaid,2,Not Dropout
S01374,14,Male,74,38,Medium,18.8,No,Yes,Good,Unpaid,3,Not Dropout
S01375,15,Male,60,33,Medium,6.9,No,Yes,Good,Paid,5,Not Dropout
S01376,14,Female,63,65,Medium,4.8,Yes,No,Good,Unpaid,4,Not Dropout
S01377,15,Male,53,25,Low,5.8,Yes,No,Good,Paid,2,Not Dropout
S01378,15,Male,87,83,Medium,9.3,Yes,Yes,Good,Unpaid,0,Not Dropout
S01379,17,Male,71,57,Medium,18.2,Yes,Yes,Good,Unpaid,0,Not Dropout
S01380,16,Female,64,91,Medium,15.9,Yes,No,Average,Unpaid,1,Not Dropout
S01381,18,Female,88,57,High,10.6,No,No,Good,Paid,4,Not Dropout
S01382,11,Female,33,30,High,4.1,No,No,Good,Unpaid,5,Dropout
S01383,13,Female,61,20,Medium,1.3,No,No,Good,Overdue (3+ Months),4,Not Dropout
S01384,11,Female,53,92,High,12.1,No,Yes,Poor,Paid,5,Not Dropout
S01385,13,Female,34,53,High,19.5,Yes,No,Good,Paid,4,Not Dropout
S01386,16,Male,34,93,Medium,8.0,No,Yes,Good,Paid,0,Not Dropout
S01387,18,Male,81,92,Medium,15.6,Yes,No,Average,Unpaid,5,Not Dropout
S01388,16,Male,91,52,High,17.6,No,Yes,Good,Unpaid,2,Not Dropout
S01389,18,Male,38,20,Low,19.6,Yes,Yes,Poor,Paid,0,Dropout
S01390,11,Female,70,49,Low,4.7,Yes,Yes,Good,Paid,4,Dropout
S01391,18,Female,81,49,Low,11.1,No,No,Good,Paid,3,Not Dropout
S01392,17,Male,94,65,Low,1.7,No,Yes,Poor,Overdue (3+ Months),2,Dropout
S01393,14,Female,56,46,Low,17.5,Yes,No,Poor,Unpaid,4,Dropout
S01394,12,Male,83,94,High,17.2,No,Yes,Good,Paid,5,Not Dropout
S01395,16,Male,75,52,High,3.4,Yes,No,Average,Paid,5,Not Dropout
S01396,14,Female,93,31,Low,17.5,Yes,Yes,Average,Paid,5,Dropout
S01397,13,Male,73,33,Medium,10.4,Yes,No,Poor,Paid,4,Dropout
S01398,15,Female,71,25,Low,7.5,No,No,Poor,Paid,0,Not Dropout
S01399,15,Male,46,33,High,11.6,No,Yes,Poor,Paid,2,Not Dropout
S01400,12,Male,48,21,High,13.0,No,Yes,Average,Paid,1,Not Dropout
S01401,13,Female,32,26,Low,11.8,Yes,No,Poor,Paid,2,Dropout
S01402,18,Female,95,46,Low,11.7,Yes,Yes,Average,Unpaid,3,Dropout
S01403,11,Male,72,30,High,1.1,Yes,No,Good,Paid,1,Not Dropout
S01404,13,Male,78,89,Low,4.6,Yes,No,Good,Paid,2,Not Dropout
S01405,15,Male,44,47,Low,2.6,No,Yes,Poor,Paid,0,Dropout
S01406,18,Male,95,80,Medium,4.0,Yes,No,Poor,Overdue (3+ Months),4,Dropout
S01407,15,Male,92,70,Medium,14.4,No,No,Good,Paid,0,Not Dropout
S01408,16,Female,69,97,Medium,1.3,No,No,Average,Paid,5,Not Dropout
S01409,17,Male,67,91,High,18.6,Yes,No,Good,Overdue (3+ Months),0,Not Dropout
S01410,15,Female,78,50,Medium,16.9,Yes,No,Good,Paid,0,Not Dropout
S01411,14,Female,95,25,High,6.7,Yes,Yes,Good,Paid,4,Dropout
S01412,13,Male,83,66,High,15.1,No,No,Average,Paid,2,Not Dropout
S01413,12,Male,49,71,Low,15.1,No,Yes,Good,Unpaid,2,Not Dropout
S01414,13,Female,82,75,Medium,18.8,No,Yes,Poor,Paid,2,Not Dropout
S01415,18,Female,44,32,Low,8.4,No,Yes,Poor,Unpaid,2,Dropout
S01416,14,Male,36,53,Low,8.8,Yes,No,Average,Overdue (3+ Months),5,Dropout
S01417,16,Male,67,84,High,9.9,Yes,No,Average,Paid,3,Not Dropout
S01418,16,Male,89,69,Medium,5.0,No,No,Good,Overdue (3+ Months),0,Not Dropout
S01419,14,Male,49,60,Low,4.9,No,Yes,Average,Paid,1,Not Dropout
S01420,18,Female,93,54,High,12.4,No,No,Poor,Unpaid,0,Not Dropout
S01421,17,Male,87,47,High,18.2,No,Yes,Average,Overdue (3+ Months),4,Dropout
S01422,17,Male,41,37,Low,20.0,Yes,Yes,Good,Paid,3,Dropout
S01423,17,Male,81,98,High,3.8,Yes,Yes,Good,Paid,2,Not Dropout
S01424,13,Female,89,66,Low,6.2,No,Yes,Good,Paid,5,Not Dropout
S01425,17,Male,97,23,Medium,11.5,Yes,No,Good,Overdue (3+ Months),1,Not Dropout
S01426,17,Male,85,100,Low,19.6,Yes,No,Good,Paid,5,Not Dropout
S01427,17,Male,78,27,High,6.7,Yes,No,Poor,Paid,0,Not Dropout
S01428,13,Male,68,100,Medium,15.1,Yes,No,Average,Paid,5,Not Dropout
S01429,11,Male,68,67,Medium,6.1,No,Yes,Average,Paid,2,Not Dropout
S01430,15,Male,38,96,Low,6.3,Yes,Yes,Good,Overdue (3+ Months),0,Dropout
S01431,16,Male,67,53,Low,13.9,No,Yes,Average,Unpaid,1,Not Dropout
S01432,17,Female,42,54,Medium,3.4,Yes,No,Good,Overdue (3+ Months),0,Not Dropout
S01433,14,Male,44,46,Low,14.4,Yes,Yes,Average,Paid,5,Dropout
S01434,11,Male,55,48,Medium,7.0,Yes,Yes,Average,Unpaid,3,Dropout
S01435,12,Female,46,58,High,17.4,Yes,No,Good,Paid,3,Not Dropout
S01436,15,Male,69,25,High,4.2,No,No,Poor,Paid,5,Not Dropout
S01437,14,Female,43,30,Medium,18.8,No,Yes,Poor,Overdue (3+ Months),1,Dropout
S01438,14,Female,51,77,Low,0.9,No,Yes,Poor,Paid,0,Not Dropout
S01439,16,Male,70,92,Low,2.4,No,No,Average,Unpaid,5,Not Dropout
S01440,11,Male,97,57,High,8.6,No,Yes,Poor,Paid,2,Not Dropout
S01441,11,Female,34,68,High,9.1,No,Yes,Average,Paid,3,Not Dropout
S01442,16,Female,76,75,Medium,5.0,No,No,Average,Paid,2,Not Dropout
S01443,12,Female,42,75,Low,10.1,Yes,No,Average,Paid,4,Dropout
S01444,14,Female,59,72,High,9.9,No,No,Average,Paid,3,Not Dropout
S01445,16,Female,82,88,Medium,13.2,No,No,Good,Paid,2,Not Dropout
S01446,14,Male,37,98,High,16.8,Yes,Yes,Poor,Paid,0,Dropout
S01447,16,Female,62,94,Medium,8.0,No,No,Average,Paid,3,Not Dropout
S01448,12,Female,97,28,High,16.6,No,No,Average,Paid,0,Not Dropout
S01449,14,Male,83,39,High,15.7,No,No,Average,Paid,0,Not Dropout
S01450,13,Female,45,38,Medium,9.9,Yes,Yes,Average,Unpaid,1,Dropout
S01451,11,Female,51,75,Medium,10.9,Yes,Yes,Average,Paid,3,Not Dropout
S01452,11,Female,38,77,Low,3.4,No,Yes,Poor,Overdue (3+ Months),3,Dropout
S01453,15,Female,92,63,High,16.0,No,Yes,Good,Paid,2,Not Dropout
S01454,14,Male,69,97,Medium,10.9,No,No,Poor,Paid,5,Not Dropout
S01455,16,Male,80,56,Low,18.9,Yes,Yes,Good,Paid,3,Not Dropout
S01456,18,Male,66,85,Medium,12.0,Yes,No,Good,Paid,3,Not Dropout
S01457,16,Female,72,65,Low,9.2,Yes,No,Good,Paid,0,Not Dropout
S01458,11,Male,48,26,Low,8.4,No,No,Good,Overdue (3+ Months),5,Dropout
S01459,12,Male,35,38,Medium,10.2,Yes,No,Good,Overdue (3+ Months),0,Dropout
S01460,12,Male,32,59,Medium,7.4,No,No,Poor,Paid,3,Not Dropout
S01461,17,Male,56,90,High,19.5,No,Yes,Average,Paid,1,Not Dropout
S01462,12,Male,79,25,High,19.7,Yes,Yes,Good,Paid,2,Not Dropout
S01463,18,Male,43,74,Medium,3.9,Yes,Yes,Good,Paid,5,Dropout
S01464,15,Female,93,51,Medium,14.8,No,Yes,Average,Unpaid,2,Not Dropout
S01465,17,Male,55,57,Medium,6.9,Yes,Yes,Poor,Overdue (3+ Months),4,Dropout
S01466,16,Male,35,71,Low,8.2,Yes,Yes,Poor,Unpaid,3,Dropout
S01467,17,Male,52,74,Low,10.8,Yes,Yes,Good,Paid,5,Dropout
S01468,17,Male,69,32,Medium,15.4,No,No,Average,Paid,2,Not Dropout
S01469,14,Female,67,39,Medium,4.7,Yes,Yes,Good,Paid,0,Not Dropout
S01470,13,Male,31,29,High,9.1,No,Yes,Average,Unpaid,0,Dropout
S01471,14,Male,94,66,Low,13.2,Yes,Yes,Good,Unpaid,2,Dropout
S01472,18,Female,34,61,Medium,16.1,Yes,No,Poor,Paid,5,Dropout
S01473,17,Female,45,52,Medium,4.3,Yes,No,Good,Unpaid,2,Not Dropout
S01474,15,Female,78,49,Medium,9.3,No,Yes,Poor,Paid,5,Dropout
S01475,15,Female,48,38,Medium,6.8,Yes,Yes,Average,Overdue (3+ Months),0,Dropout
S01476,17,Female,54,86,Medium,7.0,Yes,No,Good,Paid,5,Not Dropout
S01477,17,Female,86,90,High,9.3,Yes,Yes,Average,Paid,2,Not Dropout
S01478,14,Female,40,75,Low,4.8,No,Yes,Good,Overdue (3+ Months),2,Dropout
S01479,17,Male,87,50,High,13.0,Yes,Yes,Average,Unpaid,5,Dropout
S01480,11,Female,55,24,Medium,18.9,Yes,Yes,Average,Paid,0,Not Dropout
S01481,11,Female,31,24,High,17.3,Yes,Yes,Good,Unpaid,4,Dropout
S01482,12,Female,80,41,Low,8.5,No,No,Good,Paid,3,Not Dropout
S01483,13,Female,59,50,High,3.7,No,Yes,Poor,Paid,1,Not Dropout
S01484,14,Male,83,55,Medium,4.5,Yes,No,Good,Paid,4,Not Dropout
S01485,15,Male,88,56,High,18.8,Yes,No,Good,Paid,2,Not Dropout
S01486,18,Female,34,93,Medium,8.8,Yes,No,Good,Paid,4,Not Dropout
S01487,17,Male,82,62,Low,1.1,No,Yes,Good,Paid,2,Not Dropout
S01488,18,Female,65,87,Low,18.5,No,Yes,Average,Paid,4,Not Dropout
S01489,16,Male,92,35,Low,5.2,No,No,Average,Paid,2,Not Dropout
S01490,18,Female,46,52,Low,4.2,Yes,No,Average,Paid,0,Not Dropout
S01491,18,Female,48,49,Medium,5.0,Yes,Yes,Good,Overdue (3+ Months),1,Dropout
S01492,13,Male,74,44,High,6.1,Yes,Yes,Good,Overdue (3+ Months),0,Dropout
S01493,13,Male,50,64,High,19.4,Yes,Yes,Good,Paid,0,Not Dropout
S01494,12,Female,50,71,Medium,5.1,Yes,No,Average,Paid,3,Not Dropout
S01495,17,Female,45,38,Medium,6.4,No,No,Average,Unpaid,2,Not Dropout
S01496,13,Female,34,52,Medium,10.2,No,Yes,Average,Paid,4,Not Dropout
S01497,11,Male,68,56,High,3.9,No,Yes,Good,Paid,2,Not Dropout
S01498,12,Male,69,43,Medium,17.1,No,Yes,Average,Paid,4,Not Dropout
S01499,18,Male,49,40,Low,18.1,Yes,Yes,Poor,Overdue (3+ Months),1,Dropout
S01500,14,Female,93,52,Low,2.1,No,Yes,Poor,Unpaid,5,Dropout
S01501,17,Male,48,52,Low,18.1,Yes,No,Average,Overdue (3+ Months),1,Not Dropout
S01502,17,Female,37,55,Low,14.5,Yes,Yes,Poor,Paid,1,Dropout
S01503,15,Male,35,49,Low,18.3,No,Yes,Average,Paid,4,Dropout
S01504,16,Male,55,23,Low,14.7,Yes,Yes,Good,Paid,4,Dropout
S01505,17,Female,39,50,Medium,12.9,No,Yes,Poor,Overdue (3+ Months),0,Dropout
S01506,16,Male,73,31,Low,15.2,Yes,Yes,Poor,Paid,0,Dropout
S01507,11,Female,57,61,Medium,16.5,No,No,Poor,Paid,4,Not Dropout
S01508,18,Female,62,75,Low,3.2,Yes,No,Good,Overdue (3+ Months),3,Not Dropout
S01509,16,Male,65,77,High,12.6,Yes,Yes,Average,Unpaid,3,Not Dropout
S01510,14,Male,36,56,Medium,6.1,Yes,Yes,Good,Paid,0,Not Dropout
S01511,18,Female,85,46,Low,19.2,No,No,Average,Unpaid,0,Not Dropout
S01512,15,Female,43,65,Medium,2.1,Yes,No,Average,Paid,0,Not Dropout
S01513,17,Female,64,67,Low,17.2,No,No,Poor,Unpaid,0,Not Dropout
S01514,15,Male,51,64,High,0.8,No,Yes,Average,Paid,0,Not Dropout
S01515,16,Male,60,67,Medium,15.4,Yes,No,Average,Paid,4,Not Dropout
S01516,13,Female,34,39,Low,5.9,Yes,Yes,Poor,Paid,0,Dropout
S01517,17,Male,83,96,Low,17.0,Yes,Yes,Good,Overdue (3+ Months),4,Dropout
S01518,11,Female,68,65,Low,5.6,No,No,Average,Paid,5,Not Dropout
S01519,17,Male,38,38,High,9.8,Yes,Yes,Good,Overdue (3+ Months),5,Dropout
S01520,13,Female,34,84,Low,15.4,Yes,Yes,Good,Paid,1,Dropout
S01521,15,Male,31,78,High,3.3,Yes,Yes,Average,Paid,1,Not Dropout
S01522,17,Male,34,91,Medium,13.9,No,Yes,Good,Overdue (3+ Months),4,Dropout
S01523,14,Male,62,91,Medium,6.0,Yes,Yes,Good,Paid,4,Not Dropout
S01524,12,Female,68,56,Medium,8.1,Yes,No,Average,Unpaid,1,Not Dropout
S01525,13,Male,51,25,High,4.0,Yes,No,Average,Unpaid,0,Not Dropout
S01526,14,Male,94,76,Medium,7.5,Yes,No,Average,Paid,5,Not Dropout
S01527,11,Male,33,31,Low,11.1,No,No,Good,Unpaid,4,Dropout
S01528,13,Female,57,33,Low,13.0,Yes,No,Average,Paid,0,Not Dropout
S01529,18,Female,95,83,Low,18.8,Yes,Yes,Good,Overdue (3+ Months),3,Dropout
S01530,14,Male,68,84,Low,11.7,Yes,No,Good,Overdue (3+ Months),0,Not Dropout
S01531,15,Female,71,32,Medium,0.6,No,No,Average,Paid,5,Not Dropout
S01532,12,Female,53,39,Medium,11.2,No,Yes,Good,Paid,1,Not Dropout
S01533,13,Female,69,74,High,18.2,Yes,No,Good,Unpaid,4,Not Dropout
S01534,15,Male,78,34,High,11.3,No,Yes,Good,Paid,0,Not Dropout
S01535,18,Female,67,32,Low,0.7,No,Yes,Good,Paid,5,Dropout
S01536,15,Female,87,29,High,4.4,No,No,Good,Paid,1,Not Dropout
S01537,15,Male,98,39,Medium,3.0,No,Yes,Average,Paid,1,Not Dropout
S01538,14,Female,40,67,High,13.5,No,Yes,Average,Paid,4,Not Dropout
S01539,13,Female,53,34,Low,18.5,Yes,No,Poor,Paid,2,Dropout
S01540,13,Male,41,33,Low,19.5,Yes,No,Average,Paid,0,Dropout
S01541,18,Female,94,88,High,17.1,No,No,Average,Overdue (3+ Months),1,Not Dropout
S01542,18,Male,89,24,High,0.5,Yes,Yes,Average,Paid,2,Not Dropout
S01543,15,Male,68,47,Low,19.1,No,Yes,Average,Paid,5,Dropout
S01544,16,Female,58,53,Low,1.4,No,No,Average,Overdue (3+ Months),1,Not Dropout
S01545,16,Male,40,88,High,3.4,No,No,Good,Paid,2,Not Dropout
S01546,11,Male,79,45,High,17.9,No,Yes,Average,Paid,5,Not Dropout
S01547,18,Male,90,94,Medium,3.0,No,No,Good,Paid,4,Not Dropout
S01548,18,Male,53,67,High,19.5,No,Yes,Average,Paid,2,Not Dropout
S01549,14,Male,57,58,High,4.2,Yes,No,Average,Paid,3,Not Dropout
S01550,18,Female,93,88,Medium,12.6,No,Yes,Average,Paid,4,Not Dropout
S01551,11,Male,51,43,High,9.7,No,No,Good,Paid,1,Not Dropout
S01552,15,Female,94,64,Medium,14.0,Yes,No,Good,Paid,2,Not Dropout
S01553,11,Female,65,53,Low,14.6,Yes,Yes,Good,Overdue (3+ Months),5,Dropout
S01554,14,Male,35,52,High,13.6,Yes,No,Good,Paid,4,Not Dropout
S01555,13,Female,31,66,Low,9.1,Yes,No,Good,Unpaid,5,Dropout
S01556,14,Female,50,71,Low,19.3,Yes,Yes,Average,Paid,0,Not Dropout
S01557,18,Male,90,59,High,14.2,Yes,Yes,Good,Paid,2,Not Dropout
S01558,18,Male,33,56,High,8.2,Yes,No,Good,Overdue (3+ Months),3,Not Dropout
S01559,15,Female,83,46,High,15.0,No,Yes,Good,Paid,2,Not Dropout
S01560,11,Female,65,88,Low,9.0,No,No,Good,Paid,0,Not Dropout
S01561,15,Male,50,87,Medium,14.2,No,No,Good,Unpaid,2,Not Dropout
S01562,15,Male,54,50,Medium,1.7,Yes,Yes,Poor,Paid,2,Not Dropout
S01563,12,Male,39,29,Medium,16.2,Yes,No,Average,Paid,1,Not Dropout
S01564,12,Male,56,93,High,1.6,Yes,No,Average,Unpaid,1,Not Dropout
S01565,11,Female,41,67,High,19.2,No,No,Good,Unpaid,4,Not Dropout
S01566,14,Male,54,45,Low,3.0,No,No,Average,Paid,0,Not Dropout
S01567,14,Female,80,67,Low,2.1,Yes,No,Good,Unpaid,5,Dropout
S01568,12,Male,44,37,High,19.5,No,Yes,Poor,Paid,1,Dropout
S01569,16,Female,37,37,High,15.1,Yes,No,Poor,Paid,5,Dropout
S01570,13,Female,59,23,High,3.0,No,No,Average,Overdue (3+ Months),4,Not Dropout
S01571,11,Female,67,58,High,15.6,No,Yes,Average,Paid,1,Not Dropout
S01572,17,Female,92,89,High,6.5,No,No,Good,Paid,3,Not Dropout
S01573,17,Female,98,46,Medium,9.0,Yes,No,Good,Paid,1,Not Dropout
S01574,16,Female,90,39,High,14.0,No,Yes,Average,Paid,3,Not Dropout
S01575,13,Male,75,98,High,14.5,No,No,Average,Paid,1,Not Dropout
S01576,15,Female,45,64,Medium,4.1,Yes,Yes,Good,Unpaid,4,Dropout
S01577,17,Male,80,83,Low,14.6,No,No,Poor,Paid,3,Not Dropout
S01578,11,Female,44,58,High,4.4,Yes,Yes,Good,Paid,5,Dropout
S01579,16,Male,53,81,Medium,9.2,No,Yes,Average,Paid,5,Not Dropout
S01580,11,Female,89,89,High,17.6,No,No,Average,Paid,2,Not Dropout
S01581,15,Female,41,96,Medium,3.5,Yes,No,Good,Paid,5,Not Dropout
S01582,12,Female,45,81,Low,6.9,Yes,No,Average,Overdue (3+ Months),0,Not Dropout
S01583,16,Male,54,58,High,18.6,Yes,Yes,Poor,Overdue (3+ Months),1,Dropout
S01584,17,Female,51,100,High,13.4,No,No,Average,Paid,4,Not Dropout
S01585,17,Male,74,48,High,19.3,Yes,Yes,Good,Unpaid,4,Dropout
S01586,11,Female,84,99,High,8.4,Yes,Yes,Average,Overdue (3+ Months),4,Dropout
S01587,18,Male,58,67,Low,10.5,No,Yes,Good,Paid,2,Not Dropout
S01588,12,Male,52,77,Low,8.6,Yes,Yes,Good,Paid,2,Not Dropout
S01589,12,Female,53,42,Medium,4.7,Yes,Yes,Good,Paid,0,Not Dropout
S01590,14,Male,65,45,Medium,5.2,Yes,Yes,Good,Paid,0,Not Dropout
S01591,17,Male,32,82,Low,1.6,No,No,Average,Unpaid,0,Not Dropout
S01592,11,Female,86,96,High,1.9,No,No,Average,Paid,0,Not Dropout
S01593,12,Male,34,31,Medium,12.1,Yes,Yes,Good,Paid,3,Dropout
S01594,17,Male,46,37,Low,13.4,Yes,No,Good,Paid,3,Not Dropout
S01595,16,Male,46,34,High,5.3,Yes,No,Average,Overdue (3+ Months),0,Not Dropout
S01596,17,Female,45,50,Low,16.4,Yes,Yes,Average,Unpaid,5,Dropout
S01597,13,Male,42,89,High,17.3,No,No,Average,Paid,4,Not Dropout
S01598,18,Female,93,73,High,18.6,No,Yes,Average,Unpaid,5,Not Dropout
S01599,13,Female,31,91,Medium,13.5,No,Yes,Average,Paid,3,Not Dropout
S01600,18,Female,73,78,Low,10.6,No,Yes,Poor,Paid,1,Not Dropout
S01601,17,Male,49,91,High,4.6,Yes,No,Average,Paid,0,Not Dropout
S01602,15,Male,82,64,Low,17.3,Yes,No,Good,Paid,2,Not Dropout
S01603,11,Male,96,71,Low,7.8,Yes,Yes,Good,Paid,3,Not Dropout
S01604,17,Male,57,92,High,8.7,No,No,Average,Paid,1,Not Dropout
S01605,13,Female,52,86,Medium,13.4,Yes,No,Poor,Paid,3,Not Dropout
S01606,14,Male,36,71,Low,18.5,Yes,No,Good,Paid,0,Not Dropout
S01607,12,Female,82,59,Medium,10.6,Yes,Yes,Average,Unpaid,0,Not Dropout
S01608,17,Female,51,32,Low,4.5,No,Yes,Average,Unpaid,2,Dropout
S01609,18,Female,71,79,Low,4.2,Yes,Yes,Good,Unpaid,2,Dropout
S01610,15,Male,57,55,High,16.7,No,Yes,Average,Unpaid,4,Not Dropout
S01611,17,Female,66,91,Medium,14.4,No,No,Good,Paid,1,Not Dropout
S01612,13,Female,69,68,Low,13.7,No,Yes,Poor,Paid,5,Dropout
S01613,17,Male,84,88,Low,15.5,Yes,No,Good,Unpaid,2,Not Dropout
S01614,17,Female,84,26,Medium,16.2,Yes,No,Good,Paid,3,Not Dropout
S01615,17,Male,41,64,High,6.7,No,Yes,Poor,Paid,0,Not Dropout
S01616,15,Female,92,47,Medium,17.6,Yes,No,Poor,Overdue (3+ Months),3,Dropout
S01617,12,Female,44,79,High,15.9,No,Yes,Average,Paid,4,Not Dropout
S01618,12,Female,55,100,Medium,4.0,No,Yes,Average,Paid,0,Not Dropout
S01619,17,Female,37,47,Low,9.5,No,Yes,Poor,Overdue (3+ Months),1,Dropout
S01620,16,Female,53,66,Medium,1.9,Yes,No,Average,Paid,1,Not Dropout
S01621,15,Male,62,79,Medium,12.1,Yes,Yes,Average,Paid,3,Not Dropout
S01622,12,Male,91,95,High,17.6,No,Yes,Good,Paid,0,Not Dropout
S01623,14,Female,61,85,High,4.9,No,No,Good,Paid,3,Not Dropout
S01624,15,Female,49,58,High,14.3,Yes,No,Average,Unpaid,3,Not Dropout
S01625,16,Male,50,80,High,18.4,No,No,Average,Overdue (3+ Months),5,Not Dropout
S01626,12,Male,86,38,Low,3.2,No,No,Poor,Paid,5,Dropout
S01627,14,Male,51,86,High,9.3,No,Yes,Good,Unpaid,4,Not Dropout
S01628,11,Female,56,85,Medium,7.2,Yes,Yes,Good,Paid,1,Not Dropout
S01629,16,Female,36,77,High,16.9,Yes,No,Average,Unpaid,3,Not Dropout
S01630,16,Male,87,43,Medium,2.1,Yes,No,Good,Paid,4,Not Dropout
S01631,18,Female,33,50,High,17.1,Yes,Yes,Good,Paid,1,Not Dropout
S01632,14,Female,46,31,High,2.0,No,No,Average,Paid,1,Not Dropout
S01633,18,Female,84,92,Medium,14.9,No,No,Average,Paid,5,Not Dropout
S01634,17,Female,97,51,High,6.1,Yes,Yes,Good,Paid,2,Not Dropout
S01635,14,Female,60,96,High,8.7,No,Yes,Poor,Unpaid,0,Not Dropout
S01636,13,Male,62,65,Medium,11.3,Yes,No,Average,Paid,1,Not Dropout
S01637,15,Male,35,60,High,11.2,No,No,Average,Paid,5,Not Dropout
S01638,17,Male,83,60,Medium,6.0,Yes,No,Average,Unpaid,4,Not Dropout
S01639,11,Male,72,95,High,7.2,Yes,Yes,Average,Paid,1,Not Dropout
S01640,12,Female,74,92,Low,9.1,Yes,No,Good,Paid,5,Not Dropout
S01641,11,Female,37,93,Medium,10.2,Yes,No,Good,Overdue (3+ Months),0,Not Dropout
S01642,18,Female,67,42,Low,12.1,No,No,Good,Paid,2,Not Dropout
S01643,18,Female,80,88,High,17.9,Yes,Yes,Good,Overdue (3+ Months),1,Not Dropout
S01644,17,Female,66,96,High,16.7,No,No,Good,Overdue (3+ Months),4,Not Dropout
S01645,17,Female,83,93,Low,6.5,No,No,Poor,Paid,3,Not Dropout
S01646,12,Female,36,89,Medium,7.3,No,Yes,Good,Paid,0,Not Dropout
S01647,16,Female,65,68,Medium,14.7,No,Yes,Poor,Unpaid,2,Not Dropout
S01648,12,Female,69,35,Medium,19.9,No,Yes,Average,Paid,5,Not Dropout
S01649,18,Male,79,70,High,3.9,Yes,Yes,Average,Unpaid,2,Not Dropout
S01650,15,Male,82,71,Low,19.7,Yes,No,Average,Paid,2,Not Dropout
S01651,18,Male,66,82,Medium,4.1,Yes,No,Poor,Paid,5,Not Dropout
S01652,11,Female,30,93,Low,3.8,Yes,Yes,Poor,Paid,5,Dropout
S01653,18,Female,55,24,Low,6.1,No,Yes,Average,Paid,2,Not Dropout
S01654,11,Female,91,32,Low,16.2,No,Yes,Average,Paid,1,Not Dropout
S01655,14,Female,61,59,Low,12.6,Yes,Yes,Average,Paid,5,Dropout
S01656,11,Female,57,80,Low,15.2,No,No,Good,Paid,3,Not Dropout
S01657,15,Female,52,68,High,5.5,Yes,No,Average,Overdue (3+ Months),0,Not Dropout
S01658,11,Male,45,34,Medium,1.4,No,Yes,Good,Paid,4,Not Dropout
S01659,14,Male,70,61,Low,3.4,No,Yes,Poor,Paid,4,Dropout
S01660,11,Female,94,67,Low,17.2,No,Yes,Good,Paid,3,Not Dropout
S01661,13,Female,77,22,High,19.6,No,No,Average,Unpaid,0,Not Dropout
S01662,18,Female,96,21,Medium,12.7,No,Yes,Average,Paid,5,Not Dropout
S01663,16,Male,32,76,High,3.3,No,No,Poor,Paid,0,Not Dropout
S01664,17,Female,53,39,High,7.4,No,No,Average,Paid,3,Not Dropout
S01665,13,Female,37,59,Medium,13.1,No,No,Average,Paid,2,Not Dropout
S01666,12,Female,35,38,High,3.1,No,Yes,Good,Paid,1,Not Dropout
S01667,16,Male,50,47,High,7.6,No,Yes,Poor,Overdue (3+ Months),3,Dropout
S01668,15,Male,47,77,Low,2.8,No,No,Good,Paid,3,Not Dropout
S01669,16,Female,59,90,Medium,11.3,Yes,Yes,Good,Paid,4,Not Dropout
S01670,15,Male,41,65,High,19.0,Yes,Yes,Good,Overdue (3+ Months),4,Dropout
S01671,18,Female,88,32,Medium,15.2,No,No,Poor,Paid,3,Not Dropout
S01672,16,Female,53,32,High,4.3,No,No,Average,Paid,1,Not Dropout
S01673,18,Female,55,27,Medium,12.9,Yes,No,Poor,Paid,5,Dropout
S01674,11,Female,50,59,Low,7.0,Yes,No,Poor,Unpaid,0,Dropout
S01675,14,Female,77,49,Low,19.7,Yes,No,Good,Overdue (3+ Months),3,Dropout
S01676,17,Female,41,76,High,8.8,No,No,Poor,Unpaid,3,Not Dropout
S01677,18,Male,30,80,Low,7.9,Yes,Yes,Good,Unpaid,0,Dropout
S01678,11,Male,67,23,High,11.5,Yes,No,Good,Paid,1,Not Dropout
S01679,13,Female,57,53,Low,13.2,No,Yes,Average,Paid,3,Not Dropout
S01680,15,Male,37,82,Low,13.7,No,Yes,Average,Paid,3,Not Dropout
S01681,14,Female,42,86,High,3.3,Yes,Yes,Good,Overdue (3+ Months),1,Dropout
S01682,15,Female,50,26,Low,4.1,No,Yes,Poor,Paid,3,Dropout
S01683,14,Male,71,41,High,4.2,No,No,Poor,Paid,2,Not Dropout
S01684,16,Female,41,82,Medium,1.7,Yes,No,Average,Paid,0,Not Dropout
S01685,15,Male,41,91,High,15.2,Yes,Yes,Good,Paid,1,Not Dropout
S01686,16,Female,95,61,High,0.8,Yes,Yes,Poor,Overdue (3+ Months),2,Dropout
S01687,15,Male,73,51,Low,19.6,Yes,Yes,Poor,Unpaid,0,Dropout
S01688,13,Male,78,61,Low,2.7,Yes,No,Average,Paid,1,Not Dropout
S01689,13,Female,43,38,Low,1.2,No,Yes,Poor,Unpaid,4,Dropout
S01690,16,Female,55,85,Low,8.5,No,No,Good,Overdue (3+ Months),1,Not Dropout
S01691,14,Male,84,46,Medium,6.3,Yes,Yes,Poor,Paid,2,Dropout
S01692,17,Male,94,33,Medium,18.3,Yes,Yes,Average,Unpaid,5,Dropout
S01693,18,Male,41,76,Medium,18.8,Yes,No,Good,Paid,0,Not Dropout
S01694,12,Female,91,51,High,5.5,No,No,Good,Paid,1,Not Dropout
S01695,18,Female,70,34,Medium,6.3,Yes,No,Average,Paid,1,Not Dropout
S01696,16,Female,47,38,Low,16.5,Yes,No,Average,Paid,1,Not Dropout
S01697,16,Male,61,96,Medium,1.3,Yes,No,Good,Paid,5,Not Dropout
S01698,17,Male,32,50,Medium,16.7,No,Yes,Average,Paid,0,Not Dropout
S01699,15,Male,59,56,High,18.7,No,Yes,Good,Paid,2,Not Dropout
S01700,17,Male,97,36,Medium,10.8,Yes,No,Poor,Paid,4,Dropout
S01701,17,Female,92,86,Medium,6.7,No,No,Average,Paid,2,Not Dropout
S01702,15,Female,68,27,Low,15.9,Yes,Yes,Average,Paid,2,Dropout
S01703,14,Female,40,93,High,16.6,No,Yes,Good,Unpaid,1,Not Dropout
S01704,16,Female,41,28,High,10.7,Yes,Yes,Average,Paid,2,Dropout
S01705,15,Female,93,80,High,8.1,Yes,No,Average,Overdue (3+ Months),0,Not Dropout
S01706,17,Male,72,35,Medium,9.9,No,No,Average,Paid,1,Not Dropout
S01707,17,Female,62,53,Medium,4.8,Yes,Yes,Poor,Unpaid,0,Dropout
S01708,12,Male,75,33,High,15.5,No,Yes,Average,Paid,5,Not Dropout
S01709,16,Female,89,81,Low,11.7,Yes,Yes,Average,Paid,5,Dropout
S01710,18,Male,76,69,High,2.0,Yes,No,Average,Overdue (3+ Months),4,Not Dropout
S01711,12,Female,44,71,High,8.3,Yes,No,Average,Paid,3,Not Dropout
S01712,11,Male,93,75,High,10.3,Yes,Yes,Poor,Paid,0,Not Dropout
S01713,15,Male,49,75,Medium,9.2,Yes,No,Poor,Overdue (3+ Months),2,Not Dropout
S01714,15,Male,71,63,High,12.8,No,No,Average,Paid,1,Not Dropout
S01715,16,Female,64,43,High,17.6,No,Yes,Average,Overdue (3+ Months),0,Not Dropout
S01716,17,Male,92,37,Medium,1.3,No,No,Average,Unpaid,1,Not Dropout
S01717,16,Male,35,78,Medium,18.3,Yes,Yes,Good,Unpaid,3,Dropout
S01718,16,Male,39,74,Low,3.4,No,No,Average,Unpaid,5,Dropout
S01719,15,Male,78,39,High,10.2,Yes,Yes,Poor,Paid,1,Dropout
S01720,17,Male,81,62,Medium,4.5,No,Yes,Average,Unpaid,1,Not Dropout
S01721,13,Male,54,65,Low,16.0,Yes,No,Good,Paid,5,Not Dropout
S01722,13,Male,91,75,High,10.8,Yes,Yes,Average,Paid,4,Not Dropout
S01723,12,Male,85,96,Low,17.9,Yes,Yes,Average,Paid,0,Not Dropout
S01724,17,Female,38,23,High,16.2,Yes,No,Average,Unpaid,2,Dropout
S01725,18,Male,90,29,Low,4.7,Yes,No,Poor,Paid,0,Dropout
S01726,15,Male,48,32,High,16.7,Yes,No,Average,Unpaid,1,Not Dropout
S01727,14,Female,83,38,High,3.7,Yes,No,Average,Overdue (3+ Months),3,Not Dropout
S01728,17,Male,60,64,Low,4.6,No,Yes,Average,Paid,3,Not Dropout
S01729,16,Female,48,72,High,9.5,No,No,Poor,Paid,4,Not Dropout
S01730,17,Male,34,58,Low,4.4,No,No,Average,Paid,3,Not Dropout
S01731,12,Female,83,92,Low,1.0,Yes,Yes,Average,Paid,5,Dropout
S01732,18,Male,48,39,Medium,12.5,Yes,No,Average,Overdue (3+ Months),4,Dropout
S01733,16,Female,43,77,Low,6.3,Yes,Yes,Good,Unpaid,1,Dropout
S01734,14,Female,50,67,High,14.6,Yes,No,Average,Paid,2,Not Dropout
S01735,17,Female,62,48,Medium,2.1,No,No,Good,Paid,1,Not Dropout
S01736,15,Male,60,89,Medium,7.0,Yes,Yes,Good,Paid,3,Not Dropout
S01737,14,Female,85,83,Medium,8.5,Yes,Yes,Average,Paid,1,Not Dropout
S01738,15,Female,59,23,High,16.7,No,Yes,Good,Paid,1,Not Dropout
S01739,18,Male,32,52,Low,0.8,Yes,Yes,Poor,Overdue (3+ Months),3,Dropout
S01740,14,Male,49,90,Medium,15.8,No,No,Average,Paid,1,Not Dropout
S01741,12,Female,64,92,High,16.1,Yes,Yes,Poor,Paid,1,Not Dropout
S01742,17,Male,77,90,Low,16.9,Yes,No,Good,Paid,1,Not Dropout
S01743,11,Male,62,93,Medium,17.1,No,Yes,Good,Overdue (3+ Months),2,Not Dropout
S01744,11,Female,43,70,Low,5.0,Yes,Yes,Good,Paid,1,Dropout
S01745,15,Female,88,26,Low,3.2,Yes,Yes,Average,Overdue (3+ Months),5,Dropout
S01746,11,Female,64,91,Low,14.6,Yes,Yes,Good,Paid,2,Not Dropout
S01747,16,Male,89,38,High,3.1,Yes,Yes,Good,Paid,0,Not Dropout
S01748,16,Female,34,20,High,2.1,Yes,Yes,Average,Paid,2,Dropout
S01749,11,Female,87,82,High,10.0,Yes,No,Poor,Paid,3,Not Dropout
S01750,11,Female,83,79,High,19.3,No,No,Average,Paid,2,Not Dropout
S01751,14,Male,39,89,High,7.2,Yes,No,Good,Paid,2,Not Dropout
S01752,12,Female,97,44,Low,19.5,No,No,Good,Paid,2,Not Dropout
S01753,18,Female,88,72,Low,5.1,Yes,No,Average,Unpaid,1,Not Dropout
S01754,18,Female,62,37,Low,9.8,Yes,Yes,Average,Unpaid,1,Dropout
S01755,18,Male,32,30,High,13.0,Yes,Yes,Good,Unpaid,1,Dropout
S01756,12,Male,44,67,High,10.4,Yes,No,Average,Paid,2,Not Dropout
S01757,16,Male,47,28,High,18.4,Yes,Yes,Good,Paid,4,Dropout
S01758,14,Female,74,39,Medium,7.5,No,Yes,Average,Paid,2,Not Dropout
S01759,16,Female,39,69,Low,0.6,No,No,Poor,Paid,1,Not Dropout
S01760,13,Male,32,78,High,5.5,Yes,No,Good,Paid,5,Not Dropout
S01761,13,Female,42,54,Medium,16.9,Yes,No,Average,Overdue (3+ Months),1,Not Dropout
S01762,13,Female,51,26,High,5.6,Yes,No,Good,Unpaid,5,Dropout
S01763,17,Male,86,77,Medium,12.8,Yes,No,Average,Overdue (3+ Months),1,Not Dropout
S01764,13,Male,36,61,High,6.8,Yes,No,Good,Paid,3,Not Dropout
S01765,11,Female,46,24,Medium,8.0,Yes,Yes,Good,Paid,2,Not Dropout
S01766,18,Female,30,80,Low,16.5,Yes,No,Average,Overdue (3+ Months),5,Dropout
S01767,16,Male,49,48,Medium,1.5,Yes,No,Poor,Paid,4,Dropout
S01768,17,Male,72,56,Medium,19.6,No,No,Average,Paid,4,Not Dropout
S01769,11,Male,89,74,Medium,5.9,No,Yes,Good,Paid,1,Not Dropout
S01770,18,Female,39,32,Low,9.6,Yes,Yes,Average,Overdue (3+ Months),5,Dropout
S01771,15,Female,48,79,Low,12.3,No,Yes,Good,Unpaid,2,Not Dropout
S01772,16,Male,94,96,Low,12.0,Yes,No,Average,Paid,3,Not Dropout
S01773,14,Female,44,79,Low,17.9,No,Yes,Average,Overdue (3+ Months),1,Dropout
S01774,13,Male,43,92,Medium,19.9,Yes,No,Average,Paid,3,Not Dropout
S01775,17,Male,82,94,Medium,14.9,No,Yes,Average,Paid,0,Not Dropout
S01776,14,Female,97,97,Low,3.8,Yes,No,Average,Paid,5,Not Dropout
S01777,16,Male,92,55,Low,9.4,Yes,No,Average,Paid,5,Not Dropout
S01778,11,Female,44,63,Low,16.1,No,Yes,Average,Paid,1,Not Dropout
S01779,17,Female,77,60,Medium,6.6,No,No,Good,Paid,2,Not Dropout
S01780,15,Female,78,58,High,3.5,No,Yes,Average,Unpaid,2,Not Dropout
S01781,17,Male,30,61,High,12.2,No,Yes,Average,Paid,1,Not Dropout
S01782,14,Female,60,20,Medium,16.3,No,No,Average,Paid,4,Not Dropout
S01783,18,Male,44,98,High,12.5,Yes,Yes,Good,Paid,4,Dropout
S01784,16,Male,44,49,Low,15.8,No,No,Average,Paid,5,Dropout
S01785,18,Female,40,96,Low,17.6,Yes,Yes,Good,Unpaid,0,Dropout
S01786,15,Male,58,91,Medium,10.1,No,No,Good,Paid,1,Not Dropout
S01787,13,Female,65,96,High,6.9,No,No,Poor,Paid,4,Not Dropout
S01788,13,Female,72,47,Medium,6.6,No,No,Poor,Paid,5,Not Dropout
S01789,12,Female,97,20,Medium,1.8,Yes,Yes,Average,Overdue (3+ Months),3,Dropout
S01790,13,Female,93,76,High,15.7,Yes,No,Average,Paid,3,Not Dropout
S01791,15,Male,66,60,Low,9.4,No,Yes,Good,Paid,0,Not Dropout
S01792,13,Female,58,20,High,1.7,No,No,Good,Paid,4,Not Dropout
S01793,16,Female,74,27,Medium,19.6,No,No,Average,Unpaid,2,Not Dropout
S01794,13,Female,35,60,High,17.1,No,Yes,Poor,Unpaid,0,Dropout
S01795,15,Male,40,62,Low,2.9,Yes,Yes,Average,Paid,5,Dropout
S01796,14,Male,38,44,High,8.7,No,Yes,Average,Paid,4,Dropout
S01797,14,Male,32,43,Medium,2.7,No,Yes,Average,Unpaid,3,Dropout
S01798,11,Female,38,24,High,14.0,Yes,Yes,Average,Paid,2,Dropout
S01799,17,Male,62,100,Low,8.3,Yes,Yes,Good,Overdue (3+ Months),5,Dropout
S01800,18,Male,32,30,High,16.7,Yes,Yes,Poor,Paid,0,Dropout
S01801,15,Female,53,49,Low,18.0,No,No,Good,Overdue (3+ Months),5,Dropout
S01802,13,Female,45,24,High,11.3,No,Yes,Poor,Overdue (3+ Months),0,Dropout
S01803,17,Female,91,99,High,3.6,Yes,No,Poor,Paid,5,Not Dropout
S01804,13,Female,37,54,Low,14.8,No,No,Average,Paid,2,Not Dropout
S01805,11,Female,58,89,Medium,6.5,Yes,No,Average,Paid,2,Not Dropout
S01806,17,Male,94,91,High,14.8,No,No,Good,Paid,2,Not Dropout
S01807,12,Male,55,81,Medium,17.2,No,Yes,Average,Unpaid,2,Not Dropout
S01808,14,Female,48,96,Medium,13.4,No,Yes,Average,Unpaid,0,Not Dropout
S01809,18,Female,51,92,High,2.1,Yes,No,Average,Paid,0,Not Dropout
S01810,12,Male,86,72,High,19.5,No,Yes,Good,Paid,4,Not Dropout
S01811,14,Female,41,86,High,2.5,Yes,Yes,Good,Paid,4,Dropout
S01812,15,Male,38,29,Medium,17.6,Yes,Yes,Good,Paid,1,Dropout
S01813,15,Male,51,44,High,12.0,Yes,Yes,Poor,Unpaid,0,Dropout
S01814,13,Male,95,60,High,16.7,Yes,Yes,Good,Paid,4,Not Dropout
S01815,12,Male,72,90,Low,18.8,Yes,No,Good,Paid,4,Not Dropout
S01816,15,Female,42,79,Low,1.3,No,Yes,Average,Paid,0,Not Dropout
S01817,17,Female,39,24,Low,11.5,Yes,No,Average,Overdue (3+ Months),0,Dropout
S01818,13,Female,85,48,Low,6.6,No,No,Good,Paid,2,Not Dropout
S01819,11,Female,31,77,High,18.9,Yes,No,Good,Paid,5,Not Dropout
S01820,15,Female,80,51,Low,14.4,Yes,No,Good,Paid,2,Not Dropout
S01821,17,Female,86,22,High,19.4,Yes,No,Average,Overdue (3+ Months),4,Dropout
S01822,13,Male,98,71,Medium,10.4,Yes,No,Average,Paid,5,Not Dropout
S01823,14,Female,35,74,Medium,1.7,Yes,No,Average,Paid,0,Not Dropout
S01824,11,Female,30,30,Low,2.7,Yes,No,Poor,Paid,3,Dropout
S01825,12,Male,96,91,Medium,5.0,No,Yes,Average,Paid,0,Not Dropout
S01826,18,Female,39,50,Medium,13.1,Yes,Yes,Good,Paid,5,Dropout
S01827,16,Female,71,80,Low,14.8,No,No,Average,Unpaid,2,Not Dropout
S01828,17,Male,32,82,High,17.0,Yes,No,Good,Unpaid,3,Not Dropout
S01829,15,Male,49,27,High,4.9,Yes,Yes,Poor,Paid,3,Dropout
S01830,16,Male,35,91,Low,4.0,Yes,Yes,Average,Paid,3,Dropout
S01831,13,Male,78,22,Low,6.9,No,No,Good,Paid,1,Not Dropout
S01832,18,Male,57,59,Low,5.8,Yes,No,Average,Overdue (3+ Months),0,Not Dropout
S01833,12,Male,78,56,Medium,9.5,No,No,Average,Overdue (3+ Months),2,Not Dropout
S01834,16,Male,53,50,Medium,18.2,Yes,No,Good,Paid,3,Not Dropout
S01835,14,Female,54,46,High,2.9,Yes,No,Average,Paid,3,Not Dropout
S01836,15,Female,63,94,Low,19.6,Yes,Yes,Good,Paid,0,Not Dropout
S01837,15,Male,73,44,Low,1.5,No,No,Average,Paid,1,Not Dropout
S01838,17,Female,45,75,Low,17.6,Yes,No,Good,Paid,2,Not Dropout
S01839,11,Male,56,80,High,5.8,No,No,Average,Paid,2,Not Dropout
S01840,14,Male,75,93,Medium,9.6,No,Yes,Good,Overdue (3+ Months),5,Not Dropout
S01841,16,Female,57,39,High,19.4,Yes,Yes,Good,Paid,4,Dropout
S01842,15,Male,36,66,Medium,7.5,No,No,Poor,Unpaid,3,Not Dropout
S01843,12,Female,56,98,Low,14.9,No,No,Average,Paid,3,Not Dropout
S01844,13,Male,69,49,Medium,1.1,Yes,Yes,Good,Paid,1,Not Dropout
S01845,14,Female,56,27,Low,1.5,Yes,Yes,Average,Paid,5,Dropout
S01846,12,Female,59,25,Low,6.7,No,Yes,Poor,Paid,3,Dropout
S01847,18,Male,75,54,High,1.2,Yes,Yes,Average,Overdue (3+ Months),4,Dropout
S01848,18,Male,66,25,High,11.1,Yes,No,Poor,Paid,1,Not Dropout
S01849,15,Male,42,100,Medium,3.7,No,No,Good,Paid,4,Not Dropout
S01850,12,Male,90,69,High,5.3,No,Yes,Good,Overdue (3+ Months),4,Not Dropout
S01851,15,Female,56,97,High,16.6,Yes,Yes,Good,Paid,0,Not Dropout
S01852,12,Male,79,33,Low,10.8,No,No,Average,Unpaid,3,Not Dropout
S01853,18,Female,82,34,High,14.4,Yes,No,Average,Paid,5,Not Dropout
S01854,16,Male,55,45,Low,3.6,Yes,Yes,Average,Paid,0,Dropout
S01855,15,Female,46,67,Low,15.8,No,Yes,Average,Paid,1,Not Dropout
S01856,16,Male,61,79,Low,17.7,No,Yes,Average,Paid,3,Not Dropout
S01857,12,Male,64,22,High,19.6,No,Yes,Good,Paid,4,Not Dropout
S01858,12,Male,56,20,High,11.7,No,No,Average,Unpaid,1,Not Dropout
S01859,14,Female,43,30,Low,6.3,No,Yes,Average,Paid,4,Dropout
S01860,16,Female,32,24,High,10.8,Yes,No,Poor,Paid,5,Dropout
S01861,15,Female,81,66,High,17.3,Yes,Yes,Poor,Paid,0,Not Dropout
S01862,14,Male,49,31,High,4.5,No,No,Poor,Paid,2,Not Dropout
S01863,18,Male,56,74,Medium,17.7,No,Yes,Average,Paid,2,Not Dropout
S01864,18,Male,53,23,High,12.7,Yes,No,Good,Unpaid,0,Not Dropout
S01865,11,Female,53,32,High,1.3,No,No,Good,Unpaid,2,Not Dropout
S01866,11,Female,47,41,Medium,6.9,Yes,Yes,Good,Unpaid,4,Dropout
S01867,18,Male,48,43,High,7.7,Yes,Yes,Average,Paid,4,Dropout
S01868,15,Female,58,95,Medium,5.1,No,No,Average,Unpaid,2,Not Dropout
S01869,18,Male,33,78,Low,2.4,Yes,Yes,Average,Unpaid,5,Dropout
S01870,18,Female,53,44,Medium,6.4,Yes,Yes,Average,Unpaid,5,Dropout
S01871,13,Female,62,21,Low,15.2,Yes,Yes,Average,Paid,1,Dropout
S01872,12,Male,54,67,Low,10.8,Yes,No,Poor,Paid,3,Not Dropout
S01873,17,Male,76,46,Low,4.5,No,Yes,Good,Paid,3,Not Dropout
S01874,13,Male,62,51,Medium,3.8,No,No,Average,Unpaid,0,Not Dropout
S01875,14,Female,92,58,High,5.1,Yes,No,Average,Paid,0,Not Dropout
S01876,15,Male,43,99,High,10.9,No,Yes,Good,Paid,2,Not Dropout
S01877,16,Male,31,83,Medium,19.8,Yes,Yes,Poor,Overdue (3+ Months),4,Dropout
S01878,17,Male,85,56,Medium,4.7,No,No,Average,Unpaid,2,Not Dropout
S01879,14,Female,31,65,Low,4.2,Yes,Yes,Good,Unpaid,0,Dropout
S01880,14,Female,53,96,Low,6.4,Yes,No,Poor,Paid,3,Not Dropout
S01881,14,Male,47,76,Medium,8.3,No,No,Good,Paid,3,Not Dropout
S01882,18,Female,42,76,High,0.7,Yes,Yes,Average,Overdue (3+ Months),4,Dropout
S01883,11,Female,67,54,Low,11.5,Yes,No,Average,Unpaid,0,Not Dropout
S01884,15,Male,39,100,Low,19.0,No,No,Good,Unpaid,2,Not Dropout
S01885,16,Male,50,69,Low,3.1,No,Yes,Average,Paid,3,Not Dropout
S01886,16,Female,41,66,Low,2.4,Yes,No,Poor,Paid,1,Dropout
S01887,16,Female,35,24,Medium,19.5,Yes,No,Good,Paid,0,Not Dropout
S01888,13,Female,49,33,Low,19.4,No,Yes,Average,Overdue (3+ Months),5,Dropout
S01889,17,Female,30,89,Medium,16.5,Yes,Yes,Poor,Unpaid,1,Dropout
S01890,16,Male,96,86,Medium,14.1,Yes,Yes,Good,Paid,4,Not Dropout
S01891,16,Female,87,49,High,15.5,Yes,Yes,Average,Paid,4,Dropout
S01892,18,Female,60,96,Medium,14.3,Yes,No,Average,Overdue (3+ Months),0,Not Dropout
S01893,16,Male,44,41,Low,2.1,No,No,Good,Unpaid,1,Dropout
S01894,11,Female,52,20,High,11.8,Yes,Yes,Poor,Paid,1,Dropout
S01895,11,Male,94,40,Low,4.5,No,No,Average,Paid,3,Not Dropout
S01896,17,Female,88,86,High,12.0,Yes,Yes,Good,Overdue (3+ Months),4,Dropout
S01897,13,Female,68,83,Low,15.7,No,Yes,Good,Paid,3,Not Dropout
S01898,12,Female,58,59,Medium,7.2,Yes,Yes,Good,Overdue (3+ Months),4,Dropout
S01899,14,Male,77,30,High,18.9,Yes,No,Good,Paid,4,Not Dropout
S01900,17,Male,75,74,High,12.4,No,No,Good,Paid,0,Not Dropout
S01901,14,Male,81,25,Low,12.1,Yes,Yes,Poor,Paid,2,Dropout
S01902,15,Female,62,28,Low,6.2,No,Yes,Average,Paid,0,Not Dropout
S01903,14,Female,55,53,High,2.6,Yes,Yes,Good,Overdue (3+ Months),5,Dropout
S01904,18,Female,55,68,High,10.5,No,Yes,Poor,Paid,3,Not Dropout
S01905,12,Male,63,70,Low,11.3,No,No,Average,Paid,0,Not Dropout
S01906,11,Male,87,93,Medium,8.6,No,No,Good,Paid,0,Not Dropout
S01907,16,Male,87,33,Medium,14.7,No,No,Good,Unpaid,0,Not Dropout
S01908,14,Male,41,55,High,3.9,No,Yes,Poor,Paid,2,Not Dropout
S01909,16,Male,68,79,Medium,14.4,Yes,No,Average,Paid,4,Not Dropout
S01910,16,Male,46,38,Low,12.8,Yes,No,Good,Overdue (3+ Months),1,Dropout
S01911,11,Male,33,100,Medium,10.3,No,Yes,Good,Paid,0,Not Dropout
S01912,13,Female,94,96,Low,6.2,Yes,Yes,Good,Unpaid,5,Dropout
S01913,13,Female,38,67,Medium,19.3,Yes,Yes,Poor,Paid,0,Dropout
S01914,14,Female,60,99,Medium,16.7,No,Yes,Average,Paid,1,Not Dropout
S01915,16,Male,38,86,Low,8.5,Yes,No,Good,Paid,5,Dropout
S01916,14,Female,54,100,Medium,8.5,Yes,No,Average,Paid,2,Not Dropout
S01917,11,Male,73,71,Medium,11.1,No,No,Good,Paid,2,Not Dropout
S01918,15,Male,38,31,Medium,14.6,Yes,No,Average,Unpaid,3,Dropout
S01919,13,Male,52,59,Low,2.6,No,Yes,Average,Paid,1,Not Dropout
S01920,17,Male,47,80,Medium,7.5,Yes,No,Average,Overdue (3+ Months),3,Not Dropout
S01921,13,Male,87,28,Low,9.0,No,No,Average,Paid,0,Not Dropout
S01922,11,Male,94,84,High,5.4,No,No,Good,Overdue (3+ Months),1,Not Dropout
S01923,12,Male,60,46,High,3.4,No,No,Good,Paid,3,Not Dropout
S01924,16,Female,57,66,Low,14.9,No,No,Good,Paid,1,Not Dropout
S01925,13,Female,97,50,Medium,19.0,No,Yes,Average,Paid,0,Not Dropout
S01926,17,Female,82,53,High,6.6,Yes,No,Good,Paid,5,Not Dropout
S01927,11,Female,61,90,High,11.0,Yes,Yes,Average,Overdue (3+ Months),5,Dropout
S01928,15,Female,90,55,High,4.8,No,Yes,Average,Overdue (3+ Months),1,Not Dropout
S01929,14,Male,52,62,Medium,3.1,No,Yes,Average,Paid,1,Not Dropout
S01930,11,Female,80,93,High,12.6,Yes,No,Good,Overdue (3+ Months),2,Not Dropout
S01931,18,Female,98,97,Low,15.7,Yes,Yes,Good,Paid,2,Not Dropout
S01932,18,Male,57,47,Medium,12.8,Yes,Yes,Average,Paid,5,Dropout
S01933,14,Female,77,32,High,6.4,No,Yes,Good,Unpaid,3,Not Dropout
S01934,13,Female,92,34,High,1.5,No,Yes,Average,Paid,3,Not Dropout
S01935,18,Female,38,95,Medium,8.1,Yes,No,Poor,Overdue (3+ Months),0,Dropout
S01936,12,Male,73,73,Medium,4.7,No,Yes,Average,Paid,3,Not Dropout
S01937,11,Male,46,21,Low,7.2,No,No,Good,Paid,5,Not Dropout
S01938,13,Male,75,21,High,17.7,Yes,No,Good,Paid,2,Not Dropout
S01939,11,Female,74,66,High,15.6,Yes,Yes,Good,Paid,4,Not Dropout
S01940,18,Female,35,76,Medium,14.2,No,Yes,Average,Paid,2,Not Dropout
S01941,14,Female,51,34,High,2.5,Yes,Yes,Poor,Unpaid,3,Dropout
S01942,14,Female,59,52,Medium,19.5,Yes,Yes,Good,Paid,1,Not Dropout
S01943,15,Female,79,22,Low,11.1,Yes,No,Good,Paid,0,Not Dropout
S01944,18,Male,95,33,Medium,12.2,No,No,Average,Paid,1,Not Dropout
S01945,14,Male,51,97,Low,6.2,No,No,Good,Paid,3,Not Dropout
S01946,14,Male,48,44,Low,15.3,No,No,Good,Paid,5,Not Dropout
S01947,15,Male,48,61,Low,10.0,No,No,Good,Paid,1,Not Dropout
S01948,12,Male,79,61,High,17.5,Yes,Yes,Average,Paid,3,Not Dropout
S01949,12,Male,73,55,High,8.3,No,Yes,Good,Unpaid,4,Not Dropout
S01950,11,Female,92,94,High,4.4,No,Yes,Average,Paid,0,Not Dropout
S01951,17,Female,96,69,High,10.3,Yes,Yes,Good,Paid,4,Not Dropout
S01952,17,Male,88,31,Medium,9.9,Yes,Yes,Average,Unpaid,2,Dropout
S01953,14,Male,34,25,High,4.2,Yes,Yes,Average,Paid,5,Dropout
S01954,18,Male,32,67,Medium,14.7,Yes,No,Poor,Unpaid,5,Dropout
S01955,18,Male,86,74,Medium,19.2,Yes,No,Poor,Paid,0,Not Dropout
S01956,11,Male,44,83,High,19.0,Yes,Yes,Good,Paid,2,Not Dropout
S01957,12,Female,69,25,High,15.2,No,Yes,Poor,Paid,5,Dropout
S01958,15,Male,49,94,Low,10.5,No,No,Average,Paid,1,Not Dropout
S01959,16,Male,40,28,Medium,8.4,No,Yes,Average,Paid,4,Dropout
S01960,16,Male,39,23,Low,12.9,No,Yes,Average,Paid,4,Dropout
S01961,13,Female,67,92,Medium,9.2,Yes,Yes,Good,Paid,5,Not Dropout
S01962,14,Male,84,36,Medium,5.3,No,Yes,Average,Paid,5,Not Dropout
S01963,14,Male,49,89,Low,7.9,Yes,Yes,Average,Paid,1,Not Dropout
S01964,11,Female,75,47,High,10.1,No,No,Good,Paid,4,Not Dropout
S01965,16,Male,74,63,Medium,11.3,No,Yes,Average,Unpaid,2,Not Dropout
S01966,14,Female,86,30,High,12.6,No,No,Good,Paid,2,Not Dropout
S01967,14,Male,64,70,Low,17.7,No,Yes,Poor,Paid,0,Not Dropout
S01968,15,Male,64,37,High,18.0,No,Yes,Good,Paid,1,Not Dropout
S01969,16,Female,66,52,High,18.3,No,No,Poor,Paid,2,Not Dropout
S01970,13,Female,76,39,Medium,11.4,No,No,Average,Paid,0,Not Dropout
S01971,12,Male,57,79,Medium,12.3,Yes,No,Good,Paid,0,Not Dropout
S01972,13,Male,77,88,High,13.8,No,Yes,Good,Paid,2,Not Dropout
S01973,18,Female,86,62,Medium,16.5,No,No,Average,Unpaid,2,Not Dropout
S01974,13,Male,81,74,Low,6.5,Yes,Yes,Average,Paid,0,Not Dropout
S01975,15,Male,69,55,Medium,17.1,No,Yes,Average,Unpaid,4,Not Dropout
S01976,15,Male,78,71,High,5.3,No,No,Poor,Paid,3,Not Dropout
S01977,14,Male,48,59,Low,4.6,No,No,Average,Unpaid,4,Not Dropout
S01978,13,Male,48,20,High,4.6,Yes,No,Good,Paid,0,Not Dropout
S01979,12,Male,76,91,Medium,11.3,No,No,Average,Unpaid,2,Not Dropout
S01980,15,Female,69,88,Medium,1.9,No,No,Good,Paid,0,Not Dropout
S01981,17,Female,81,22,High,10.4,Yes,No,Average,Paid,2,Not Dropout
S01982,12,Female,44,97,Medium,9.3,Yes,No,Average,Paid,2,Not Dropout
S01983,17,Female,88,34,High,18.9,Yes,No,Average,Unpaid,1,Not Dropout
S01984,11,Female,52,48,Low,14.7,Yes,Yes,Poor,Paid,3,Dropout
S01985,13,Male,46,67,Low,11.7,Yes,Yes,Good,Paid,1,Not Dropout
S01986,14,Male,59,74,Low,12.1,Yes,Yes,Good,Paid,5,Dropout
S01987,13,Female,60,97,Low,2.6,Yes,No,Poor,Overdue (3+ Months),0,Dropout
S01988,15,Female,74,87,Low,2.2,Yes,No,Poor,Unpaid,2,Dropout
S01989,16,Female,90,82,Low,10.3,Yes,No,Average,Overdue (3+ Months),5,Dropout
S01990,15,Male,66,93,Low,7.0,Yes,No,Poor,Overdue (3+ Months),5,Dropout
S01991,16,Female,52,51,Medium,16.3,Yes,Yes,Good,Paid,5,Not Dropout
S01992,13,Female,80,61,Medium,14.8,Yes,No,Average,Paid,2,Not Dropout
S01993,14,Male,35,93,Medium,5.4,No,No,Average,Unpaid,2,Not Dropout
S01994,17,Female,75,64,Medium,0.7,Yes,No,Good,Paid,0,Not Dropout
S01995,16,Male,63,95,High,7.2,No,No,Poor,Paid,4,Not Dropout
S01996,17,Male,41,33,High,7.2,No,Yes,Average,Paid,1,Not Dropout
S01997,14,Female,43,75,Medium,19.7,No,Yes,Average,Overdue (3+ Months),0,Not Dropout
S01998,16,Male,47,43,High,6.5,Yes,No,Average,Paid,1,Not Dropout
S01999,11,Female,34,22,Medium,2.8,Yes,Yes,Good,Paid,4,Dropout
S02000,13,Male,95,98,High,11.5,No,Yes,Poor,Unpaid,1,Not Dropout
S02001,14,Male,61,70,High,2.9,Yes,Yes,Poor,Paid,5,Dropout
S02002,13,Male,69,21,Medium,6.4,Yes,Yes,Good,Paid,5,Dropout
S02003,16,Female,49,91,Medium,2.0,No,Yes,Poor,Paid,4,Not Dropout
S02004,13,Male,75,58,High,16.4,Yes,Yes,Good,Overdue (3+ Months),3,Not Dropout
S02005,16,Male,80,88,Low,14.0,No,No,Poor,Paid,1,Not Dropout
S02006,18,Male,71,45,High,1.7,No,No,Average,Paid,5,Not Dropout
S02007,17,Male,95,51,Low,2.9,No,No,Average,Unpaid,1,Not Dropout
S02008,16,Male,47,88,High,2.0,Yes,No,Good,Paid,2,Not Dropout
S02009,12,Female,68,53,Medium,12.0,Yes,No,Good,Paid,2,Not Dropout
S02010,16,Male,75,63,Low,19.3,Yes,Yes,Good,Unpaid,1,Dropout
S02011,16,Male,78,81,Medium,10.1,Yes,Yes,Good,Unpaid,3,Not Dropout
S02012,14,Male,57,35,Medium,9.3,Yes,No,Poor,Paid,4,Dropout
S02013,11,Male,49,51,Medium,14.9,No,Yes,Good,Paid,1,Not Dropout
S02014,14,Female,34,98,Medium,19.8,No,Yes,Average,Unpaid,1,Not Dropout
S02015,12,Female,35,35,Low,6.7,No,Yes,Poor,Paid,2,Dropout
S02016,13,Female,56,52,Medium,12.4,Yes,Yes,Good,Paid,2,Not Dropout
S02017,18,Female,76,66,High,18.9,Yes,Yes,Average,Overdue (3+ Months),0,Not Dropout
S02018,13,Male,66,54,Low,15.1,Yes,No,Poor,Unpaid,2,Dropout
S02019,18,Female,40,72,High,1.8,No,Yes,Average,Paid,1,Not Dropout
S02020,11,Male,57,58,Low,2.8,No,Yes,Average,Paid,0,Not Dropout
S02021,18,Female,97,93,Low,18.5,No,No,Average,Paid,1,Not Dropout
S02022,11,Female,60,53,Low,7.2,Yes,No,Average,Paid,3,Not Dropout
S02023,18,Female,80,32,High,15.0,No,No,Poor,Unpaid,1,Not Dropout
S02024,13,Female,59,36,Medium,3.7,No,No,Poor,Paid,4,Not Dropout
S02025,17,Male,50,52,High,12.5,No,Yes,Good,Paid,3,Not Dropout
S02026,14,Female,32,50,Medium,6.2,No,Yes,Average,Overdue (3+ Months),4,Dropout
S02027,12,Male,84,50,Low,2.5,Yes,No,Good,Paid,0,Not Dropout
S02028,16,Male,85,62,Low,10.8,Yes,Yes,Average,Unpaid,2,Dropout
S02029,15,Male,32,72,Medium,16.5,No,Yes,Average,Overdue (3+ Months),5,Dropout
S02030,14,Male,68,82,Medium,16.9,Yes,Yes,Average,Paid,4,Not Dropout
S02031,18,Male,74,47,High,18.8,Yes,No,Good,Overdue (3+ Months),4,Dropout
S02032,13,Male,92,98,Medium,5.6,No,No,Average,Paid,1,Not Dropout
S02033,11,Female,48,24,Medium,12.8,No,No,Average,Overdue (3+ Months),5,Not Dropout
S02034,18,Female,78,57,Medium,4.6,Yes,Yes,Good,Paid,2,Not Dropout
S02035,12,Male,35,37,Medium,9.8,No,Yes,Average,Overdue (3+ Months),2,Dropout
S02036,13,Male,55,37,High,2.0,No,No,Good,Paid,5,Not Dropout
S02037,15,Female,38,93,Low,15.2,Yes,No,Good,Paid,5,Dropout
S02038,13,Male,85,22,High,9.0,Yes,No,Average,Paid,4,Not Dropout
S02039,12,Male,75,88,Low,16.4,Yes,Yes,Average,Paid,5,Dropout
S02040,13,Male,58,48,High,17.0,No,No,Good,Overdue (3+ Months),0,Not Dropout
S02041,12,Female,64,31,Low,5.1,Yes,No,Average,Paid,2,Not Dropout
S02042,15,Female,88,91,High,15.0,Yes,No,Poor,Unpaid,1,Not Dropout
S02043,11,Female,84,34,High,8.6,Yes,No,Good,Paid,0,Not Dropout
S02044,17,Female,59,22,High,11.4,No,Yes,Good,Paid,3,Not Dropout
S02045,13,Male,63,49,Medium,13.0,Yes,Yes,Poor,Unpaid,5,Dropout
S02046,17,Male,93,48,Low,5.8,Yes,No,Good,Unpaid,1,Dropout
S02047,15,Male,55,53,Low,7.4,No,Yes,Poor,Unpaid,1,Dropout
S02048,18,Male,66,80,High,5.3,No,Yes,Average,Paid,0,Not Dropout
S02049,11,Male,52,81,High,16.0,No,No,Poor,Paid,3,Not Dropout
S02050,16,Female,38,44,High,19.8,Yes,No,Good,Overdue (3+ Months),4,Dropout
S02051,16,Male,96,85,High,9.9,Yes,No,Good,Paid,0,Not Dropout
S02052,12,Male,58,87,High,3.6,No,Yes,Good,Paid,0,Not Dropout
S02053,11,Female,83,100,Medium,19.4,Yes,Yes,Good,Overdue (3+ Months),4,Dropout
S02054,15,Female,42,54,Medium,18.1,No,Yes,Poor,Overdue (3+ Months),4,Dropout
S02055,18,Male,87,51,High,12.3,No,No,Poor,Overdue (3+ Months),2,Not Dropout
S02056,13,Female,38,70,High,6.5,Yes,No,Average,Paid,3,Not Dropout
S02057,18,Male,31,70,Low,18.7,Yes,No,Good,Overdue (3+ Months),1,Dropout
S02058,18,Male,85,63,Low,16.7,Yes,No,Average,Paid,0,Not Dropout
S02059,15,Male,38,29,High,5.5,Yes,No,Good,Overdue (3+ Months),3,Dropout
S02060,11,Female,70,63,Low,3.5,No,Yes,Poor,Unpaid,2,Dropout
S02061,14,Male,30,59,Low,19.6,Yes,No,Average,Paid,5,Dropout
S02062,15,Male,97,42,High,6.5,No,No,Good,Paid,0,Not Dropout
S02063,16,Female,38,29,High,6.5,Yes,Yes,Average,Unpaid,1,Dropout
S02064,17,Male,93,22,Medium,18.5,No,Yes,Good,Paid,5,Not Dropout
S02065,14,Female,62,85,High,8.3,Yes,Yes,Average,Paid,5,Not Dropout
S02066,14,Female,53,58,High,17.8,No,No,Average,Paid,2,Not Dropout
S02067,11,Female,38,37,Medium,7.2,No,Yes,Good,Unpaid,5,Dropout
S02068,16,Male,97,83,Medium,13.5,No,No,Average,Paid,3,Not Dropout
S02069,14,Female,52,80,Medium,15.4,No,No,Poor,Paid,3,Not Dropout
S02070,15,Female,48,73,High,1.7,Yes,Yes,Average,Unpaid,4,Dropout
S02071,11,Male,67,90,High,7.5,No,No,Poor,Overdue (3+ Months),5,Not Dropout
S02072,12,Male,96,90,High,12.2,No,No,Good,Paid,0,Not Dropout
S02073,18,Female,87,27,Low,13.3,Yes,No,Good,Paid,2,Not Dropout
S02074,11,Female,91,40,Low,2.8,Yes,Yes,Poor,Unpaid,1,Dropout
S02075,13,Female,40,33,High,8.8,Yes,No,Average,Paid,1,Not Dropout
S02076,12,Male,51,38,Low,13.4,No,No,Good,Unpaid,2,Not Dropout
S02077,12,Female,51,83,Low,4.5,No,Yes,Poor,Paid,1,Not Dropout
S02078,12,Male,71,52,Low,17.3,No,No,Poor,Paid,5,Not Dropout
S02079,11,Female,35,28,Medium,7.1,Yes,No,Good,Paid,2,Not Dropout
S02080,16,Female,68,29,Low,3.4,No,Yes,Good,Unpaid,0,Dropout
S02081,16,Female,97,76,Medium,10.5,No,Yes,Good,Unpaid,4,Not Dropout
S02082,16,Female,31,89,Medium,6.5,Yes,Yes,Poor,Paid,4,Dropout
S02083,18,Female,89,87,High,11.9,No,Yes,Poor,Paid,3,Not Dropout
S02084,18,Female,63,51,Medium,14.6,No,Yes,Poor,Unpaid,4,Dropout
S02085,11,Male,32,82,Low,11.0,Yes,Yes,Good,Paid,2,Dropout
S02086,11,Male,39,91,High,11.3,No,No,Good,Paid,0,Not Dropout
S02087,12,Female,65,23,Low,6.4,No,No,Good,Paid,1,Not Dropout
S02088,15,Female,32,66,High,9.4,No,No,Poor,Paid,4,Not Dropout
S02089,11,Female,98,50,High,10.7,Yes,No,Average,Unpaid,1,Not Dropout
S02090,16,Female,41,41,Medium,12.0,Yes,No,Average,Overdue (3+ Months),0,Dropout
S02091,13,Male,81,48,High,1.3,Yes,Yes,Average,Paid,3,Not Dropout
S02092,17,Female,53,27,High,7.0,Yes,No,Average,Paid,1,Not Dropout
S02093,17,Male,83,39,High,14.7,No,No,Average,Paid,5,Not Dropout
S02094,13,Female,53,50,High,7.1,No,Yes,Average,Paid,4,Not Dropout
S02095,14,Male,96,92,High,12.9,Yes,Yes,Good,Paid,4,Not Dropout
S02096,12,Male,33,21,High,7.4,Yes,Yes,Average,Paid,5,Dropout
S02097,11,Male,82,93,Medium,12.4,No,Yes,Poor,Unpaid,2,Not Dropout
S02098,11,Female,72,28,Medium,18.6,No,No,Average,Paid,2,Not Dropout
S02099,16,Female,71,62,High,16.7,Yes,Yes,Good,Overdue (3+ Months),4,Dropout
S02100,15,Male,73,69,Medium,7.7,No,No,Average,Overdue (3+ Months),5,Not Dropout
S02101,18,Female,53,35,Low,8.2,No,No,Average,Unpaid,0,Not Dropout
S02102,16,Male,92,22,Medium,19.6,No,Yes,Poor,Paid,5,Dropout
S02103,16,Female,96,29,Medium,5.3,Yes,Yes,Good,Overdue (3+ Months),3,Dropout
S02104,13,Female,48,42,Medium,6.7,Yes,Yes,Good,Overdue (3+ Months),5,Dropout
S02105,17,Male,65,79,High,4.1,Yes,Yes,Average,Paid,5,Not Dropout
S02106,14,Male,62,35,Low,7.6,Yes,No,Average,Paid,5,Dropout
S02107,16,Female,38,32,Low,13.7,Yes,Yes,Average,Paid,2,Dropout
S02108,12,Female,81,40,Low,13.9,Yes,Yes,Poor,Paid,1,Dropout
S02109,17,Male,82,94,Low,17.4,Yes,Yes,Average,Paid,4,Dropout
S02110,14,Female,77,24,Medium,11.1,Yes,No,Average,Paid,5,Not Dropout
S02111,14,Male,42,83,High,6.4,Yes,No,Average,Paid,3,Not Dropout
S02112,11,Male,35,38,Low,5.0,Yes,Yes,Average,Paid,0,Dropout
S02113,13,Female,46,35,High,4.3,Yes,No,Poor,Paid,3,Not Dropout
S02114,12,Male,97,35,Medium,2.8,Yes,Yes,Good,Unpaid,4,Dropout
S02115,14,Male,30,93,Medium,18.6,Yes,No,Average,Overdue (3+ Months),3,Not Dropout
S02116,14,Female,86,20,High,10.2,No,Yes,Good,Unpaid,3,Not Dropout
S02117,15,Female,55,67,Medium,8.5,Yes,Yes,Average,Overdue (3+ Months),2,Not Dropout
S02118,17,Female,61,26,High,11.7,No,Yes,Good,Paid,1,Not Dropout
S02119,14,Male,55,81,Medium,0.6,Yes,No,Good,Paid,1,Not Dropout
S02120,16,Male,64,50,High,10.8,Yes,Yes,Good,Overdue (3+ Months),5,Dropout
S02121,13,Male,86,52,High,17.3,Yes,No,Average,Paid,5,Not Dropout
S02122,16,Male,63,84,High,18.3,Yes,No,Poor,Paid,2,Not Dropout
S02123,12,Male,47,100,Medium,12.9,No,No,Good,Unpaid,3,Not Dropout
S02124,15,Female,78,100,High,2.6,Yes,No,Average,Overdue (3+ Months),0,Not Dropout
S02125,14,Male,53,38,High,11.7,Yes,No,Good,Paid,5,Not Dropout
S02126,15,Female,93,52,High,6.4,No,No,Good,Paid,3,Not Dropout
S02127,14,Female,36,49,Medium,6.6,Yes,No,Average,Unpaid,4,Dropout
S02128,11,Male,75,36,Low,17.5,Yes,No,Average,Paid,2,Not Dropout
S02129,12,Female,34,28,High,5.9,No,No,Average,Paid,5,Not Dropout
S02130,13,Male,49,56,Low,9.1,No,No,Average,Paid,4,Not Dropout
S02131,15,Male,98,82,Medium,7.5,No,No,Average,Unpaid,1,Not Dropout
S02132,18,Female,76,22,High,12.4,Yes,Yes,Average,Paid,4,Dropout
S02133,16,Female,92,98,Low,2.4,Yes,No,Poor,Paid,0,Not Dropout
S02134,15,Male,53,84,High,5.8,No,No,Average,Paid,0,Not Dropout
S02135,16,Male,41,25,Low,17.7,No,No,Average,Paid,4,Dropout
S02136,15,Male,82,25,Low,12.9,Yes,Yes,Average,Paid,2,Dropout
S02137,11,Male,53,34,High,11.7,No,Yes,Good,Overdue (3+ Months),4,Dropout
S02138,17,Female,31,49,Medium,6.5,Yes,Yes,Poor,Paid,2,Dropout
S02139,18,Male,89,41,Medium,6.4,No,Yes,Good,Paid,0,Not Dropout
S02140,15,Male,64,82,Low,10.9,Yes,No,Good,Paid,0,Not Dropout
S02141,17,Male,92,95,Medium,1.7,Yes,Yes,Poor,Paid,5,Dropout
S02142,18,Female,87,67,Medium,4.2,No,No,Average,Paid,1,Not Dropout
S02143,15,Female,86,80,Low,13.5,No,No,Average,Unpaid,1,Not Dropout
S02144,15,Male,89,25,High,4.0,No,Yes,Good,Paid,0,Not Dropout
S02145,18,Male,39,69,High,15.7,Yes,No,Average,Unpaid,1,Not Dropout
S02146,13,Male,60,49,Low,9.5,No,No,Average,Paid,4,Not Dropout
S02147,17,Female,95,84,High,14.4,Yes,No,Average,Paid,4,Not Dropout
S02148,12,Female,69,27,Medium,19.5,No,Yes,Good,Overdue (3+ Months),4,Dropout
S02149,18,Male,77,25,Medium,17.3,No,No,Good,Paid,1,Not Dropout
S02150,15,Male,42,25,Low,19.6,Yes,No,Poor,Paid,1,Dropout
S02151,13,Female,64,59,Medium,11.8,No,Yes,Poor,Unpaid,3,Not Dropout
S02152,13,Female,63,96,Medium,18.8,No,Yes,Average,Paid,5,Not Dropout
S02153,15,Male,48,75,Medium,7.1,No,Yes,Good,Paid,4,Not Dropout
S02154,15,Male,39,59,Medium,10.6,Yes,No,Good,Paid,5,Not Dropout
S02155,14,Female,73,30,Medium,11.2,No,Yes,Average,Paid,5,Not Dropout
S02156,17,Male,34,69,Low,15.2,No,Yes,Average,Overdue (3+ Months),3,Dropout
S02157,13,Male,51,95,High,11.5,No,Yes,Poor,Paid,0,Not Dropout
S02158,17,Female,35,41,Low,18.6,No,Yes,Poor,Unpaid,1,Dropout
S02159,11,Male,50,37,High,19.3,No,Yes,Poor,Paid,2,Not Dropout
S02160,13,Male,42,77,Medium,2.0,Yes,No,Poor,Paid,2,Not Dropout
S02161,18,Male,93,70,Medium,12.5,No,Yes,Good,Paid,4,Not Dropout
S02162,13,Female,51,49,High,15.8,No,Yes,Good,Paid,3,Not Dropout
S02163,16,Male,57,55,Low,14.2,Yes,Yes,Average,Overdue (3+ Months),5,Dropout
S02164,13,Female,68,87,Medium,14.2,Yes,Yes,Poor,Paid,3,Not Dropout
S02165,18,Female,93,76,Medium,12.0,Yes,Yes,Average,Unpaid,4,Dropout
S02166,11,Female,97,100,Medium,2.7,Yes,No,Average,Paid,1,Not Dropout
S02167,14,Male,35,33,Medium,15.5,No,Yes,Average,Unpaid,3,Dropout
S02168,16,Male,96,23,Low,7.9,Yes,Yes,Poor,Overdue (3+ Months),0,Dropout
S02169,18,Male,43,75,High,18.0,Yes,No,Average,Paid,0,Not Dropout
S02170,16,Female,82,75,Medium,8.2,No,No,Average,Overdue (3+ Months),3,Not Dropout
S02171,16,Female,57,78,Medium,12.8,No,Yes,Poor,Overdue (3+ Months),5,Dropout
S02172,15,Male,98,81,High,14.8,Yes,Yes,Good,Overdue (3+ Months),0,Not Dropout
S02173,17,Female,85,31,High,14.5,Yes,No,Good,Unpaid,3,Not Dropout
S02174,15,Male,93,77,Low,0.8,No,No,Average,Overdue (3+ Months),0,Not Dropout
S02175,15,Male,78,81,Low,9.9,No,Yes,Average,Paid,4,Not Dropout
S02176,14,Male,94,32,High,10.6,Yes,Yes,Average,Paid,2,Not Dropout
S02177,15,Male,86,52,High,4.9,Yes,Yes,Average,Paid,4,Not Dropout
S02178,18,Male,88,58,High,2.7,Yes,No,Average,Paid,2,Not Dropout
S02179,12,Male,97,32,Low,11.5,No,No,Average,Unpaid,0,Not Dropout
S02180,13,Male,60,73,Low,14.2,No,No,Good,Paid,4,Not Dropout
S02181,14,Male,59,27,Low,6.7,No,No,Average,Paid,1,Not Dropout
S02182,12,Female,92,48,Medium,8.9,Yes,No,Good,Paid,3,Not Dropout
S02183,13,Female,48,27,Medium,5.9,Yes,Yes,Poor,Paid,0,Dropout
S02184,13,Male,48,76,Medium,0.9,Yes,No,Average,Paid,0,Not Dropout
S02185,17,Male,45,56,Medium,0.7,Yes,No,Good,Paid,1,Not Dropout
S02186,16,Male,98,77,High,2.9,No,No,Average,Overdue (3+ Months),4,Not Dropout
S02187,17,Male,44,45,Medium,1.1,No,No,Poor,Unpaid,0,Dropout
S02188,15,Male,44,85,High,10.4,No,Yes,Average,Overdue (3+ Months),4,Dropout
S02189,12,Female,39,36,High,2.4,No,Yes,Good,Paid,4,Dropout
S02190,12,Male,60,91,Medium,5.6,No,Yes,Average,Unpaid,0,Not Dropout
S02191,17,Female,60,25,High,7.4,Yes,Yes,Good,Paid,1,Not Dropout
S02192,11,Female,86,94,Low,17.7,Yes,Yes,Good,Overdue (3+ Months),1,Dropout
S02193,17,Female,95,68,Low,16.1,Yes,Yes,Poor,Paid,0,Dropout
S02194,16,Male,91,68,Medium,14.0,No,Yes,Good,Overdue (3+ Months),2,Not Dropout
S02195,12,Male,62,21,High,9.7,No,No,Average,Paid,5,Not Dropout
S02196,16,Female,82,63,High,6.2,No,No,Poor,Paid,0,Not Dropout
S02197,18,Male,45,93,Medium,3.2,Yes,Yes,Good,Paid,4,Not Dropout
S02198,12,Male,45,21,Medium,5.0,No,No,Good,Paid,1,Not Dropout
S02199,12,Female,69,45,Low,5.4,No,Yes,Good,Paid,1,Not Dropout
S02200,17,Female,53,47,Low,9.7,Yes,No,Poor,Paid,0,Dropout
S02201,17,Male,95,82,Low,16.4,Yes,Yes,Good,Overdue (3+ Months),0,Dropout
S02202,15,Male,58,66,High,6.4,Yes,No,Poor,Paid,4,Not Dropout
S02203,18,Female,38,68,Medium,19.7,Yes,No,Good,Overdue (3+ Months),0,Not Dropout
S02204,13,Female,53,39,High,1.1,Yes,No,Good,Paid,1,Not Dropout
S02205,11,Male,30,76,Medium,19.7,Yes,Yes,Good,Paid,4,Dropout
S02206,17,Female,53,23,Medium,15.7,Yes,No,Poor,Unpaid,3,Dropout
S02207,12,Male,83,48,High,18.1,Yes,No,Poor,Unpaid,1,Dropout
S02208,18,Male,90,38,Medium,10.7,Yes,Yes,Good,Paid,3,Not Dropout
S02209,12,Male,82,22,Low,7.6,No,Yes,Average,Paid,2,Not Dropout
S02210,15,Female,69,45,High,16.7,Yes,Yes,Poor,Paid,4,Dropout
S02211,12,Female,98,32,Low,12.9,No,Yes,Average,Paid,4,Dropout
S02212,15,Female,46,65,Low,16.0,No,No,Average,Paid,2,Not Dropout
S02213,14,Male,47,64,Low,8.7,No,No,Good,Paid,0,Not Dropout
S02214,18,Female,62,95,Low,14.2,Yes,No,Good,Paid,5,Not Dropout
S02215,18,Female,86,82,Medium,6.8,No,No,Average,Paid,5,Not Dropout
S02216,16,Female,96,47,Low,7.9,No,Yes,Average,Paid,2,Not Dropout
S02217,16,Male,30,49,Low,17.5,Yes,No,Good,Unpaid,1,Dropout
S02218,13,Female,61,66,Medium,7.7,Yes,Yes,Average,Paid,3,Not Dropout
S02219,18,Female,72,81,Low,2.8,Yes,No,Good,Unpaid,1,Not Dropout
S02220,11,Male,57,89,Low,10.8,Yes,No,Good,Paid,5,Not Dropout
S02221,13,Male,92,74,Low,11.1,No,No,Good,Paid,2,Not Dropout
S02222,15,Male,78,74,Medium,6.1,Yes,No,Good,Paid,0,Not Dropout
S02223,15,Female,69,87,Low,4.6,Yes,Yes,Average,Unpaid,2,Dropout
S02224,13,Female,87,36,High,14.0,No,No,Poor,Unpaid,5,Dropout
S02225,18,Male,31,33,High,1.2,No,No,Average,Unpaid,3,Not Dropout
S02226,11,Female,69,21,Medium,9.6,No,No,Good,Unpaid,3,Not Dropout
S02227,15,Female,65,29,High,3.7,Yes,Yes,Good,Paid,1,Not Dropout
S02228,11,Female,75,25,Medium,8.7,Yes,Yes,Poor,Paid,5,Dropout
S02229,13,Male,59,22,Low,14.5,Yes,No,Average,Paid,5,Dropout
S02230,11,Female,66,34,Medium,16.2,Yes,No,Poor,Paid,1,Not Dropout
S02231,11,Male,34,61,Medium,15.1,Yes,Yes,Good,Unpaid,3,Dropout
S02232,14,Male,45,67,High,18.3,Yes,Yes,Good,Paid,0,Not Dropout
S02233,14,Female,50,36,Low,2.0,Yes,No,Good,Paid,5,Dropout
S02234,17,Female,46,72,Low,3.2,Yes,Yes,Poor,Paid,3,Dropout
S02235,12,Female,52,100,High,10.3,Yes,Yes,Good,Unpaid,5,Dropout
S02236,13,Female,85,98,Low,16.8,No,Yes,Average,Paid,2,Not Dropout
S02237,14,Male,93,53,Medium,6.1,No,Yes,Good,Unpaid,2,Not Dropout
S02238,18,Male,84,99,High,12.0,Yes,No,Average,Paid,3,Not Dropout
S02239,15,Male,97,21,Low,16.3,Yes,Yes,Good,Paid,3,Dropout
S02240,11,Female,40,58,Medium,1.9,No,Yes,Good,Paid,1,Not Dropout
S02241,17,Male,36,93,Low,17.7,No,Yes,Average,Paid,1,Not Dropout
S02242,15,Male,55,79,High,15.9,No,Yes,Poor,Overdue (3+ Months),0,Not Dropout
S02243,11,Male,54,82,High,12.1,No,Yes,Good,Paid,1,Not Dropout
S02244,11,Male,35,48,High,7.2,Yes,No,Good,Unpaid,1,Dropout
S02245,14,Female,75,98,High,9.3,Yes,Yes,Good,Unpaid,3,Not Dropout
S02246,11,Male,86,24,High,19.1,No,Yes,Average,Unpaid,4,Dropout
S02247,13,Male,60,41,High,6.9,No,Yes,Average,Paid,3,Not Dropout
S02248,15,Male,38,24,Medium,3.5,No,No,Average,Unpaid,5,Dropout
S02249,13,Male,67,29,Medium,14.6,Yes,No,Average,Paid,1,Not Dropout
S02250,15,Male,41,73,Medium,0.5,No,Yes,Average,Paid,2,Not Dropout
S02251,12,Female,48,83,High,10.0,Yes,No,Average,Paid,3,Not Dropout
S02252,11,Female,48,35,Low,5.7,No,Yes,Good,Unpaid,3,Dropout
S02253,15,Male,79,86,Medium,12.3,No,No,Average,Paid,3,Not Dropout
S02254,17,Male,92,49,High,4.0,Yes,Yes,Good,Unpaid,4,Dropout
S02255,16,Male,53,67,Medium,9.7,Yes,Yes,Good,Paid,1,Not Dropout
S02256,13,Male,80,33,Medium,5.8,No,Yes,Good,Paid,0,Not Dropout
S02257,17,Male,40,53,Medium,19.4,No,Yes,Average,Paid,5,Not Dropout
S02258,17,Female,69,59,Low,12.7,Yes,Yes,Average,Unpaid,2,Dropout
S02259,17,Male,58,39,Low,15.2,No,No,Good,Paid,4,Not Dropout
S02260,17,Female,50,62,Low,14.9,No,No,Poor,Paid,4,Not Dropout
S02261,13,Male,48,86,High,13.8,No,Yes,Average,Paid,4,Not Dropout
S02262,16,Male,50,27,Medium,18.2,Yes,No,Good,Paid,4,Not Dropout
S02263,12,Female,77,31,Medium,16.3,No,No,Good,Unpaid,4,Not Dropout
S02264,17,Male,51,63,Low,14.2,No,No,Good,Paid,0,Not Dropout
S02265,11,Female,77,41,Low,5.4,Yes,Yes,Average,Paid,3,Dropout
S02266,17,Male,78,43,Low,7.4,Yes,Yes,Average,Unpaid,2,Dropout
S02267,11,Male,57,65,Medium,3.7,No,No,Good,Paid,1,Not Dropout
S02268,16,Male,74,41,Medium,4.8,Yes,Yes,Average,Overdue (3+ Months),1,Dropout
S02269,15,Male,65,67,Low,0.6,No,No,Good,Paid,4,Not Dropout
S02270,15,Female,74,95,Low,15.7,Yes,No,Good,Unpaid,2,Not Dropout
S02271,17,Female,57,38,High,19.6,No,No,Good,Unpaid,4,Not Dropout
S02272,17,Male,83,25,Low,16.3,No,Yes,Average,Unpaid,2,Dropout
S02273,11,Male,82,72,High,11.8,No,No,Good,Paid,1,Not Dropout
S02274,16,Male,35,30,Low,19.1,No,Yes,Average,Paid,1,Dropout
S02275,17,Male,95,90,High,10.3,Yes,No,Average,Unpaid,3,Not Dropout
S02276,12,Female,48,74,High,2.9,Yes,No,Good,Paid,1,Not Dropout
S02277,18,Female,39,47,Medium,3.9,Yes,Yes,Average,Overdue (3+ Months),4,Dropout
S02278,15,Male,60,88,Medium,12.4,Yes,Yes,Average,Overdue (3+ Months),0,Not Dropout
S02279,12,Male,55,98,High,6.7,Yes,Yes,Poor,Unpaid,1,Dropout
S02280,12,Male,77,64,High,17.0,No,No,Poor,Paid,2,Not Dropout
S02281,17,Female,53,86,Medium,12.1,No,Yes,Average,Paid,2,Not Dropout
S02282,14,Male,91,51,Medium,15.0,Yes,Yes,Average,Overdue (3+ Months),3,Not Dropout
S02283,11,Female,66,46,Low,18.3,No,Yes,Average,Paid,1,Not Dropout
S02284,13,Male,36,49,Low,16.3,No,No,Average,Paid,1,Not Dropout
S02285,18,Female,40,52,Medium,16.4,Yes,No,Poor,Unpaid,0,Dropout
S02286,13,Male,88,99,Medium,4.8,Yes,No,Poor,Paid,5,Not Dropout
S02287,18,Male,72,100,Low,3.9,No,Yes,Average,Unpaid,5,Dropout
S02288,13,Female,94,93,Low,15.1,Yes,No,Poor,Overdue (3+ Months),5,Dropout
S02289,17,Female,56,44,Low,16.4,No,No,Good,Overdue (3+ Months),5,Dropout
S02290,13,Male,52,33,Medium,10.9,No,Yes,Average,Paid,2,Not Dropout
S02291,17,Male,36,92,High,1.1,Yes,Yes,Poor,Paid,2,Dropout
S02292,18,Female,70,84,Low,19.0,No,No,Good,Paid,0,Not Dropout
S02293,15,Female,60,41,Low,1.3,Yes,Yes,Poor,Unpaid,2,Dropout
S02294,16,Male,87,26,Medium,11.3,No,No,Good,Paid,4,Not Dropout
S02295,16,Male,59,79,Medium,8.2,No,Yes,Average,Paid,3,Not Dropout
S02296,17,Female,72,22,Low,15.6,Yes,No,Average,Paid,1,Not Dropout
S02297,16,Male,58,81,Medium,9.5,No,No,Average,Paid,0,Not Dropout
S02298,17,Female,43,91,Low,16.3,No,No,Average,Paid,0,Not Dropout
S02299,16,Male,92,47,High,10.7,Yes,No,Poor,Paid,5,Dropout
S02300,16,Male,40,42,High,18.9,No,No,Average,Paid,1,Not Dropout
S02301,15,Female,44,38,Low,18.1,Yes,Yes,Poor,Paid,0,Dropout
S02302,18,Male,85,95,Low,12.6,Yes,Yes,Good,Paid,5,Dropout
S02303,14,Female,98,26,High,10.4,No,No,Poor,Overdue (3+ Months),3,Not Dropout
S02304,13,Male,64,27,Low,15.7,Yes,No,Average,Paid,3,Not Dropout
S02305,12,Female,91,40,High,7.0,Yes,No,Average,Unpaid,0,Not Dropout
S02306,12,Male,94,86,Low,14.3,Yes,No,Good,Paid,2,Not Dropout
S02307,16,Female,56,69,Medium,17.8,Yes,No,Poor,Paid,1,Not Dropout
S02308,18,Male,44,29,High,0.5,No,No,Average,Paid,2,Not Dropout
S02309,16,Male,47,49,Low,17.1,Yes,Yes,Average,Overdue (3+ Months),0,Dropout
S02310,13,Male,97,33,Medium,12.1,No,Yes,Average,Overdue (3+ Months),5,Dropout
S02311,13,Female,66,60,Medium,11.4,No,Yes,Good,Overdue (3+ Months),3,Not Dropout
S02312,11,Female,65,60,Medium,12.4,No,Yes,Average,Paid,4,Not Dropout
S02313,12,Female,59,54,High,9.9,No,No,Average,Paid,3,Not Dropout
S02314,12,Male,87,84,Medium,5.3,No,No,Average,Paid,4,Not Dropout
S02315,15,Female,89,38,Low,10.9,Yes,Yes,Average,Unpaid,1,Dropout
S02316,12,Male,77,56,Medium,19.8,Yes,No,Poor,Paid,3,Not Dropout
S02317,13,Female,84,28,High,4.5,Yes,No,Good,Unpaid,3,Not Dropout
S02318,17,Male,84,49,High,11.6,No,Yes,Average,Overdue (3+ Months),1,Not Dropout
S02319,11,Male,45,24,High,2.2,Yes,No,Poor,Unpaid,2,Dropout
S02320,16,Male,79,53,Low,17.4,Yes,Yes,Good,Paid,2,Not Dropout
S02321,12,Male,33,90,Low,2.6,Yes,Yes,Good,Overdue (3+ Months),4,Dropout
S02322,13,Female,51,100,Medium,16.6,No,Yes,Poor,Paid,1,Not Dropout
S02323,14,Male,42,100,High,20.0,No,Yes,Average,Paid,5,Not Dropout
S02324,13,Male,89,28,Low,3.0,Yes,Yes,Poor,Paid,1,Dropout
S02325,16,Female,88,33,High,18.3,No,Yes,Poor,Paid,2,Not Dropout
S02326,13,Male,56,43,High,17.0,No,Yes,Poor,Overdue (3+ Months),1,Dropout
S02327,13,Male,86,80,Low,11.7,No,Yes,Poor,Paid,3,Not Dropout
S02328,15,Male,90,56,Low,8.3,No,No,Good,Paid,2,Not Dropout
S02329,11,Female,41,93,Low,17.6,Yes,No,Average,Unpaid,5,Dropout
S02330,13,Female,64,80,Medium,19.3,No,Yes,Good,Overdue (3+ Months),4,Not Dropout
S02331,11,Female,85,39,High,1.3,No,No,Poor,Paid,2,Not Dropout
S02332,12,Female,72,97,High,10.6,No,No,Average,Unpaid,5,Not Dropout
S02333,13,Male,98,77,Medium,17.4,No,No,Average,Overdue (3+ Months),5,Not Dropout
S02334,14,Male,61,93,Low,12.9,No,Yes,Average,Unpaid,2,Not Dropout
S02335,13,Female,41,91,High,12.1,No,Yes,Good,Paid,0,Not Dropout
S02336,14,Male,71,22,Low,0.6,No,No,Poor,Paid,0,Not Dropout
S02337,13,Male,46,63,Medium,18.3,Yes,Yes,Poor,Paid,1,Not Dropout
S02338,11,Male,72,96,Medium,19.6,No,No,Poor,Paid,4,Not Dropout
S02339,11,Female,87,64,High,13.5,No,No,Good,Unpaid,4,Not Dropout
S02340,16,Male,42,62,Medium,5.6,No,Yes,Average,Unpaid,4,Dropout
S02341,15,Male,44,25,High,9.5,Yes,No,Good,Paid,3,Not Dropout
S02342,16,Female,55,44,Low,11.5,Yes,Yes,Poor,Paid,1,Dropout
S02343,15,Female,48,66,High,1.9,Yes,Yes,Good,Paid,0,Not Dropout
S02344,13,Male,68,82,Medium,14.1,No,Yes,Good,Paid,1,Not Dropout
S02345,11,Male,88,30,Medium,11.0,No,No,Average,Unpaid,4,Not Dropout
S02346,16,Female,53,24,Medium,9.9,No,No,Poor,Overdue (3+ Months),5,Dropout
S02347,18,Male,46,23,Medium,9.8,Yes,Yes,Average,Paid,5,Dropout
S02348,18,Female,55,68,High,4.5,No,Yes,Poor,Unpaid,1,Not Dropout
S02349,16,Female,44,37,High,15.6,No,No,Poor,Paid,2,Not Dropout
S02350,11,Female,83,65,Low,18.9,Yes,No,Average,Paid,4,Not Dropout
S02351,15,Male,87,89,High,4.2,Yes,No,Average,Unpaid,3,Not Dropout
S02352,18,Male,42,31,Low,15.8,Yes,Yes,Good,Overdue (3+ Months),4,Dropout
S02353,13,Female,90,49,Low,11.2,No,Yes,Good,Overdue (3+ Months),0,Dropout
S02354,18,Female,60,83,Low,9.2,No,Yes,Poor,Paid,2,Not Dropout
S02355,18,Male,67,41,Medium,13.6,No,Yes,Average,Unpaid,5,Dropout
S02356,16,Female,62,22,Low,11.2,Yes,No,Poor,Overdue (3+ Months),3,Dropout
S02357,15,Female,67,68,High,5.2,No,Yes,Good,Paid,1,Not Dropout
S02358,11,Female,49,97,Medium,10.6,No,No,Good,Unpaid,3,Not Dropout
S02359,14,Male,43,42,Medium,16.6,Yes,Yes,Good,Paid,4,Dropout
S02360,17,Female,32,77,Medium,19.6,No,No,Good,Overdue (3+ Months),3,Not Dropout
S02361,17,Female,67,70,Low,8.5,No,Yes,Average,Paid,4,Not Dropout
S02362,12,Female,54,87,Medium,2.6,Yes,No,Average,Paid,3,Not Dropout
S02363,11,Female,79,77,Medium,13.0,Yes,Yes,Poor,Paid,5,Dropout
S02364,15,Female,78,54,High,4.0,No,No,Average,Paid,1,Not Dropout
S02365,15,Male,90,95,Low,5.4,No,No,Average,Paid,5,Not Dropout
S02366,15,Female,37,22,Low,10.2,Yes,No,Average,Paid,0,Dropout
S02367,16,Female,39,36,Low,7.9,No,No,Good,Paid,3,Not Dropout
S02368,18,Female,30,28,Low,14.7,Yes,No,Average,Paid,5,Dropout
S02369,14,Male,78,92,High,7.2,Yes,No,Average,Paid,0,Not Dropout
S02370,16,Male,55,34,High,7.2,Yes,No,Average,Paid,2,Not Dropout
S02371,15,Male,31,85,High,2.5,No,No,Average,Paid,5,Not Dropout
S02372,17,Male,82,79,High,2.4,No,No,Poor,Paid,5,Not Dropout
S02373,15,Male,76,49,Low,11.7,No,Yes,Average,Paid,4,Dropout
S02374,15,Male,39,96,High,4.8,Yes,Yes,Poor,Paid,5,Dropout
S02375,17,Male,40,100,Low,9.6,No,Yes,Good,Unpaid,2,Dropout
S02376,13,Male,30,94,High,10.8,No,No,Good,Paid,3,Not Dropout
S02377,15,Male,55,33,Low,8.8,Yes,Yes,Good,Unpaid,3,Dropout
S02378,16,Female,70,88,Low,12.9,No,No,Average,Paid,4,Not Dropout
S02379,15,Male,60,69,Low,16.4,Yes,Yes,Good,Paid,3,Not Dropout
S02380,18,Male,34,70,High,18.8,Yes,No,Poor,Unpaid,5,Dropout
S02381,12,Male,51,93,Low,15.5,No,Yes,Average,Unpaid,5,Dropout
S02382,18,Female,30,95,High,20.0,No,Yes,Good,Paid,4,Not Dropout
S02383,16,Female,82,22,Low,7.1,No,Yes,Average,Paid,5,Dropout
S02384,16,Female,52,87,High,12.5,Yes,Yes,Average,Paid,3,Not Dropout
S02385,15,Female,66,36,Low,4.7,Yes,Yes,Average,Overdue (3+ Months),4,Dropout
S02386,16,Male,89,62,High,3.6,No,No,Poor,Overdue (3+ Months),2,Not Dropout
S02387,13,Male,45,98,High,10.7,Yes,Yes,Average,Paid,0,Not Dropout
S02388,17,Male,75,43,Low,4.8,No,No,Poor,Paid,3,Not Dropout
S02389,17,Female,96,63,High,9.2,Yes,No,Average,Paid,2,Not Dropout
S02390,17,Male,56,76,High,1.5,No,Yes,Average,Paid,3,Not Dropout
S02391,18,Male,51,88,Medium,18.1,No,No,Poor,Unpaid,2,Not Dropout
S02392,14,Male,40,66,Low,12.6,No,No,Average,Paid,1,Not Dropout
S02393,13,Female,93,85,High,3.5,Yes,Yes,Average,Paid,2,Not Dropout
S02394,15,Female,70,94,Medium,4.9,Yes,No,Poor,Paid,1,Not Dropout
S02395,12,Female,30,62,Low,6.2,No,No,Poor,Paid,2,Not Dropout
S02396,18,Female,85,93,High,8.8,No,No,Poor,Unpaid,3,Not Dropout
S02397,11,Male,82,62,Low,1.6,No,No,Average,Paid,2,Not Dropout
S02398,13,Female,96,34,Medium,18.6,Yes,Yes,Poor,Overdue (3+ Months),4,Dropout
S02399,12,Male,90,42,Low,2.0,Yes,No,Poor,Paid,5,Dropout
S02400,13,Male,65,24,High,7.2,No,No,Poor,Paid,4,Not Dropout
S02401,14,Female,46,51,High,6.8,Yes,No,Good,Paid,1,Not Dropout
S02402,14,Female,54,80,Medium,5.2,Yes,No,Good,Paid,5,Not Dropout
S02403,17,Male,69,40,High,3.7,Yes,Yes,Good,Paid,1,Not Dropout
S02404,11,Male,90,90,Medium,7.9,Yes,No,Good,Overdue (3+ Months),1,Not Dropout
S02405,16,Female,89,28,Low,8.4,Yes,Yes,Good,Paid,3,Dropout
S02406,11,Male,72,99,High,13.8,No,No,Good,Paid,3,Not Dropout
S02407,13,Male,93,93,High,3.1,No,Yes,Poor,Paid,5,Not Dropout
S02408,15,Male,40,71,Medium,6.3,Yes,No,Average,Unpaid,1,Not Dropout
S02409,14,Male,91,97,High,6.2,Yes,Yes,Average,Paid,5,Not Dropout
S02410,15,Male,91,65,High,7.4,Yes,No,Poor,Unpaid,5,Dropout
S02411,15,Male,63,51,Low,1.7,No,Yes,Good,Paid,0,Not Dropout
S02412,15,Female,79,36,High,18.6,No,No,Good,Paid,1,Not Dropout
S02413,12,Female,81,28,Low,11.9,No,Yes,Average,Paid,2,Not Dropout
S02414,13,Female,57,84,Medium,13.4,Yes,No,Good,Unpaid,4,Not Dropout
S02415,11,Female,62,76,Low,5.3,Yes,Yes,Poor,Paid,0,Dropout
S02416,11,Male,52,56,Medium,3.6,Yes,No,Good,Unpaid,3,Not Dropout
S02417,12,Male,31,50,Low,6.3,No,Yes,Average,Paid,1,Not Dropout
S02418,14,Female,80,82,Medium,9.4,Yes,No,Good,Paid,1,Not Dropout
S02419,11,Male,67,62,Medium,6.2,No,Yes,Poor,Paid,3,Not Dropout
S02420,12,Female,74,40,High,14.9,No,No,Average,Unpaid,3,Not Dropout
S02421,16,Female,44,25,High,14.0,No,Yes,Average,Unpaid,2,Dropout
S02422,12,Male,97,50,Low,14.5,No,No,Good,Overdue (3+ Months),2,Not Dropout
S02423,14,Female,77,56,High,13.1,No,No,Average,Paid,0,Not Dropout
S02424,11,Female,61,53,Low,15.9,Yes,No,Average,Paid,1,Not Dropout
S02425,17,Female,41,45,Medium,12.4,No,No,Average,Overdue (3+ Months),2,Not Dropout
S02426,12,Male,96,24,High,18.8,Yes,No,Poor,Unpaid,3,Dropout
S02427,12,Male,44,70,Low,0.6,Yes,No,Average,Paid,4,Dropout
S02428,17,Female,87,65,High,5.1,No,No,Good,Paid,4,Not Dropout
S02429,15,Male,46,37,Low,16.6,No,No,Average,Paid,1,Not Dropout
S02430,18,Female,70,78,Low,8.5,Yes,Yes,Poor,Paid,3,Dropout
S02431,14,Male,88,74,Medium,18.8,Yes,No,Average,Paid,3,Not Dropout
S02432,11,Male,77,94,Medium,16.7,Yes,No,Good,Overdue (3+ Months),3,Not Dropout
S02433,15,Female,64,40,Medium,19.1,No,No,Good,Paid,4,Not Dropout
S02434,13,Female,41,25,Medium,0.9,No,No,Good,Paid,5,Not Dropout
S02435,15,Male,48,56,Low,9.6,No,No,Average,Paid,1,Not Dropout
S02436,17,Female,71,99,Low,5.8,Yes,No,Average,Unpaid,4,Dropout
S02437,14,Male,45,97,High,6.0,No,Yes,Average,Paid,0,Not Dropout
S02438,14,Female,62,92,Medium,9.6,No,Yes,Average,Paid,3,Not Dropout
S02439,16,Female,87,51,Low,8.5,Yes,No,Good,Unpaid,2,Not Dropout
S02440,14,Female,38,83,Medium,5.1,Yes,Yes,Good,Paid,0,Not Dropout
S02441,13,Male,33,33,High,5.8,Yes,No,Average,Paid,5,Dropout
S02442,17,Female,50,23,Low,14.9,No,No,Average,Paid,3,Not Dropout
S02443,11,Female,51,48,High,17.4,Yes,Yes,Poor,Overdue (3+ Months),2,Dropout
S02444,18,Male,59,92,Low,13.6,No,Yes,Good,Paid,2,Not Dropout
S02445,12,Male,59,45,Low,18.9,Yes,Yes,Good,Paid,5,Dropout
S02446,18,Female,65,66,High,12.7,No,No,Good,Paid,4,Not Dropout
S02447,14,Male,88,95,Medium,2.2,No,Yes,Good,Paid,4,Not Dropout
S02448,17,Male,49,31,High,16.8,Yes,Yes,Average,Unpaid,1,Dropout
S02449,14,Female,58,62,High,16.6,No,Yes,Good,Overdue (3+ Months),5,Not Dropout
S02450,14,Female,47,49,Medium,1.8,Yes,Yes,Poor,Paid,0,Dropout
S02451,17,Male,48,53,Low,12.3,No,No,Good,Paid,2,Not Dropout
S02452,13,Female,73,60,Low,18.9,No,No,Average,Paid,1,Not Dropout
S02453,11,Male,66,85,Medium,5.6,No,No,Average,Paid,2,Not Dropout
S02454,14,Female,93,40,Medium,4.9,Yes,No,Average,Unpaid,4,Dropout
S02455,11,Female,52,55,Low,16.8,No,Yes,Average,Overdue (3+ Months),2,Not Dropout
S02456,15,Male,75,27,Medium,4.8,Yes,No,Average,Overdue (3+ Months),5,Dropout
S02457,16,Female,66,39,Low,17.2,Yes,No,Good,Paid,2,Not Dropout
S02458,12,Male,34,81,Medium,2.4,No,No,Average,Paid,0,Not Dropout
S02459,18,Female,36,44,Low,19.8,No,Yes,Good,Paid,3,Dropout
S02460,12,Female,87,52,High,5.4,Yes,No,Average,Paid,3,Not Dropout
S02461,15,Male,35,98,Low,8.3,Yes,No,Average,Paid,4,Dropout
S02462,18,Male,35,55,High,8.1,Yes,No,Good,Paid,3,Not Dropout
S02463,16,Male,61,27,High,14.4,Yes,Yes,Good,Overdue (3+ Months),2,Dropout
S02464,16,Male,37,86,Medium,8.6,Yes,Yes,Average,Paid,5,Dropout
S02465,13,Female,57,25,High,14.2,Yes,No,Average,Paid,3,Not Dropout
S02466,16,Male,66,28,High,15.5,No,No,Average,Paid,2,Not Dropout
S02467,12,Female,71,80,Medium,6.8,No,Yes,Average,Paid,4,Not Dropout
S02468,16,Male,80,85,Low,11.2,No,Yes,Poor,Paid,5,Dropout
S02469,16,Female,87,86,Medium,10.0,No,No,Poor,Paid,5,Not Dropout
S02470,18,Female,43,39,Low,6.7,Yes,No,Poor,Paid,0,Dropout
S02471,14,Female,69,53,Medium,0.9,Yes,Yes,Average,Paid,3,Not Dropout
S02472,15,Male,97,72,Low,3.1,Yes,No,Poor,Unpaid,1,Dropout
S02473,12,Male,43,72,Medium,8.2,No,Yes,Good,Paid,4,Not Dropout
S02474,16,Male,43,64,Medium,14.4,No,Yes,Average,Paid,3,Not Dropout
S02475,11,Female,61,63,Medium,14.1,No,Yes,Good,Overdue (3+ Months),2,Not Dropout
S02476,17,Male,44,48,High,14.7,Yes,No,Poor,Paid,5,Dropout
S02477,11,Male,59,62,High,15.3,No,Yes,Good,Unpaid,0,Not Dropout
S02478,18,Female,96,67,Medium,1.3,No,No,Poor,Paid,3,Not Dropout
S02479,18,Male,54,72,Medium,14.5,Yes,Yes,Average,Paid,3,Not Dropout
S02480,16,Male,79,48,Low,19.3,Yes,Yes,Average,Paid,3,Dropout
S02481,14,Male,98,72,High,19.0,Yes,Yes,Good,Unpaid,1,Not Dropout
S02482,11,Female,82,91,High,2.9,Yes,No,Poor,Unpaid,4,Dropout
S02483,11,Female,37,42,Medium,9.4,No,Yes,Good,Paid,3,Not Dropout
S02484,12,Male,67,22,High,19.0,No,No,Good,Overdue (3+ Months),5,Not Dropout
S02485,13,Male,44,30,Medium,1.5,Yes,Yes,Average,Overdue (3+ Months),0,Dropout
S02486,15,Female,80,54,High,5.8,No,Yes,Good,Unpaid,1,Not Dropout
S02487,13,Female,73,37,Medium,4.4,No,No,Good,Paid,0,Not Dropout
S02488,18,Male,57,71,Low,9.6,Yes,No,Poor,Unpaid,1,Dropout
S02489,13,Male,65,64,High,18.4,No,No,Good,Paid,0,Not Dropout
S02490,15,Male,87,82,Low,17.9,No,Yes,Poor,Paid,1,Not Dropout
S02491,14,Male,96,51,Low,10.8,No,No,Good,Overdue (3+ Months),0,Not Dropout
S02492,12,Male,52,75,High,13.4,No,Yes,Good,Paid,2,Not Dropout
S02493,17,Female,85,25,Low,11.7,No,No,Good,Paid,4,Not Dropout
S02494,12,Male,75,25,Low,14.8,Yes,No,Average,Unpaid,4,Dropout
S02495,13,Female,91,78,High,13.3,No,No,Good,Paid,3,Not Dropout
S02496,17,Male,88,84,High,0.5,No,Yes,Good,Paid,1,Not Dropout
S02497,13,Male,37,65,High,4.5,No,Yes,Good,Unpaid,0,Not Dropout
S02498,15,Male,34,91,High,14.2,No,Yes,Average,Paid,0,Not Dropout
S02499,17,Female,85,75,Medium,10.8,No,No,Good,Paid,2,Not Dropout
S02500,15,Female,58,58,Medium,17.4,No,No,Good,Unpaid,3,Not Dropout
S02501,15,Female,37,33,Low,3.1,Yes,Yes,Poor,Paid,3,Dropout
S02502,14,Male,43,74,Medium,18.8,No,No,Poor,Paid,2,Not Dropout
S02503,18,Female,39,87,High,8.8,Yes,No,Poor,Overdue (3+ Months),4,Dropout
S02504,15,Male,51,21,Low,7.7,Yes,No,Average,Paid,1,Not Dropout
S02505,15,Female,36,90,Medium,14.0,Yes,No,Average,Paid,0,Not Dropout
S02506,13,Female,43,72,High,2.8,No,Yes,Poor,Paid,4,Dropout
S02507,16,Male,95,65,Low,18.6,Yes,No,Poor,Paid,4,Dropout
S02508,14,Female,65,77,Low,12.8,No,Yes,Average,Overdue (3+ Months),0,Not Dropout
S02509,14,Male,73,97,Low,17.3,Yes,No,Good,Overdue (3+ Months),1,Not Dropout
S02510,11,Male,80,88,Medium,7.4,Yes,No,Good,Paid,4,Not Dropout
S02511,14,Female,51,58,Medium,5.7,Yes,Yes,Good,Overdue (3+ Months),2,Not Dropout
S02512,11,Male,55,78,High,13.0,Yes,Yes,Average,Paid,1,Not Dropout
S02513,18,Female,36,46,Medium,12.2,Yes,No,Good,Paid,4,Dropout
S02514,16,Male,73,59,High,1.4,Yes,No,Average,Paid,3,Not Dropout
S02515,14,Female,40,70,Medium,19.1,No,Yes,Average,Paid,0,Not Dropout
S02516,13,Female,34,69,Low,12.0,No,No,Average,Paid,5,Not Dropout
S02517,12,Male,43,43,Medium,12.6,No,Yes,Good,Paid,0,Not Dropout
S02518,16,Female,91,27,High,6.7,Yes,No,Poor,Paid,3,Not Dropout
S02519,11,Female,62,50,High,4.3,No,Yes,Good,Paid,5,Not Dropout
S02520,14,Male,96,35,Medium,8.3,No,No,Average,Paid,5,Not Dropout
S02521,15,Female,97,76,High,18.7,Yes,Yes,Good,Paid,1,Not Dropout
S02522,16,Female,85,69,High,12.8,No,No,Average,Unpaid,1,Not Dropout
S02523,18,Female,61,72,Low,15.1,Yes,Yes,Average,Paid,4,Dropout
S02524,13,Female,30,20,Medium,15.8,Yes,Yes,Average,Paid,3,Dropout
S02525,18,Female,87,26,Low,15.5,No,Yes,Average,Unpaid,4,Dropout
S02526,14,Male,83,28,Medium,16.0,Yes,No,Poor,Paid,0,Not Dropout
S02527,17,Female,90,48,High,14.6,Yes,Yes,Good,Paid,3,Not Dropout
S02528,12,Female,43,38,Medium,13.1,Yes,Yes,Average,Unpaid,4,Dropout
S02529,16,Female,40,55,Medium,12.6,No,Yes,Average,Paid,0,Not Dropout
S02530,16,Male,87,44,High,17.0,No,Yes,Average,Overdue (3+ Months),1,Not Dropout
S02531,14,Female,33,39,Medium,1.9,Yes,No,Good,Paid,4,Dropout
S02532,18,Male,72,29,Medium,14.3,Yes,No,Poor,Paid,2,Not Dropout
S02533,12,Female,50,99,Medium,19.2,Yes,No,Good,Paid,5,Not Dropout
S02534,17,Female,80,90,High,12.9,Yes,Yes,Good,Paid,5,Not Dropout
S02535,11,Male,67,61,Low,15.4,No,No,Good,Paid,3,Not Dropout
S02536,13,Female,73,27,High,11.4,No,No,Good,Paid,5,Not Dropout
S02537,16,Female,54,97,Low,13.7,Yes,No,Good,Paid,2,Not Dropout
S02538,13,Male,40,32,High,19.4,No,Yes,Average,Paid,2,Not Dropout
S02539,18,Male,89,82,High,12.6,Yes,No,Average,Unpaid,3,Not Dropout
S02540,16,Female,34,24,Medium,15.9,No,No,Average,Overdue (3+ Months),0,Not Dropout
S02541,17,Female,56,83,Low,0.7,No,No,Poor,Overdue (3+ Months),0,Not Dropout
S02542,15,Male,33,73,Low,2.8,No,No,Average,Overdue (3+ Months),1,Not Dropout
S02543,17,Male,61,64,Medium,15.0,No,No,Good,Overdue (3+ Months),5,Not Dropout
S02544,13,Male,64,68,Medium,4.9,No,Yes,Poor,Paid,4,Not Dropout
S02545,11,Female,63,81,Low,0.8,Yes,Yes,Poor,Overdue (3+ Months),3,Dropout
S02546,16,Female,71,94,Medium,5.3,Yes,No,Good,Overdue (3+ Months),3,Not Dropout
S02547,14,Male,31,61,Low,1.6,Yes,No,Poor,Unpaid,4,Dropout
S02548,15,Female,51,24,Low,6.0,No,Yes,Average,Paid,4,Dropout
S02549,13,Female,62,97,High,3.8,Yes,Yes,Poor,Unpaid,4,Dropout
S02550,11,Male,75,59,Medium,13.2,No,Yes,Poor,Paid,3,Not Dropout
S02551,11,Male,38,37,High,2.9,Yes,Yes,Average,Overdue (3+ Months),2,Dropout
S02552,14,Female,74,46,High,14.3,Yes,No,Average,Paid,4,Not Dropout
S02553,13,Female,82,68,High,16.0,No,Yes,Average,Paid,1,Not Dropout
S02554,11,Female,79,79,High,18.4,No,Yes,Good,Overdue (3+ Months),2,Not Dropout
S02555,13,Female,79,40,High,9.9,Yes,No,Poor,Paid,5,Dropout
S02556,13,Female,72,93,Medium,4.2,No,No,Average,Paid,4,Not Dropout
S02557,16,Female,84,57,Low,6.5,Yes,No,Average,Paid,4,Not Dropout
S02558,14,Male,40,43,High,18.4,No,No,Poor,Unpaid,4,Dropout
S02559,17,Male,37,35,Low,1.9,Yes,No,Good,Paid,4,Dropout
S02560,14,Female,88,88,High,1.3,Yes,No,Average,Paid,2,Not Dropout
S02561,12,Female,52,63,Medium,9.7,No,Yes,Average,Paid,2,Not Dropout
S02562,15,Female,80,64,Low,9.8,Yes,Yes,Poor,Unpaid,3,Dropout
S02563,13,Female,63,30,Low,11.1,Yes,No,Good,Overdue (3+ Months),4,Dropout
S02564,14,Female,64,87,Low,4.3,No,Yes,Good,Overdue (3+ Months),3,Not Dropout
S02565,18,Male,86,90,High,6.3,No,Yes,Good,Paid,3,Not Dropout
S02566,15,Male,32,37,Low,12.3,No,No,Poor,Paid,5,Dropout
S02567,18,Male,40,61,Low,12.7,Yes,No,Good,Paid,5,Dropout
S02568,17,Female,86,59,Low,10.3,No,No,Good,Overdue (3+ Months),2,Not Dropout
S02569,18,Male,93,47,Medium,4.2,No,No,Average,Unpaid,2,Not Dropout
S02570,11,Male,33,57,High,13.2,No,Yes,Average,Paid,1,Not Dropout
S02571,18,Male,78,23,Low,15.9,No,No,Good,Paid,2,Not Dropout
S02572,14,Male,86,59,Low,11.0,Yes,Yes,Average,Paid,4,Dropout
S02573,14,Female,59,49,Low,18.6,Yes,Yes,Good,Paid,1,Dropout
S02574,17,Male,45,31,Low,14.3,No,No,Good,Paid,3,Not Dropout
S02575,11,Male,56,22,Low,14.8,Yes,No,Good,Paid,2,Not Dropout
S02576,14,Male,32,98,Low,13.5,No,No,Poor,Overdue (3+ Months),0,Dropout
S02577,18,Male,61,58,Low,19.2,No,No,Good,Paid,0,Not Dropout
S02578,13,Male,80,89,Medium,4.0,No,No,Good,Paid,3,Not Dropout
S02579,13,Female,47,42,Low,3.4,No,Yes,Average,Paid,0,Not Dropout
S02580,13,Male,82,64,Low,15.2,No,Yes,Average,Paid,4,Not Dropout
S02581,16,Female,52,90,Medium,17.8,No,No,Average,Paid,0,Not Dropout
S02582,17,Female,39,22,High,11.5,Yes,Yes,Good,Unpaid,0,Dropout
S02583,11,Female,55,33,High,19.3,No,Yes,Poor,Paid,3,Not Dropout
S02584,17,Female,35,40,Medium,0.6,Yes,No,Good,Paid,3,Not Dropout
S02585,11,Male,88,84,Low,13.0,Yes,No,Average,Paid,1,Not Dropout
S02586,15,Male,31,94,Low,9.5,No,Yes,Average,Paid,4,Dropout
S02587,16,Male,31,66,Medium,19.8,No,No,Good,Paid,5,Not Dropout
S02588,12,Male,62,63,Low,7.2,Yes,No,Good,Paid,3,Not Dropout
S02589,17,Male,65,27,Low,1.9,No,Yes,Average,Paid,0,Not Dropout
S02590,18,Female,48,82,High,7.4,No,No,Average,Paid,4,Not Dropout
S02591,11,Female,31,55,Low,6.9,Yes,No,Average,Overdue (3+ Months),4,Dropout
S02592,18,Female,41,96,Low,18.2,Yes,No,Average,Paid,4,Dropout
S02593,16,Male,43,42,High,5.7,No,Yes,Average,Paid,1,Not Dropout
S02594,15,Female,67,72,Medium,10.6,Yes,No,Poor,Unpaid,2,Not Dropout
S02595,12,Female,58,63,Medium,16.6,No,Yes,Good,Paid,3,Not Dropout
S02596,13,Male,46,98,Low,15.4,No,No,Average,Overdue (3+ Months),2,Not Dropout
S02597,14,Male,92,94,Medium,13.8,No,No,Average,Paid,1,Not Dropout
S02598,13,Male,67,68,Low,5.8,No,No,Average,Overdue (3+ Months),2,Not Dropout
S02599,18,Male,93,25,High,1.2,No,Yes,Average,Unpaid,0,Not Dropout
S02600,11,Female,54,28,Low,8.3,Yes,No,Good,Paid,2,Not Dropout
S02601,16,Female,63,58,Low,5.2,No,Yes,Poor,Overdue (3+ Months),1,Dropout
S02602,14,Male,73,26,High,17.7,Yes,Yes,Poor,Unpaid,5,Dropout
S02603,14,Female,66,76,Medium,15.0,Yes,Yes,Good,Overdue (3+ Months),3,Not Dropout
S02604,12,Female,73,32,High,20.0,Yes,Yes,Poor,Paid,1,Dropout
S02605,11,Female,91,56,High,6.8,No,No,Good,Unpaid,0,Not Dropout
S02606,14,Male,46,89,Low,13.8,No,No,Average,Paid,3,Not Dropout
S02607,18,Female,96,83,Medium,18.5,Yes,No,Average,Unpaid,3,Not Dropout
S02608,13,Female,37,67,Medium,14.7,Yes,Yes,Good,Unpaid,1,Dropout
S02609,17,Male,86,81,Low,1.4,No,No,Good,Paid,5,Not Dropout
S02610,16,Male,47,21,Medium,11.6,No,No,Good,Unpaid,5,Not Dropout
S02611,18,Male,31,31,Medium,6.5,Yes,No,Good,Paid,5,Dropout
S02612,15,Female,37,94,Medium,6.6,No,No,Good,Paid,3,Not Dropout
S02613,17,Male,66,56,High,15.0,Yes,No,Average,Paid,2,Not Dropout
S02614,17,Female,42,22,Low,5.5,Yes,Yes,Good,Unpaid,0,Dropout
S02615,17,Female,85,49,Low,5.0,No,Yes,Good,Paid,3,Not Dropout
S02616,17,Female,39,71,High,14.1,No,Yes,Average,Paid,4,Not Dropout
S02617,17,Female,74,50,Low,2.0,No,Yes,Good,Overdue (3+ Months),3,Not Dropout
S02618,13,Female,53,45,High,1.8,Yes,No,Good,Paid,5,Not Dropout
S02619,14,Male,91,65,Low,20.0,Yes,No,Average,Paid,1,Not Dropout
S02620,11,Male,96,43,Medium,6.6,No,Yes,Average,Paid,1,Not Dropout
S02621,17,Female,31,21,High,11.5,No,No,Average,Paid,3,Not Dropout
S02622,13,Female,61,43,Low,16.8,Yes,No,Average,Paid,2,Not Dropout
S02623,16,Female,87,38,Medium,7.4,Yes,Yes,Poor,Paid,0,Dropout
S02624,18,Male,47,78,Low,3.6,No,No,Poor,Unpaid,5,Dropout
S02625,17,Male,57,27,Low,7.1,Yes,Yes,Poor,Paid,3,Dropout
S02626,13,Female,41,91,Medium,20.0,No,No,Poor,Paid,0,Not Dropout
S02627,13,Male,47,81,Low,16.3,No,Yes,Good,Paid,5,Not Dropout
S02628,11,Female,79,76,Low,6.0,No,Yes,Poor,Unpaid,2,Dropout
S02629,12,Female,98,22,Low,5.8,Yes,Yes,Average,Paid,5,Dropout
S02630,13,Male,56,46,Medium,8.7,No,Yes,Good,Unpaid,3,Not Dropout
S02631,11,Female,76,50,Low,4.6,Yes,Yes,Average,Paid,4,Dropout
S02632,16,Male,92,73,High,14.5,Yes,Yes,Average,Paid,2,Not Dropout
S02633,16,Female,51,51,Medium,9.3,Yes,Yes,Average,Overdue (3+ Months),3,Not Dropout
S02634,13,Male,55,35,Low,16.1,No,No,Average,Unpaid,0,Not Dropout
S02635,17,Male,41,93,High,14.4,Yes,Yes,Average,Unpaid,4,Dropout
S02636,15,Female,61,71,Low,1.4,No,Yes,Average,Paid,3,Not Dropout
S02637,17,Female,63,38,High,9.3,Yes,Yes,Average,Paid,5,Dropout
S02638,13,Female,71,80,High,10.1,Yes,No,Good,Unpaid,0,Not Dropout
S02639,17,Male,47,79,Medium,6.4,Yes,Yes,Average,Unpaid,5,Dropout
S02640,11,Female,62,72,Low,6.6,Yes,Yes,Average,Paid,2,Not Dropout
S02641,14,Male,64,84,Low,3.0,Yes,No,Poor,Paid,2,Not Dropout
S02642,11,Female,51,50,High,12.5,No,Yes,Good,Unpaid,5,Not Dropout
S02643,16,Female,68,25,High,3.1,Yes,No,Good,Overdue (3+ Months),1,Not Dropout
S02644,13,Male,70,77,Low,4.6,No,No,Good,Unpaid,3,Not Dropout
S02645,11,Male,88,78,Medium,13.3,Yes,Yes,Average,Overdue (3+ Months),0,Not Dropout
S02646,11,Female,60,57,High,3.2,Yes,Yes,Good,Overdue (3+ Months),0,Not Dropout
S02647,17,Male,65,59,Medium,6.4,No,Yes,Poor,Overdue (3+ Months),2,Not Dropout
S02648,13,Male,83,38,High,15.8,Yes,Yes,Average,Paid,2,Not Dropout
S02649,12,Female,50,49,High,8.7,Yes,Yes,Good,Overdue (3+ Months),1,Dropout
S02650,15,Female,76,68,High,15.2,Yes,Yes,Good,Overdue (3+ Months),1,Not Dropout
S02651,12,Male,63,75,High,7.6,No,No,Good,Overdue (3+ Months),3,Not Dropout
S02652,18,Male,42,82,Medium,3.7,Yes,No,Average,Paid,5,Not Dropout
S02653,15,Male,67,86,High,8.4,Yes,No,Average,Paid,0,Not Dropout
S02654,15,Male,82,22,Low,14.4,No,Yes,Poor,Paid,2,Dropout
S02655,12,Female,66,84,Low,13.8,Yes,Yes,Average,Paid,1,Not Dropout
S02656,13,Female,40,80,Medium,9.2,No,Yes,Poor,Paid,0,Not Dropout
S02657,16,Male,41,80,High,2.6,No,No,Good,Paid,1,Not Dropout
S02658,13,Female,79,53,Medium,13.0,Yes,Yes,Poor,Overdue (3+ Months),2,Dropout
S02659,13,Female,33,98,High,9.9,Yes,Yes,Average,Paid,2,Not Dropout
S02660,11,Male,41,79,High,17.0,Yes,Yes,Good,Unpaid,2,Dropout
S02661,18,Female,40,69,Low,10.3,Yes,No,Average,Paid,5,Dropout
S02662,15,Male,72,90,High,12.1,Yes,No,Good,Overdue (3+ Months),3,Not Dropout
S02663,11,Male,30,30,High,9.6,No,Yes,Good,Paid,0,Not Dropout
S02664,13,Female,96,21,Medium,10.0,Yes,No,Average,Overdue (3+ Months),0,Not Dropout
S02665,17,Female,84,28,Medium,15.1,Yes,No,Poor,Paid,3,Not Dropout
S02666,16,Female,71,27,Low,19.1,Yes,No,Good,Unpaid,5,Dropout
S02667,12,Male,40,28,High,15.3,No,Yes,Average,Unpaid,2,Dropout
S02668,18,Female,61,30,Medium,8.9,Yes,Yes,Good,Overdue (3+ Months),1,Dropout
S02669,15,Male,41,72,High,12.1,Yes,No,Good,Paid,1,Not Dropout
S02670,12,Male,86,31,High,15.1,Yes,Yes,Poor,Paid,5,Dropout
S02671,14,Female,67,87,High,14.7,Yes,Yes,Average,Unpaid,3,Not Dropout
S02672,12,Female,50,23,High,15.5,Yes,Yes,Poor,Paid,1,Dropout
S02673,16,Male,89,57,High,17.6,No,No,Poor,Paid,5,Not Dropout
S02674,14,Female,49,34,High,11.4,No,Yes,Good,Paid,5,Not Dropout
S02675,15,Female,57,88,Medium,13.2,Yes,No,Good,Paid,3,Not Dropout
S02676,11,Male,97,48,Low,9.3,Yes,No,Average,Overdue (3+ Months),5,Dropout
S02677,11,Female,95,90,Medium,17.9,Yes,No,Average,Paid,0,Not Dropout
S02678,14,Female,47,30,Low,3.9,Yes,Yes,Average,Overdue (3+ Months),4,Dropout
S02679,11,Male,37,52,High,10.5,No,No,Average,Paid,3,Not Dropout
S02680,11,Female,77,56,High,13.7,Yes,No,Poor,Paid,5,Not Dropout
S02681,12,Male,39,36,Medium,7.5,Yes,No,Average,Paid,2,Not Dropout
S02682,16,Male,33,56,Low,1.2,No,No,Poor,Paid,5,Dropout
S02683,12,Male,91,66,High,10.0,Yes,Yes,Poor,Paid,0,Not Dropout
S02684,14,Female,96,60,Medium,8.4,Yes,No,Average,Unpaid,2,Not Dropout
S02685,13,Female,48,89,Medium,19.4,Yes,Yes,Good,Overdue (3+ Months),0,Not Dropout
S02686,12,Male,37,32,Low,19.5,Yes,No,Average,Paid,3,Dropout
S02687,18,Female,47,48,High,13.1,No,No,Good,Unpaid,5,Not Dropout
S02688,17,Male,74,43,High,1.3,No,Yes,Poor,Paid,3,Not Dropout
S02689,15,Female,93,49,Medium,13.8,Yes,Yes,Average,Paid,3,Not Dropout
S02690,12,Male,94,75,Medium,5.4,No,No,Average,Paid,0,Not Dropout
S02691,13,Male,76,69,Medium,8.2,Yes,Yes,Average,Paid,1,Not Dropout
S02692,12,Female,57,49,High,15.3,No,Yes,Average,Unpaid,1,Not Dropout
S02693,13,Female,48,77,Low,16.4,No,Yes,Good,Paid,3,Not Dropout
S02694,16,Female,69,55,High,10.5,No,Yes,Average,Paid,2,Not Dropout
S02695,14,Female,70,29,Low,5.6,No,Yes,Good,Paid,4,Dropout
S02696,16,Female,54,86,Low,1.1,Yes,Yes,Average,Overdue (3+ Months),1,Dropout
S02697,11,Male,59,70,Low,8.1,Yes,No,Average,Paid,5,Not Dropout
S02698,15,Male,97,72,Medium,1.4,Yes,Yes,Average,Paid,5,Not Dropout
S02699,18,Male,42,38,Low,19.0,No,Yes,Good,Paid,2,Dropout
S02700,17,Female,52,71,High,15.5,No,No,Average,Unpaid,1,Not Dropout
S02701,17,Female,63,75,High,5.9,Yes,No,Good,Paid,4,Not Dropout
S02702,18,Male,88,87,Low,13.0,No,No,Poor,Overdue (3+ Months),1,Not Dropout
S02703,11,Male,71,66,High,6.5,No,Yes,Poor,Paid,1,Not Dropout
S02704,18,Female,53,45,Low,19.8,No,No,Average,Unpaid,3,Not Dropout
S02705,14,Female,45,51,Medium,9.2,No,Yes,Average,Unpaid,0,Not Dropout
S02706,12,Female,45,51,Low,17.5,Yes,No,Good,Paid,0,Not Dropout
S02707,14,Female,66,76,High,4.3,Yes,Yes,Poor,Paid,0,Not Dropout
S02708,15,Male,66,41,High,14.3,Yes,No,Poor,Paid,5,Dropout
S02709,13,Female,83,43,High,10.6,No,Yes,Average,Paid,5,Not Dropout
S02710,15,Female,78,48,Low,12.4,No,Yes,Average,Overdue (3+ Months),3,Dropout
S02711,12,Male,71,70,High,13.3,No,Yes,Good,Unpaid,2,Not Dropout
S02712,13,Male,42,98,High,4.0,No,No,Average,Unpaid,1,Not Dropout
S02713,13,Female,79,21,Low,0.6,No,Yes,Average,Paid,1,Not Dropout
S02714,17,Female,67,25,Medium,3.3,No,No,Good,Paid,5,Not Dropout
S02715,17,Male,35,82,Low,18.3,No,No,Poor,Paid,0,Not Dropout
S02716,14,Male,68,40,Medium,13.6,No,No,Good,Paid,1,Not Dropout
S02717,12,Female,32,91,Medium,20.0,Yes,Yes,Good,Overdue (3+ Months),5,Dropout
S02718,16,Female,45,92,Medium,7.9,Yes,No,Good,Paid,3,Not Dropout
S02719,12,Male,98,46,Medium,1.8,Yes,Yes,Good,Unpaid,3,Dropout
S02720,12,Female,73,51,Medium,14.6,No,No,Good,Overdue (3+ Months),1,Not Dropout
S02721,16,Male,90,44,Low,15.8,No,No,Average,Paid,2,Not Dropout
S02722,11,Female,50,93,Low,5.5,No,Yes,Average,Paid,2,Not Dropout
S02723,11,Male,39,97,Low,5.3,No,No,Average,Paid,2,Not Dropout
S02724,13,Female,47,20,High,7.4,No,Yes,Poor,Unpaid,4,Dropout
S02725,15,Female,63,46,Low,13.4,No,No,Average,Paid,3,Not Dropout
S02726,11,Male,32,97,Low,16.6,Yes,No,Average,Paid,2,Not Dropout
S02727,14,Female,47,27,High,7.3,Yes,No,Average,Paid,2,Not Dropout
S02728,16,Female,70,66,High,4.3,Yes,No,Average,Paid,4,Not Dropout
S02729,13,Female,71,100,High,12.4,Yes,No,Poor,Paid,0,Not Dropout
S02730,15,Male,58,76,Medium,19.3,No,No,Good,Unpaid,1,Not Dropout
S02731,13,Male,30,51,High,14.6,Yes,Yes,Good,Paid,4,Dropout
S02732,15,Male,42,33,Low,6.4,Yes,No,Poor,Unpaid,1,Dropout
S02733,13,Male,37,33,Medium,8.3,Yes,Yes,Good,Overdue (3+ Months),3,Dropout
S02734,17,Female,97,82,Low,14.0,No,No,Poor,Overdue (3+ Months),4,Dropout
S02735,17,Male,56,58,Medium,11.5,Yes,Yes,Good,Paid,3,Not Dropout
S02736,17,Female,78,84,Low,13.9,Yes,Yes,Average,Unpaid,2,Dropout
S02737,18,Female,93,82,High,3.3,Yes,Yes,Average,Paid,2,Not Dropout
S02738,12,Male,65,74,High,17.8,Yes,No,Average,Paid,0,Not Dropout
S02739,14,Male,73,31,Low,1.0,Yes,No,Average,Paid,0,Not Dropout
S02740,14,Female,50,87,High,6.4,No,Yes,Average,Overdue (3+ Months),2,Not Dropout
S02741,14,Male,31,88,Low,13.8,No,Yes,Average,Paid,2,Not Dropout
S02742,14,Female,90,87,High,4.4,Yes,No,Good,Overdue (3+ Months),3,Not Dropout
S02743,12,Male,33,62,Low,10.9,Yes,Yes,Good,Overdue (3+ Months),2,Dropout
S02744,16,Female,92,90,High,10.3,Yes,Yes,Poor,Paid,5,Dropout
S02745,12,Female,45,92,Medium,7.9,Yes,No,Average,Paid,5,Not Dropout
S02746,13,Female,81,93,High,15.0,Yes,Yes,Average,Paid,1,Not Dropout
S02747,14,Male,59,76,High,18.6,No,Yes,Good,Unpaid,4,Not Dropout
S02748,13,Female,98,72,Low,12.5,No,Yes,Good,Paid,2,Not Dropout
S02749,17,Male,74,91,High,2.2,No,Yes,Good,Paid,2,Not Dropout
S02750,13,Female,82,40,Low,1.8,Yes,Yes,Average,Paid,1,Dropout
S02751,14,Male,65,51,Low,9.0,No,No,Good,Paid,5,Not Dropout
S02752,18,Male,88,46,Medium,13.0,Yes,Yes,Average,Overdue (3+ Months),4,Dropout
S02753,14,Male,91,71,Low,7.0,No,No,Poor,Unpaid,4,Dropout
S02754,12,Female,70,68,Medium,19.8,No,Yes,Poor,Overdue (3+ Months),4,Dropout
S02755,14,Male,88,75,Low,6.7,Yes,Yes,Average,Paid,2,Not Dropout
S02756,18,Female,65,79,Medium,8.7,No,Yes,Average,Paid,3,Not Dropout
S02757,13,Female,87,66,Medium,11.7,Yes,No,Good,Unpaid,3,Not Dropout
S02758,17,Female,53,78,Medium,8.0,Yes,No,Good,Paid,1,Not Dropout
S02759,13,Female,83,53,Low,0.9,Yes,Yes,Good,Overdue (3+ Months),5,Dropout
S02760,11,Male,57,88,High,10.9,No,No,Poor,Paid,0,Not Dropout
S02761,11,Male,37,59,Medium,3.7,Yes,Yes,Good,Paid,2,Not Dropout
S02762,14,Male,37,45,High,8.1,Yes,Yes,Good,Unpaid,3,Dropout
S02763,12,Female,76,77,High,9.1,No,Yes,Good,Paid,5,Not Dropout
S02764,11,Male,71,91,High,6.3,No,Yes,Poor,Paid,1,Not Dropout
S02765,15,Female,63,79,Low,7.8,Yes,No,Good,Unpaid,4,Dropout
S02766,14,Male,36,99,Medium,1.9,No,No,Poor,Overdue (3+ Months),5,Dropout
S02767,16,Female,50,79,Medium,7.8,No,No,Poor,Paid,4,Not Dropout
S02768,18,Male,93,100,Medium,14.3,Yes,No,Average,Unpaid,5,Not Dropout
S02769,12,Male,44,36,High,16.6,Yes,No,Average,Paid,5,Dropout
S02770,18,Female,63,43,Low,11.0,No,Yes,Good,Paid,2,Not Dropout
S02771,15,Female,75,32,High,6.2,No,Yes,Average,Unpaid,4,Dropout
S02772,13,Male,86,45,High,16.0,Yes,Yes,Average,Paid,3,Not Dropout
S02773,13,Male,96,49,Medium,6.1,No,Yes,Average,Paid,2,Not Dropout
S02774,13,Female,98,33,Low,15.0,Yes,Yes,Average,Unpaid,4,Dropout
S02775,14,Male,32,40,High,8.6,No,Yes,Poor,Paid,4,Dropout
S02776,17,Male,68,31,Low,12.2,No,No,Average,Paid,3,Not Dropout
S02777,11,Male,72,54,High,18.5,No,No,Poor,Paid,1,Not Dropout
S02778,17,Male,90,83,High,18.1,Yes,Yes,Good,Paid,2,Not Dropout
S02779,18,Female,48,86,Medium,9.3,Yes,No,Good,Unpaid,1,Not Dropout
S02780,13,Female,40,20,Low,6.2,No,Yes,Average,Paid,2,Dropout
S02781,17,Male,42,23,High,8.9,No,No,Average,Unpaid,1,Not Dropout
S02782,11,Female,98,90,Medium,19.4,No,No,Average,Unpaid,5,Not Dropout
S02783,13,Female,62,66,Medium,17.1,No,Yes,Poor,Paid,1,Not Dropout
S02784,12,Female,53,33,High,15.6,Yes,No,Average,Unpaid,5,Dropout
S02785,12,Male,97,70,Low,17.4,Yes,Yes,Average,Paid,2,Not Dropout
S02786,15,Female,63,63,High,5.8,Yes,Yes,Average,Paid,2,Not Dropout
S02787,11,Male,87,73,Low,2.9,Yes,Yes,Poor,Paid,3,Dropout
S02788,18,Female,41,71,High,13.3,No,Yes,Poor,Paid,3,Not Dropout
S02789,12,Female,80,80,Medium,5.5,No,Yes,Poor,Unpaid,4,Dropout
S02790,16,Male,37,32,High,12.4,Yes,Yes,Good,Paid,3,Dropout
S02791,16,Female,70,97,Low,1.1,Yes,Yes,Poor,Paid,1,Dropout
S02792,16,Male,75,85,Low,9.9,No,Yes,Good,Paid,4,Not Dropout
S02793,15,Male,83,92,Medium,1.1,No,Yes,Good,Unpaid,3,Not Dropout
S02794,11,Male,35,84,Low,13.6,No,No,Poor,Paid,4,Dropout
S02795,16,Male,98,25,Low,15.7,Yes,Yes,Average,Overdue (3+ Months),1,Dropout
S02796,16,Female,58,38,Medium,6.1,Yes,No,Poor,Paid,5,Dropout
S02797,12,Female,76,69,Low,12.0,No,No,Good,Unpaid,2,Not Dropout
S02798,13,Female,86,50,Low,16.5,No,No,Good,Unpaid,2,Not Dropout
S02799,18,Male,49,40,High,13.4,No,Yes,Average,Paid,1,Not Dropout
S02800,17,Female,50,45,Low,9.8,Yes,Yes,Average,Paid,1,Dropout
S02801,18,Female,50,57,High,3.1,Yes,No,Poor,Paid,4,Not Dropout
S02802,17,Female,61,48,High,6.5,Yes,No,Good,Paid,2,Not Dropout
S02803,16,Male,32,59,Low,5.7,No,Yes,Average,Overdue (3+ Months),2,Dropout
S02804,17,Female,84,66,High,19.5,Yes,Yes,Good,Paid,1,Not Dropout
S02805,12,Female,42,55,Medium,8.4,Yes,Yes,Poor,Paid,5,Dropout
S02806,17,Female,78,74,High,9.6,Yes,No,Good,Unpaid,2,Not Dropout
S02807,13,Male,79,81,Medium,9.2,Yes,No,Average,Paid,0,Not Dropout
S02808,16,Male,79,43,High,1.9,No,No,Average,Overdue (3+ Months),0,Not Dropout
S02809,17,Female,64,28,High,1.2,Yes,Yes,Average,Overdue (3+ Months),2,Dropout
S02810,13,Female,90,38,Low,9.4,Yes,No,Average,Paid,4,Dropout
S02811,13,Male,90,21,Medium,7.7,Yes,Yes,Average,Paid,1,Not Dropout
S02812,12,Female,87,51,Low,10.4,Yes,No,Average,Paid,5,Not Dropout
S02813,17,Male,93,73,Medium,10.7,Yes,Yes,Poor,Paid,1,Not Dropout
S02814,14,Male,97,76,Low,3.5,Yes,Yes,Poor,Unpaid,3,Dropout
S02815,11,Male,91,43,Medium,6.1,No,Yes,Average,Overdue (3+ Months),2,Not Dropout
S02816,18,Female,78,76,High,10.3,Yes,Yes,Average,Paid,5,Not Dropout
S02817,14,Male,96,75,High,19.2,No,Yes,Average,Overdue (3+ Months),2,Not Dropout
S02818,17,Male,70,45,Low,19.4,No,Yes,Average,Paid,0,Not Dropout
S02819,13,Female,68,20,High,14.5,No,No,Good,Unpaid,4,Not Dropout
S02820,16,Male,30,20,Medium,4.5,No,No,Poor,Unpaid,5,Dropout
S02821,15,Female,57,57,Low,15.6,No,Yes,Average,Overdue (3+ Months),4,Dropout
S02822,14,Female,98,85,Medium,12.4,No,Yes,Average,Paid,0,Not Dropout
S02823,18,Female,79,79,High,17.0,No,Yes,Average,Paid,2,Not Dropout
S02824,11,Female,57,37,Medium,14.2,No,Yes,Average,Overdue (3+ Months),2,Not Dropout
S02825,15,Female,64,21,High,19.9,No,No,Average,Paid,3,Not Dropout
S02826,14,Female,49,75,Low,0.8,Yes,No,Poor,Paid,1,Not Dropout
S02827,16,Female,77,39,Medium,6.1,No,No,Average,Paid,4,Not Dropout
S02828,14,Female,75,52,Medium,12.2,No,Yes,Average,Unpaid,3,Not Dropout
S02829,12,Male,50,70,Medium,17.8,Yes,Yes,Average,Paid,2,Not Dropout
S02830,15,Female,48,41,High,1.9,No,No,Poor,Paid,5,Not Dropout
S02831,15,Female,94,95,High,18.7,No,Yes,Average,Overdue (3+ Months),1,Not Dropout
S02832,17,Female,36,73,High,1.4,No,Yes,Average,Paid,5,Not Dropout
S02833,13,Male,46,38,High,1.6,No,Yes,Good,Paid,1,Not Dropout
S02834,18,Female,47,83,High,9.3,Yes,Yes,Average,Unpaid,2,Not Dropout
S02835,15,Male,88,83,High,6.4,No,Yes,Poor,Paid,5,Not Dropout
S02836,15,Female,74,91,Medium,19.3,Yes,No,Poor,Paid,2,Not Dropout
S02837,11,Male,67,27,Low,2.7,Yes,No,Average,Paid,0,Not Dropout
S02838,14,Male,85,75,Medium,12.9,No,Yes,Good,Paid,2,Not Dropout
S02839,15,Male,78,77,Medium,3.6,Yes,Yes,Average,Overdue (3+ Months),1,Not Dropout
S02840,14,Female,38,95,High,9.3,No,No,Average,Overdue (3+ Months),1,Not Dropout
S02841,15,Female,85,85,Medium,15.0,Yes,No,Average,Paid,5,Not Dropout
S02842,12,Male,85,88,Low,0.9,No,Yes,Good,Overdue (3+ Months),1,Not Dropout
S02843,12,Male,93,46,High,6.7,Yes,No,Average,Paid,4,Not Dropout
S02844,11,Male,84,55,Medium,12.0,No,No,Good,Paid,5,Not Dropout
S02845,11,Male,63,81,Medium,8.6,Yes,No,Good,Paid,0,Not Dropout
S02846,13,Female,37,36,Medium,15.7,Yes,Yes,Good,Unpaid,2,Dropout
S02847,15,Male,64,44,Low,7.5,No,No,Average,Overdue (3+ Months),2,Not Dropout
S02848,12,Male,47,32,High,14.5,No,Yes,Good,Paid,0,Not Dropout
S02849,15,Male,75,92,High,10.9,No,Yes,Average,Paid,2,Not Dropout
S02850,16,Male,56,83,Low,2.5,No,No,Good,Paid,2,Not Dropout
S02851,13,Male,65,88,High,5.1,No,No,Poor,Paid,1,Not Dropout
S02852,18,Male,93,91,High,10.2,Yes,No,Average,Unpaid,1,Not Dropout
S02853,18,Female,74,70,Low,3.0,No,Yes,Good,Paid,5,Not Dropout
S02854,13,Male,86,33,Low,2.5,No,No,Good,Paid,0,Not Dropout
S02855,14,Male,80,82,Low,13.3,No,Yes,Average,Paid,5,Not Dropout
S02856,18,Female,82,78,High,13.0,No,Yes,Poor,Paid,2,Not Dropout
S02857,15,Female,67,65,Medium,11.8,No,Yes,Poor,Paid,0,Not Dropout
S02858,11,Male,38,35,Medium,13.7,Yes,Yes,Average,Paid,4,Dropout
S02859,16,Female,65,56,Medium,1.9,Yes,Yes,Good,Unpaid,2,Not Dropout
S02860,16,Female,66,21,Medium,16.0,No,Yes,Average,Unpaid,5,Dropout
S02861,14,Female,35,67,Medium,11.8,No,Yes,Poor,Paid,4,Dropout
S02862,12,Male,57,67,Medium,12.5,Yes,Yes,Average,Overdue (3+ Months),4,Dropout
S02863,14,Female,86,31,High,0.9,No,No,Good,Paid,5,Not Dropout
S02864,13,Female,42,24,Low,14.0,Yes,Yes,Average,Unpaid,1,Dropout
S02865,11,Female,60,81,High,15.6,No,Yes,Good,Paid,5,Not Dropout
S02866,13,Male,62,31,High,18.0,No,No,Average,Paid,0,Not Dropout
S02867,18,Male,33,98,Medium,17.9,No,No,Poor,Unpaid,5,Dropout
S02868,13,Male,67,70,Low,19.4,Yes,No,Good,Unpaid,3,Not Dropout
S02869,13,Male,62,66,Medium,7.8,No,No,Average,Unpaid,2,Not Dropout
S02870,18,Male,58,44,Low,8.6,Yes,Yes,Poor,Paid,1,Dropout
S02871,17,Female,48,95,Low,0.7,No,No,Poor,Paid,2,Not Dropout
S02872,13,Female,86,30,High,3.1,Yes,Yes,Average,Paid,2,Not Dropout
S02873,13,Male,60,80,Medium,6.4,Yes,No,Average,Paid,2,Not Dropout
S02874,13,Female,87,20,Medium,6.4,No,No,Good,Paid,1,Not Dropout
S02875,15,Female,33,37,High,7.6,Yes,No,Average,Paid,0,Not Dropout
S02876,18,Female,46,37,Low,9.9,Yes,No,Poor,Paid,0,Dropout
S02877,15,Male,74,33,High,5.3,Yes,No,Average,Unpaid,4,Dropout
S02878,17,Male,50,52,High,8.6,Yes,Yes,Good,Unpaid,3,Not Dropout
S02879,12,Female,86,88,Medium,13.3,Yes,No,Average,Paid,4,Not Dropout
S02880,11,Female,71,60,Low,15.6,No,No,Good,Paid,4,Not Dropout
S02881,18,Male,39,90,Medium,17.8,Yes,Yes,Good,Paid,2,Not Dropout
S02882,14,Male,60,21,Low,14.6,Yes,Yes,Good,Paid,1,Dropout
S02883,12,Female,70,73,Low,18.0,No,Yes,Good,Paid,4,Not Dropout
S02884,17,Female,93,68,High,8.9,Yes,Yes,Average,Overdue (3+ Months),4,Dropout
S02885,18,Female,39,21,High,19.5,Yes,Yes,Poor,Paid,2,Dropout
S02886,15,Female,52,22,High,6.8,No,Yes,Average,Paid,2,Not Dropout
S02887,18,Male,36,85,High,1.3,No,No,Poor,Paid,1,Not Dropout
S02888,17,Female,90,36,High,5.3,Yes,Yes,Average,Overdue (3+ Months),5,Dropout
S02889,13,Female,95,22,Low,3.9,Yes,Yes,Good,Paid,0,Dropout
S02890,18,Male,83,25,Medium,11.0,No,No,Average,Paid,1,Not Dropout
S02891,18,Male,43,80,Medium,5.6,No,Yes,Average,Unpaid,3,Not Dropout
S02892,16,Male,60,80,Low,18.7,No,No,Average,Paid,0,Not Dropout
S02893,18,Female,48,93,High,16.6,Yes,No,Good,Paid,1,Not Dropout
S02894,12,Female,61,30,High,1.1,Yes,No,Average,Overdue (3+ Months),3,Not Dropout
S02895,16,Female,81,70,Medium,6.8,Yes,No,Average,Paid,2,Not Dropout
S02896,18,Female,76,32,Low,3.3,No,Yes,Poor,Unpaid,0,Dropout
S02897,11,Female,40,50,Low,6.7,Yes,Yes,Average,Paid,0,Dropout
S02898,13,Female,91,42,Low,6.2,No,No,Average,Paid,3,Not Dropout
S02899,15,Female,67,77,Low,10.2,Yes,No,Average,Paid,5,Not Dropout
S02900,14,Female,37,63,Low,13.5,Yes,Yes,Good,Overdue (3+ Months),2,Dropout
S02901,18,Male,44,63,High,13.9,Yes,No,Poor,Paid,2,Not Dropout
S02902,18,Male,73,94,Medium,13.0,Yes,Yes,Poor,Paid,5,Dropout
S02903,18,Female,95,30,Low,16.4,No,No,Good,Paid,0,Not Dropout
S02904,11,Male,59,35,High,18.7,No,No,Average,Paid,2,Not Dropout
S02905,15,Male,91,62,High,2.1,Yes,No,Poor,Paid,4,Not Dropout
S02906,15,Male,87,66,Low,10.6,No,No,Average,Paid,1,Not Dropout
S02907,15,Female,97,58,Low,15.5,No,Yes,Poor,Unpaid,3,Dropout
S02908,16,Female,52,27,High,9.5,Yes,Yes,Good,Paid,1,Not Dropout
S02909,14,Male,97,97,Medium,8.9,No,No,Poor,Unpaid,1,Not Dropout
S02910,11,Male,55,29,Medium,10.9,No,Yes,Good,Paid,5,Not Dropout
S02911,11,Female,61,93,Medium,12.3,No,Yes,Poor,Paid,5,Not Dropout
S02912,18,Male,90,22,Low,3.0,No,No,Average,Paid,3,Not Dropout
S02913,12,Female,87,45,Medium,18.8,Yes,Yes,Good,Paid,1,Not Dropout
S02914,12,Female,64,51,Low,7.2,Yes,Yes,Poor,Paid,4,Dropout
S02915,16,Male,35,84,Medium,16.5,No,No,Average,Paid,2,Not Dropout
S02916,15,Female,33,72,Medium,4.7,No,No,Average,Paid,2,Not Dropout
S02917,16,Male,92,71,Medium,12.8,Yes,No,Average,Unpaid,5,Not Dropout
S02918,14,Female,45,92,Medium,12.8,No,No,Average,Unpaid,2,Not Dropout
S02919,14,Male,89,20,Medium,5.9,No,Yes,Poor,Paid,1,Not Dropout
S02920,15,Female,90,50,Medium,14.6,Yes,No,Good,Overdue (3+ Months),4,Not Dropout
S02921,17,Male,82,96,Medium,15.9,Yes,Yes,Good,Paid,3,Not Dropout
S02922,16,Male,76,43,Low,16.6,No,No,Average,Paid,5,Not Dropout
S02923,14,Female,35,70,High,14.1,No,Yes,Average,Paid,2,Not Dropout
S02924,11,Male,86,74,High,7.2,Yes,Yes,Average,Paid,0,Not Dropout
S02925,12,Female,42,82,Low,4.4,No,No,Poor,Overdue (3+ Months),4,Dropout
S02926,11,Male,93,44,High,7.2,Yes,No,Average,Paid,1,Not Dropout
S02927,14,Female,71,87,Low,1.1,No,Yes,Good,Unpaid,1,Not Dropout
S02928,13,Female,32,42,Low,4.5,No,Yes,Average,Unpaid,5,Dropout
S02929,17,Female,68,77,Low,3.0,Yes,Yes,Average,Paid,2,Not Dropout
S02930,16,Male,54,20,High,2.8,No,Yes,Average,Paid,2,Not Dropout
S02931,12,Female,65,38,Low,1.3,Yes,No,Average,Unpaid,0,Dropout
S02932,14,Male,47,69,Medium,3.1,No,Yes,Poor,Paid,1,Not Dropout
S02933,15,Female,73,76,Low,12.9,No,No,Average,Paid,0,Not Dropout
S02934,11,Female,66,64,High,20.0,No,No,Poor,Paid,0,Not Dropout
S02935,14,Male,71,46,Medium,19.4,Yes,No,Poor,Paid,4,Dropout
S02936,13,Male,92,38,Medium,17.7,No,No,Good,Paid,4,Not Dropout
S02937,13,Female,32,90,High,3.9,Yes,No,Poor,Paid,1,Not Dropout
S02938,13,Female,70,72,High,17.3,No,Yes,Average,Unpaid,1,Not Dropout
S02939,12,Female,44,71,High,9.6,Yes,Yes,Average,Paid,4,Dropout
S02940,13,Male,93,53,Medium,5.7,Yes,Yes,Good,Overdue (3+ Months),5,Dropout
S02941,15,Male,92,71,High,7.8,No,Yes,Poor,Paid,3,Not Dropout
S02942,17,Male,76,25,High,16.5,No,No,Good,Paid,4,Not Dropout
S02943,15,Female,55,33,Low,2.4,No,Yes,Average,Paid,1,Not Dropout
S02944,18,Female,83,28,Medium,13.1,Yes,No,Good,Unpaid,3,Not Dropout
S02945,14,Male,86,28,Low,10.4,Yes,Yes,Poor,Unpaid,1,Dropout
S02946,11,Male,71,71,Medium,8.5,No,No,Average,Paid,4,Not Dropout
S02947,18,Female,49,100,Medium,16.9,Yes,No,Average,Overdue (3+ Months),3,Not Dropout
S02948,14,Male,74,75,High,18.0,Yes,Yes,Average,Paid,5,Not Dropout
S02949,11,Female,37,37,High,4.4,No,No,Average,Overdue (3+ Months),5,Dropout
S02950,15,Male,71,68,High,6.2,No,Yes,Average,Unpaid,0,Not Dropout
S02951,15,Female,83,48,Low,10.8,No,Yes,Poor,Paid,0,Dropout
S02952,13,Female,96,67,Medium,16.4,No,No,Good,Paid,2,Not Dropout
S02953,15,Female,38,51,Medium,12.2,Yes,No,Poor,Paid,3,Not Dropout
S02954,18,Female,69,20,High,18.0,No,No,Good,Paid,4,Not Dropout
S02955,16,Male,60,62,High,3.2,Yes,No,Average,Paid,3,Not Dropout
S02956,12,Female,40,64,Low,14.9,Yes,No,Average,Paid,0,Not Dropout
S02957,11,Female,38,58,Medium,12.8,No,Yes,Good,Overdue (3+ Months),0,Not Dropout
S02958,12,Female,59,82,Medium,13.6,No,No,Good,Paid,0,Not Dropout
S02959,13,Female,36,53,Medium,1.5,Yes,No,Average,Paid,1,Not Dropout
S02960,12,Male,93,25,Medium,9.5,No,Yes,Good,Paid,4,Not Dropout
S02961,18,Female,44,26,Medium,1.7,Yes,Yes,Poor,Paid,4,Dropout
S02962,12,Male,34,93,Low,8.9,Yes,No,Good,Paid,5,Dropout
S02963,12,Female,49,71,High,16.5,Yes,Yes,Poor,Paid,1,Not Dropout
S02964,12,Female,64,86,High,1.8,No,No,Average,Paid,5,Not Dropout
S02965,12,Male,86,76,High,0.8,Yes,No,Good,Unpaid,5,Not Dropout
S02966,16,Female,83,98,Low,12.2,No,Yes,Good,Paid,1,Not Dropout
S02967,12,Female,38,89,High,0.9,No,No,Good,Paid,1,Not Dropout
S02968,14,Female,60,86,Medium,15.1,Yes,Yes,Average,Paid,5,Not Dropout
S02969,15,Male,58,70,Low,13.0,No,No,Average,Overdue (3+ Months),1,Not Dropout
S02970,17,Female,74,39,High,8.1,Yes,Yes,Average,Paid,4,Dropout
S02971,15,Male,39,38,Medium,2.6,No,No,Good,Paid,1,Not Dropout
S02972,18,Female,85,55,Low,16.2,Yes,Yes,Good,Paid,3,Not Dropout
S02973,18,Male,71,98,High,14.1,Yes,No,Average,Overdue (3+ Months),1,Not Dropout
S02974,14,Male,53,32,Low,18.3,No,Yes,Average,Unpaid,1,Dropout
S02975,15,Male,38,55,High,0.6,No,Yes,Average,Paid,4,Not Dropout
S02976,11,Female,44,50,High,18.9,No,Yes,Good,Paid,0,Not Dropout
S02977,18,Female,92,76,High,10.0,No,No,Average,Paid,1,Not Dropout
S02978,16,Female,80,28,Low,0.7,Yes,No,Average,Unpaid,5,Dropout
S02979,11,Male,38,32,Low,9.2,Yes,No,Average,Unpaid,5,Dropout
S02980,15,Female,58,58,Medium,10.1,No,Yes,Poor,Paid,0,Not Dropout
S02981,16,Male,40,67,Medium,18.2,No,No,Good,Paid,3,Not Dropout
S02982,16,Male,82,64,Medium,5.0,No,No,Good,Overdue (3+ Months),1,Not Dropout
S02983,18,Female,81,24,Medium,12.9,Yes,No,Average,Paid,0,Not Dropout
S02984,17,Female,47,28,Medium,19.7,No,Yes,Good,Overdue (3+ Months),3,Not Dropout
S02985,13,Male,74,81,High,17.8,Yes,Yes,Average,Paid,4,Not Dropout
S02986,18,Female,55,98,Low,10.2,Yes,Yes,Poor,Paid,3,Dropout
S02987,12,Male,84,35,Low,4.2,Yes,Yes,Average,Paid,0,Dropout
S02988,13,Male,34,68,Medium,18.0,No,No,Good,Unpaid,3,Not Dropout
S02989,14,Female,36,63,Medium,12.6,Yes,Yes,Poor,Paid,5,Dropout
S02990,16,Female,87,59,High,13.7,Yes,Yes,Average,Overdue (3+ Months),4,Dropout
S02991,17,Male,40,48,High,18.5,Yes,No,Poor,Unpaid,3,Dropout
S02992,15,Female,51,28,Low,6.5,No,Yes,Good,Paid,1,Not Dropout
S02993,11,Female,91,54,Medium,14.1,No,No,Good,Unpaid,0,Not Dropout
S02994,12,Female,44,60,Low,4.1,No,No,Poor,Paid,0,Not Dropout
S02995,13,Male,67,69,High,6.1,No,No,Average,Overdue (3+ Months),4,Not Dropout
S02996,11,Female,51,44,Medium,14.1,No,Yes,Good,Overdue (3+ Months),0,Not Dropout
S02997,16,Female,66,67,Medium,9.0,No,No,Good,Paid,1,Not Dropout
S02998,18,Male,35,98,Low,8.4,Yes,Yes,Good,Paid,2,Dropout
S02999,18,Male,46,67,Low,17.0,Yes,Yes,Poor,Unpaid,3,Dropout
S03000,15,Male,50,84,Low,12.2,No,No,Average,Overdue (3+ Months),0,Not Dropout
S03001,12,Female,41,78,High,11.2,Yes,Yes,Good,Paid,3,Not Dropout
S03002,16,Female,79,46,Medium,4.0,Yes,No,Poor,Paid,0,Not Dropout
S03003,17,Female,81,76,Low,5.0,Yes,No,Good,Paid,3,Not Dropout
S03004,11,Female,75,26,High,3.5,Yes,No,Good,Unpaid,1,Not Dropout
S03005,15,Male,30,81,Low,13.3,Yes,Yes,Good,Paid,4,Dropout
S03006,12,Male,40,82,Low,16.5,Yes,No,Poor,Paid,1,Dropout
S03007,13,Female,55,96,High,7.7,Yes,No,Good,Paid,2,Not Dropout
S03008,16,Male,83,48,Low,2.0,Yes,Yes,Average,Paid,5,Dropout
S03009,15,Male,98,57,Medium,4.5,Yes,Yes,Good,Paid,3,Not Dropout
S03010,15,Male,47,58,Medium,1.1,No,No,Average,Unpaid,2,Not Dropout
S03011,16,Female,30,74,High,14.8,Yes,Yes,Good,Unpaid,5,Dropout
S03012,14,Female,35,53,Low,18.8,Yes,Yes,Poor,Paid,2,Dropout
S03013,14,Female,49,61,High,5.6,No,Yes,Good,Unpaid,0,Not Dropout
S03014,16,Male,31,89,Low,11.5,No,Yes,Poor,Paid,2,Dropout
S03015,14,Male,44,23,High,13.0,No,Yes,Good,Paid,0,Not Dropout
S03016,15,Male,46,22,Medium,4.0,Yes,No,Good,Paid,2,Not Dropout
S03017,14,Male,62,65,High,14.2,Yes,No,Poor,Paid,4,Not Dropout
S03018,11,Female,65,42,Medium,6.3,No,Yes,Average,Paid,3,Not Dropout
S03019,15,Male,63,54,Medium,13.3,Yes,No,Poor,Unpaid,5,Dropout
S03020,18,Female,30,50,High,10.7,No,No,Average,Overdue (3+ Months),5,Not Dropout
S03021,12,Female,53,31,Low,14.1,No,Yes,Good,Overdue (3+ Months),0,Dropout
S03022,14,Female,69,41,High,1.2,No,Yes,Poor,Paid,0,Not Dropout
S03023,12,Male,55,50,Medium,10.6,No,Yes,Average,Paid,1,Not Dropout
S03024,13,Male,78,66,High,5.0,No,Yes,Good,Paid,1,Not Dropout
S03025,11,Female,93,71,Medium,3.4,No,Yes,Good,Paid,3,Not Dropout
S03026,16,Female,71,86,Medium,8.3,No,Yes,Poor,Paid,0,Not Dropout
S03027,17,Male,61,81,High,10.6,No,Yes,Average,Overdue (3+ Months),5,Not Dropout
S03028,15,Male,91,46,High,13.5,Yes,Yes,Good,Paid,1,Not Dropout
S03029,12,Female,42,84,Low,7.7,Yes,No,Good,Paid,5,Dropout
S03030,13,Male,82,76,Medium,7.1,Yes,No,Good,Paid,3,Not Dropout
S03031,14,Female,31,40,Medium,9.2,Yes,No,Average,Paid,1,Not Dropout
S03032,17,Female,49,100,High,10.7,No,Yes,Good,Paid,1,Not Dropout
S03033,17,Female,40,91,High,10.5,Yes,Yes,Average,Paid,4,Dropout
S03034,13,Female,90,74,Medium,1.3,Yes,No,Good,Unpaid,4,Not Dropout
S03035,11,Male,66,89,Low,13.9,No,Yes,Poor,Paid,2,Not Dropout
S03036,15,Female,69,42,Medium,1.5,Yes,No,Average,Paid,4,Not Dropout
S03037,15,Female,48,60,High,19.4,No,Yes,Average,Paid,3,Not Dropout
S03038,16,Female,59,74,Medium,18.8,No,Yes,Good,Paid,5,Not Dropout
S03039,17,Female,66,84,High,15.3,No,Yes,Average,Paid,3,Not Dropout
S03040,13,Female,42,50,Low,5.1,No,No,Average,Paid,4,Not Dropout
S03041,11,Female,77,40,High,11.5,No,Yes,Good,Paid,5,Not Dropout
S03042,11,Male,86,70,High,9.5,Yes,No,Good,Paid,3,Not Dropout
S03043,12,Male,58,89,Medium,19.9,Yes,No,Average,Overdue (3+ Months),1,Not Dropout
S03044,12,Male,50,88,High,8.6,No,No,Average,Paid,1,Not Dropout
S03045,14,Male,77,96,High,8.0,No,Yes,Average,Paid,2,Not Dropout
S03046,18,Female,56,98,Low,10.5,Yes,No,Average,Paid,0,Not Dropout
S03047,14,Female,31,71,Medium,13.8,No,Yes,Good,Unpaid,4,Dropout
S03048,14,Female,40,36,High,4.9,No,No,Good,Paid,4,Not Dropout
S03049,12,Male,58,39,Medium,18.6,No,Yes,Good,Paid,2,Not Dropout
S03050,15,Female,60,25,High,9.8,No,No,Average,Paid,1,Not Dropout
S03051,12,Male,86,97,High,14.5,No,No,Good,Paid,4,Not Dropout
S03052,14,Male,70,90,Medium,5.1,Yes,No,Average,Overdue (3+ Months),2,Not Dropout
S03053,16,Male,59,76,High,1.6,Yes,Yes,Good,Overdue (3+ Months),0,Not Dropout
S03054,13,Female,45,29,Low,14.0,No,Yes,Average,Paid,3,Not Dropout
S03055,15,Male,94,81,Medium,4.1,No,No,Average,Paid,4,Not Dropout
S03056,14,Male,95,55,High,16.3,No,No,Average,Paid,0,Not Dropout
S03057,11,Male,45,65,Low,10.4,No,Yes,Poor,Unpaid,5,Dropout
S03058,16,Female,60,58,Low,13.3,No,No,Good,Unpaid,1,Not Dropout
S03059,12,Male,55,49,Medium,12.8,Yes,Yes,Good,Paid,3,Not Dropout
S03060,11,Male,68,32,Medium,7.2,No,No,Good,Overdue (3+ Months),0,Not Dropout
S03061,17,Female,67,54,High,12.8,Yes,Yes,Average,Unpaid,2,Not Dropout
S03062,15,Male,47,91,Low,6.9,No,No,Good,Paid,2,Not Dropout
S03063,11,Female,52,56,High,12.7,No,No,Good,Paid,4,Not Dropout
S03064,11,Male,47,21,Medium,10.3,Yes,Yes,Average,Unpaid,1,Dropout
S03065,17,Female,37,55,High,18.8,No,Yes,Good,Paid,3,Not Dropout
S03066,12,Female,80,50,Low,19.5,Yes,No,Good,Paid,0,Not Dropout
S03067,13,Male,39,98,Medium,15.8,Yes,No,Good,Paid,3,Not Dropout
S03068,17,Female,75,91,Medium,12.3,Yes,No,Average,Paid,1,Not Dropout
S03069,15,Male,56,23,Medium,12.2,No,No,Good,Paid,4,Not Dropout
S03070,18,Female,98,82,Medium,12.9,Yes,Yes,Average,Paid,4,Not Dropout
S03071,18,Male,53,59,High,4.2,No,No,Good,Unpaid,4,Not Dropout
S03072,15,Female,88,66,Low,4.5,Yes,Yes,Poor,Paid,4,Dropout
S03073,18,Female,98,36,Medium,17.4,Yes,Yes,Poor,Overdue (3+ Months),3,Dropout
S03074,14,Female,40,92,Low,4.8,Yes,Yes,Good,Paid,1,Dropout
S03075,17,Female,68,95,Medium,14.7,Yes,Yes,Average,Paid,0,Not Dropout
S03076,18,Female,94,58,Low,11.2,Yes,No,Good,Paid,1,Not Dropout
S03077,15,Female,68,77,Low,4.8,Yes,Yes,Good,Paid,0,Not Dropout
S03078,11,Male,85,34,High,11.1,Yes,Yes,Good,Overdue (3+ Months),2,Dropout
S03079,14,Female,77,41,High,7.6,Yes,Yes,Average,Unpaid,3,Dropout
S03080,16,Female,37,76,High,7.1,Yes,No,Average,Unpaid,2,Not Dropout
S03081,15,Male,80,88,Medium,18.4,No,No,Poor,Unpaid,3,Not Dropout
S03082,15,Male,45,66,Medium,10.9,No,No,Good,Unpaid,5,Not Dropout
S03083,15,Male,85,63,Medium,3.0,Yes,No,Good,Paid,1,Not Dropout
S03084,11,Female,47,31,High,8.9,Yes,No,Good,Paid,4,Not Dropout
S03085,11,Male,32,91,High,1.1,Yes,No,Poor,Paid,2,Not Dropout
S03086,12,Female,79,48,Low,19.3,Yes,Yes,Good,Paid,0,Dropout
S03087,15,Female,85,95,Medium,10.0,No,No,Good,Overdue (3+ Months),0,Not Dropout
S03088,14,Female,56,35,High,1.5,Yes,Yes,Good,Paid,3,Not Dropout
S03089,13,Female,83,80,High,12.2,Yes,Yes,Good,Paid,2,Not Dropout
S03090,14,Male,72,25,Medium,6.6,Yes,No,Average,Unpaid,2,Not Dropout
S03091,16,Male,92,93,Low,11.4,Yes,Yes,Good,Unpaid,4,Dropout
S03092,14,Female,86,21,High,5.9,Yes,No,Poor,Paid,1,Not Dropout
S03093,18,Female,45,67,High,14.4,No,Yes,Good,Unpaid,5,Not Dropout
S03094,16,Male,32,27,Low,10.1,No,Yes,Average,Paid,4,Dropout
S03095,17,Female,35,97,Medium,13.0,No,Yes,Good,Paid,0,Not Dropout
S03096,16,Female,54,49,Low,17.1,No,Yes,Good,Paid,0,Not Dropout
S03097,17,Female,43,26,High,1.5,Yes,Yes,Poor,Paid,0,Dropout
S03098,13,Female,64,82,High,5.4,No,No,Average,Unpaid,1,Not Dropout
S03099,11,Female,72,43,High,15.8,No,Yes,Average,Paid,4,Not Dropout
S03100,16,Female,32,31,Medium,19.8,No,No,Good,Paid,2,Not Dropout
S03101,14,Male,71,22,Medium,2.9,No,No,Average,Paid,4,Not Dropout
S03102,11,Male,65,60,High,9.4,No,Yes,Average,Paid,3,Not Dropout
S03103,16,Female,94,79,High,11.7,Yes,Yes,Good,Paid,3,Not Dropout
S03104,15,Male,68,55,Medium,10.3,Yes,Yes,Good,Paid,4,Not Dropout
S03105,16,Male,75,33,Low,3.0,No,Yes,Good,Paid,4,Dropout
S03106,12,Male,86,98,Medium,2.9,No,No,Average,Paid,1,Not Dropout
S03107,11,Male,50,42,High,19.8,No,No,Average,Paid,4,Not Dropout
S03108,18,Female,67,50,Low,12.4,Yes,No,Good,Paid,3,Not Dropout
S03109,13,Female,72,31,Medium,13.9,Yes,Yes,Average,Paid,0,Not Dropout
S03110,17,Male,63,69,Medium,1.3,Yes,No,Good,Paid,4,Not Dropout
S03111,15,Male,60,27,Low,3.4,Yes,No,Poor,Overdue (3+ Months),5,Dropout
S03112,12,Female,69,68,High,9.4,No,Yes,Average,Unpaid,4,Not Dropout
S03113,15,Male,95,87,High,18.9,Yes,Yes,Average,Overdue (3+ Months),1,Not Dropout
S03114,12,Female,64,25,Low,7.2,No,No,Poor,Unpaid,5,Dropout
S03115,15,Male,72,48,Low,18.2,Yes,No,Poor,Unpaid,5,Dropout
S03116,16,Female,31,54,Low,16.7,Yes,No,Good,Paid,5,Dropout
S03117,11,Female,36,62,Medium,13.5,No,Yes,Average,Paid,5,Not Dropout
S03118,18,Male,45,65,Low,15.2,No,No,Average,Paid,2,Not Dropout
S03119,18,Male,45,35,High,3.5,No,No,Poor,Paid,5,Not Dropout
S03120,16,Male,42,92,Medium,1.2,No,No,Good,Paid,3,Not Dropout
S03121,17,Female,87,95,High,4.5,No,No,Good,Paid,3,Not Dropout
S03122,15,Female,41,89,Low,17.3,No,Yes,Good,Paid,4,Dropout
S03123,13,Male,68,90,Medium,3.0,No,Yes,Average,Paid,4,Not Dropout
S03124,16,Male,94,85,High,9.3,No,Yes,Average,Paid,1,Not Dropout
S03125,13,Female,43,66,Medium,16.0,Yes,Yes,Good,Overdue (3+ Months),3,Dropout
S03126,15,Male,62,98,Low,4.3,Yes,Yes,Good,Paid,3,Not Dropout
S03127,18,Male,41,73,Low,15.6,No,Yes,Good,Paid,5,Dropout
S03128,15,Male,89,81,High,4.2,Yes,Yes,Average,Paid,1,Not Dropout
S03129,12,Male,53,87,Medium,15.6,No,Yes,Good,Paid,4,Not Dropout
S03130,17,Female,90,53,High,5.0,Yes,No,Average,Overdue (3+ Months),1,Not Dropout
S03131,12,Female,64,30,Low,4.1,No,No,Good,Unpaid,4,Dropout
S03132,18,Male,97,87,High,3.3,No,No,Poor,Paid,0,Not Dropout
S03133,17,Female,95,92,High,5.6,Yes,No,Average,Paid,5,Not Dropout
S03134,14,Female,84,58,High,19.6,No,No,Average,Unpaid,1,Not Dropout
S03135,11,Male,78,50,Medium,19.9,Yes,Yes,Average,Paid,0,Not Dropout
S03136,18,Male,36,94,Medium,12.0,No,Yes,Average,Paid,3,Not Dropout
S03137,14,Female,47,99,Medium,9.6,Yes,No,Average,Paid,4,Not Dropout
S03138,15,Male,50,58,Low,14.4,No,Yes,Good,Paid,1,Not Dropout
S03139,14,Female,68,74,High,8.5,No,No,Average,Unpaid,5,Not Dropout
S03140,14,Male,31,77,High,18.6,No,No,Poor,Paid,5,Not Dropout
S03141,18,Female,59,81,Low,18.7,No,No,Good,Paid,1,Not Dropout
S03142,11,Female,54,76,Medium,14.3,Yes,No,Good,Paid,2,Not Dropout
S03143,13,Female,53,30,Medium,11.0,Yes,No,Good,Paid,0,Not Dropout
S03144,16,Male,60,57,Medium,19.7,Yes,No,Average,Paid,2,Not Dropout
S03145,12,Male,85,30,High,3.7,Yes,No,Average,Unpaid,4,Dropout
S03146,16,Female,47,99,High,11.1,No,No,Average,Paid,5,Not Dropout
S03147,13,Female,84,81,Low,10.2,Yes,No,Good,Paid,5,Not Dropout
S03148,13,Female,58,24,Medium,18.5,Yes,No,Average,Unpaid,4,Dropout
S03149,13,Female,42,43,High,6.2,Yes,No,Good,Paid,5,Dropout
S03150,16,Male,96,80,Low,8.5,No,No,Average,Unpaid,4,Not Dropout
S03151,13,Female,59,97,Low,3.6,Yes,Yes,Poor,Paid,0,Dropout
S03152,18,Female,88,40,High,9.8,Yes,No,Average,Paid,4,Not Dropout
S03153,12,Male,55,65,High,6.9,Yes,Yes,Good,Paid,1,Not Dropout
S03154,13,Female,94,40,Medium,11.8,No,No,Good,Overdue (3+ Months),3,Not Dropout
S03155,18,Female,80,86,High,12.6,No,Yes,Average,Unpaid,4,Not Dropout
S03156,15,Female,84,71,High,4.8,Yes,No,Poor,Unpaid,2,Not Dropout
S03157,13,Female,36,21,Medium,3.9,Yes,Yes,Good,Paid,0,Dropout
S03158,17,Female,36,45,High,15.0,Yes,No,Good,Unpaid,0,Dropout
S03159,14,Female,50,24,Medium,19.6,No,No,Good,Paid,0,Not Dropout
S03160,16,Female,50,38,High,12.6,No,Yes,Poor,Paid,2,Not Dropout
S03161,16,Male,67,84,High,2.7,No,No,Good,Paid,5,Not Dropout
S03162,16,Female,93,89,Medium,15.1,No,Yes,Good,Paid,5,Not Dropout
S03163,16,Male,87,53,High,8.9,Yes,Yes,Average,Paid,5,Not Dropout
S03164,11,Female,50,75,High,14.7,Yes,Yes,Good,Paid,2,Not Dropout
S03165,17,Male,77,23,Medium,11.8,No,Yes,Average,Paid,3,Not Dropout
S03166,16,Male,84,87,Low,3.1,No,Yes,Poor,Unpaid,3,Dropout
S03167,16,Male,66,95,High,15.2,Yes,Yes,Average,Unpaid,5,Dropout
S03168,17,Female,72,20,Low,12.5,Yes,Yes,Poor,Unpaid,4,Dropout
S03169,14,Male,47,20,Low,0.9,No,No,Average,Unpaid,4,Dropout
S03170,12,Female,94,70,Low,18.7,No,Yes,Good,Paid,3,Not Dropout
S03171,11,Female,70,72,Low,14.7,Yes,No,Average,Paid,4,Not Dropout
S03172,16,Male,30,20,High,18.3,Yes,Yes,Good,Paid,4,Dropout
S03173,14,Female,92,91,Low,2.5,No,No,Average,Paid,2,Not Dropout
S03174,15,Female,73,20,High,14.3,Yes,No,Good,Paid,2,Not Dropout
S03175,14,Male,38,44,Medium,8.7,Yes,No,Good,Overdue (3+ Months),1,Dropout
S03176,15,Male,80,43,Low,9.2,No,Yes,Good,Unpaid,5,Dropout
S03177,18,Female,80,81,Medium,9.5,Yes,No,Good,Overdue (3+ Months),2,Not Dropout
S03178,11,Female,72,39,Medium,19.8,No,No,Poor,Paid,1,Not Dropout
S03179,17,Male,33,89,High,6.9,No,Yes,Poor,Unpaid,0,Dropout
S03180,18,Male,61,81,Low,3.5,No,Yes,Poor,Paid,3,Not Dropout
S03181,15,Female,87,81,Low,5.9,No,Yes,Poor,Paid,1,Not Dropout
S03182,11,Female,52,78,Low,10.1,No,No,Average,Unpaid,3,Not Dropout
S03183,13,Male,96,100,Medium,16.9,Yes,No,Average,Paid,4,Not Dropout
S03184,18,Female,95,96,Medium,19.2,Yes,Yes,Average,Unpaid,3,Not Dropout
S03185,17,Female,45,82,High,4.8,No,No,Good,Paid,3,Not Dropout
S03186,18,Female,35,65,High,13.8,Yes,Yes,Good,Paid,4,Dropout
S03187,15,Male,88,50,High,14.5,Yes,No,Average,Paid,3,Not Dropout
S03188,18,Female,59,48,High,0.5,No,Yes,Average,Unpaid,1,Not Dropout
S03189,18,Male,59,39,Low,2.5,No,Yes,Poor,Overdue (3+ Months),4,Dropout
S03190,12,Female,70,25,High,0.5,Yes,No,Average,Paid,1,Not Dropout
S03191,14,Female,33,87,High,19.6,Yes,Yes,Average,Paid,3,Not Dropout
S03192,13,Female,36,99,High,3.7,No,Yes,Good,Paid,1,Not Dropout
S03193,13,Female,53,52,Medium,0.9,No,No,Average,Overdue (3+ Months),2,Not Dropout
S03194,17,Female,43,99,Low,11.8,Yes,No,Average,Overdue (3+ Months),5,Dropout
S03195,14,Male,94,53,High,6.4,No,Yes,Average,Overdue (3+ Months),1,Not Dropout
S03196,18,Male,58,92,Medium,6.9,Yes,Yes,Good,Overdue (3+ Months),0,Not Dropout
S03197,15,Female,58,75,Low,6.2,Yes,No,Good,Paid,3,Not Dropout
S03198,11,Female,88,84,Low,1.2,Yes,Yes,Good,Paid,2,Not Dropout
S03199,14,Female,52,63,Medium,20.0,No,Yes,Poor,Paid,2,Not Dropout
S03200,18,Female,38,30,High,8.9,No,No,Good,Unpaid,5,Dropout
S03201,11,Male,91,43,Medium,6.3,Yes,No,Good,Paid,3,Not Dropout
S03202,13,Male,56,71,High,7.7,No,No,Average,Unpaid,4,Not Dropout
S03203,13,Female,68,32,High,10.2,Yes,Yes,Good,Paid,0,Not Dropout
S03204,14,Male,94,70,Low,5.6,Yes,No,Good,Paid,3,Not Dropout
S03205,15,Male,95,53,High,6.6,Yes,Yes,Poor,Paid,3,Not Dropout
S03206,12,Female,73,60,Medium,9.0,Yes,No,Good,Paid,2,Not Dropout
S03207,18,Female,62,63,Medium,13.1,Yes,Yes,Average,Paid,0,Not Dropout
S03208,15,Male,85,55,Low,1.1,No,No,Average,Unpaid,0,Not Dropout
S03209,13,Male,81,70,Low,20.0,No,Yes,Poor,Paid,5,Dropout
S03210,15,Male,72,39,High,5.5,Yes,Yes,Average,Overdue (3+ Months),3,Dropout
S03211,15,Female,91,86,High,7.3,No,Yes,Good,Unpaid,4,Not Dropout
S03212,16,Male,38,63,High,14.3,No,No,Average,Paid,3,Not Dropout
S03213,15,Male,83,66,Medium,18.6,Yes,No,Average,Unpaid,5,Not Dropout
S03214,14,Female,92,44,High,2.5,No,Yes,Average,Paid,1,Not Dropout
S03215,15,Female,80,78,Low,2.6,Yes,No,Poor,Unpaid,0,Dropout
S03216,15,Female,81,51,High,11.2,No,Yes,Good,Paid,0,Not Dropout
S03217,13,Male,42,20,Low,12.8,Yes,Yes,Poor,Paid,5,Dropout
S03218,17,Female,81,32,High,14.2,Yes,Yes,Average,Paid,0,Not Dropout
S03219,12,Male,63,56,High,16.1,Yes,No,Good,Overdue (3+ Months),2,Not Dropout
S03220,11,Male,77,89,Medium,15.6,Yes,Yes,Poor,Paid,5,Dropout
S03221,11,Female,56,65,Medium,16.3,No,No,Good,Overdue (3+ Months),4,Not Dropout
S03222,17,Male,77,44,High,19.2,Yes,Yes,Good,Overdue (3+ Months),0,Dropout
S03223,14,Male,32,60,Medium,14.6,Yes,No,Good,Overdue (3+ Months),5,Dropout
S03224,14,Female,90,71,Low,19.2,Yes,No,Good,Overdue (3+ Months),0,Not Dropout
S03225,11,Male,91,27,High,1.2,No,No,Average,Paid,2,Not Dropout
S03226,15,Female,95,43,Low,6.3,No,Yes,Average,Paid,2,Not Dropout
S03227,14,Female,75,35,High,16.8,No,No,Average,Overdue (3+ Months),3,Not Dropout
S03228,11,Male,70,91,Low,17.2,No,No,Average,Unpaid,2,Not Dropout
S03229,14,Female,44,78,High,6.6,No,Yes,Good,Paid,0,Not Dropout
S03230,18,Female,51,69,Low,4.8,No,Yes,Poor,Unpaid,4,Dropout
S03231,15,Male,48,59,Low,4.3,Yes,No,Good,Paid,1,Not Dropout
S03232,15,Male,47,99,Low,2.5,Yes,Yes,Average,Paid,5,Dropout
S03233,16,Male,59,64,Low,12.0,No,No,Good,Paid,0,Not Dropout
S03234,11,Male,96,78,Low,9.5,No,Yes,Average,Unpaid,2,Not Dropout
S03235,14,Female,88,30,High,12.8,No,Yes,Average,Unpaid,2,Not Dropout
S03236,18,Male,32,43,Medium,17.5,Yes,Yes,Good,Paid,3,Dropout
S03237,18,Male,80,82,Low,4.0,No,Yes,Poor,Paid,2,Not Dropout
S03238,18,Female,88,50,Medium,7.6,Yes,No,Good,Unpaid,3,Not Dropout
S03239,11,Female,90,23,Low,6.1,Yes,No,Average,Unpaid,5,Dropout
S03240,17,Female,88,79,Low,14.1,No,No,Poor,Paid,3,Not Dropout
S03241,13,Female,70,84,Low,3.1,No,No,Average,Paid,3,Not Dropout
S03242,14,Female,54,85,Medium,14.5,No,Yes,Good,Unpaid,1,Not Dropout
S03243,13,Female,36,37,Medium,18.3,Yes,No,Average,Paid,3,Not Dropout
S03244,15,Male,62,99,High,5.9,No,No,Average,Paid,2,Not Dropout
S03245,16,Male,37,63,High,11.7,Yes,Yes,Average,Unpaid,3,Dropout
S03246,16,Female,96,84,Medium,16.6,No,Yes,Average,Paid,3,Not Dropout
S03247,13,Female,38,28,High,4.3,No,No,Average,Paid,1,Not Dropout
S03248,12,Female,43,26,Low,19.4,No,Yes,Poor,Paid,3,Dropout
S03249,11,Male,51,39,Medium,17.8,No,Yes,Poor,Paid,1,Not Dropout
S03250,17,Female,83,86,Medium,9.3,No,No,Poor,Paid,2,Not Dropout
S03251,18,Male,90,48,Medium,9.9,No,No,Average,Paid,3,Not Dropout
S03252,13,Female,78,34,Low,2.8,Yes,Yes,Average,Overdue (3+ Months),3,Dropout
S03253,15,Male,45,84,High,16.3,Yes,No,Average,Paid,2,Not Dropout
S03254,13,Male,37,74,Low,11.5,No,Yes,Poor,Paid,0,Dropout
S03255,17,Male,51,87,Low,7.7,Yes,Yes,Poor,Overdue (3+ Months),5,Dropout
S03256,18,Male,83,79,Low,2.8,Yes,No,Poor,Paid,1,Not Dropout
S03257,12,Male,38,67,Low,19.3,Yes,Yes,Average,Paid,3,Dropout
S03258,18,Male,61,45,Low,10.4,Yes,No,Average,Paid,4,Dropout
S03259,16,Female,76,75,Low,1.9,No,No,Good,Paid,3,Not Dropout
S03260,14,Female,80,52,Low,11.6,Yes,No,Good,Overdue (3+ Months),3,Not Dropout
S03261,13,Female,62,61,High,12.7,No,Yes,Poor,Paid,2,Not Dropout
S03262,15,Male,63,27,Medium,14.2,No,Yes,Good,Paid,3,Not Dropout
S03263,14,Male,50,83,Low,14.1,Yes,No,Good,Paid,0,Not Dropout
S03264,11,Female,43,45,Low,10.9,No,No,Good,Overdue (3+ Months),5,Dropout
S03265,12,Male,62,67,High,12.1,No,Yes,Poor,Paid,3,Not Dropout
S03266,14,Male,47,26,Medium,6.0,No,No,Average,Paid,4,Not Dropout
S03267,13,Female,60,63,Medium,10.8,No,No,Good,Paid,4,Not Dropout
S03268,14,Female,44,85,Low,2.0,No,Yes,Poor,Paid,5,Dropout
S03269,13,Male,55,65,Medium,1.4,Yes,Yes,Good,Paid,5,Not Dropout
S03270,16,Female,48,75,Medium,4.2,No,No,Good,Paid,0,Not Dropout
S03271,15,Male,47,80,Medium,0.7,No,Yes,Average,Paid,1,Not Dropout
S03272,12,Male,31,39,Low,12.4,Yes,No,Average,Unpaid,4,Dropout
S03273,18,Female,95,63,Low,5.0,No,No,Average,Paid,3,Not Dropout
S03274,13,Male,77,55,Medium,0.7,Yes,No,Good,Paid,1,Not Dropout
S03275,15,Male,93,54,High,5.0,No,Yes,Good,Unpaid,3,Not Dropout
S03276,13,Female,51,48,High,5.8,No,No,Average,Paid,3,Not Dropout
S03277,13,Female,52,73,High,3.9,Yes,Yes,Good,Paid,1,Not Dropout
S03278,15,Male,58,20,High,2.9,Yes,No,Average,Paid,0,Not Dropout
S03279,17,Male,42,35,High,8.4,No,Yes,Average,Paid,2,Not Dropout
S03280,18,Male,41,86,High,16.8,Yes,Yes,Good,Paid,1,Not Dropout
S03281,12,Male,71,74,Low,10.0,Yes,No,Average,Paid,3,Not Dropout
S03282,13,Female,92,29,Medium,7.5,Yes,No,Average,Paid,4,Not Dropout
S03283,14,Male,91,64,Low,15.8,No,No,Good,Paid,5,Not Dropout
S03284,12,Male,50,90,Medium,12.4,No,Yes,Poor,Paid,0,Not Dropout
S03285,16,Female,63,96,Low,8.0,Yes,Yes,Good,Paid,0,Not Dropout
S03286,17,Male,63,61,High,5.1,No,No,Average,Paid,4,Not Dropout
S03287,12,Male,31,83,High,10.0,No,No,Average,Unpaid,1,Not Dropout
S03288,17,Male,46,65,High,3.1,Yes,Yes,Poor,Paid,2,Not Dropout
S03289,15,Male,53,38,High,14.8,No,No,Average,Overdue (3+ Months),4,Not Dropout
S03290,17,Male,66,74,High,16.2,No,No,Average,Unpaid,3,Not Dropout
S03291,14,Female,57,70,Medium,8.7,Yes,Yes,Average,Overdue (3+ Months),4,Dropout
S03292,12,Female,36,21,Low,2.7,No,Yes,Good,Paid,3,Dropout
S03293,12,Male,80,29,Low,12.3,Yes,Yes,Good,Paid,0,Dropout
S03294,18,Male,93,37,High,14.3,Yes,No,Average,Paid,0,Not Dropout
S03295,13,Male,53,49,High,16.6,No,Yes,Good,Paid,4,Not Dropout
S03296,17,Female,85,35,Low,5.0,No,Yes,Average,Paid,4,Dropout
S03297,11,Female,86,60,Medium,6.2,Yes,No,Average,Overdue (3+ Months),5,Not Dropout
S03298,13,Male,64,34,High,11.4,No,Yes,Good,Paid,0,Not Dropout
S03299,14,Male,87,73,High,4.9,No,Yes,Average,Paid,2,Not Dropout
S03300,15,Male,83,70,High,12.3,No,No,Average,Paid,4,Not Dropout
S03301,16,Male,41,95,Low,10.4,No,Yes,Good,Paid,1,Not Dropout
S03302,15,Female,66,46,Medium,14.3,Yes,Yes,Good,Paid,5,Dropout
S03303,14,Female,59,74,Low,9.0,No,No,Good,Unpaid,0,Not Dropout
S03304,16,Male,55,54,Medium,15.9,Yes,No,Good,Overdue (3+ Months),1,Not Dropout
S03305,12,Female,73,72,Medium,9.5,Yes,No,Good,Paid,5,Not Dropout
S03306,12,Male,54,51,Medium,13.4,No,Yes,Average,Paid,0,Not Dropout
S03307,14,Female,81,63,High,19.0,No,Yes,Good,Unpaid,4,Not Dropout
S03308,16,Female,96,53,Low,2.5,No,No,Poor,Paid,5,Not Dropout
S03309,14,Female,67,75,High,17.1,No,No,Good,Unpaid,2,Not Dropout
S03310,15,Male,74,80,Medium,19.5,No,Yes,Good,Paid,1,Not Dropout
S03311,16,Male,46,77,Medium,2.9,Yes,Yes,Good,Paid,2,Not Dropout
S03312,14,Male,83,72,Low,8.8,Yes,No,Average,Paid,4,Not Dropout
S03313,14,Female,97,35,Low,10.6,Yes,No,Average,Overdue (3+ Months),3,Dropout
S03314,18,Female,57,78,High,18.5,No,Yes,Poor,Paid,1,Not Dropout
S03315,15,Female,76,90,Low,2.5,No,No,Poor,Paid,2,Not Dropout
S03316,16,Male,30,58,Low,14.4,No,Yes,Good,Overdue (3+ Months),5,Dropout
S03317,17,Male,89,80,Medium,3.9,No,Yes,Average,Unpaid,4,Not Dropout
S03318,16,Male,63,98,Low,16.6,No,No,Average,Paid,4,Not Dropout
S03319,11,Female,38,73,High,10.7,No,No,Poor,Unpaid,0,Not Dropout
S03320,15,Male,59,83,Medium,12.5,Yes,No,Good,Paid,3,Not Dropout
S03321,16,Female,34,80,Medium,8.8,No,Yes,Good,Paid,2,Not Dropout
S03322,17,Male,80,48,High,3.6,No,Yes,Good,Overdue (3+ Months),5,Dropout
S03323,18,Female,31,72,High,8.3,Yes,No,Good,Paid,2,Not Dropout
S03324,14,Male,32,41,High,6.7,Yes,No,Average,Paid,4,Dropout
S03325,13,Male,36,29,High,16.8,No,No,Poor,Paid,1,Not Dropout
S03326,11,Male,96,58,High,5.6,No,No,Average,Paid,1,Not Dropout
S03327,17,Male,39,86,Medium,9.3,Yes,No,Average,Unpaid,5,Dropout
S03328,15,Female,87,56,Medium,16.7,Yes,Yes,Poor,Paid,2,Not Dropout
S03329,17,Male,74,47,Low,16.5,Yes,No,Good,Unpaid,4,Dropout
S03330,16,Female,86,22,Medium,4.6,Yes,No,Poor,Paid,1,Not Dropout
S03331,14,Male,53,48,Medium,8.2,No,No,Poor,Paid,1,Not Dropout
S03332,17,Male,47,43,High,1.7,No,No,Average,Paid,1,Not Dropout
S03333,15,Female,76,88,High,16.8,No,No,Average,Unpaid,1,Not Dropout
S03334,11,Female,96,21,Medium,16.9,Yes,No,Average,Overdue (3+ Months),5,Dropout
S03335,18,Male,93,30,Low,6.6,Yes,Yes,Average,Paid,3,Dropout
S03336,18,Female,93,86,Low,0.5,No,Yes,Good,Overdue (3+ Months),3,Not Dropout
S03337,12,Female,36,54,Medium,6.5,Yes,Yes,Average,Paid,0,Not Dropout
S03338,14,Female,59,55,High,1.5,Yes,No,Good,Paid,3,Not Dropout
S03339,11,Female,37,46,High,11.3,No,No,Good,Paid,1,Not Dropout
S03340,11,Female,88,43,Medium,11.3,Yes,Yes,Good,Paid,2,Not Dropout
S03341,11,Female,64,72,Low,11.3,No,No,Poor,Paid,1,Not Dropout
S03342,17,Female,82,64,High,13.3,No,No,Good,Paid,3,Not Dropout
S03343,17,Male,43,60,Low,2.1,No,No,Good,Overdue (3+ Months),4,Dropout
S03344,12,Female,63,75,Medium,18.6,Yes,Yes,Good,Unpaid,3,Not Dropout
S03345,12,Female,81,83,Low,2.1,Yes,Yes,Good,Paid,5,Dropout
S03346,11,Male,78,96,Low,6.6,Yes,No,Good,Paid,5,Not Dropout
S03347,15,Male,36,96,Low,4.8,Yes,No,Average,Overdue (3+ Months),5,Dropout
S03348,15,Male,94,48,Low,14.0,No,No,Good,Paid,1,Not Dropout
S03349,18,Female,96,80,Low,11.3,No,Yes,Good,Paid,5,Not Dropout
S03350,12,Male,31,39,High,0.9,Yes,Yes,Poor,Paid,2,Dropout
S03351,14,Male,51,88,Medium,17.6,Yes,No,Average,Paid,4,Not Dropout
S03352,12,Male,91,92,Low,18.0,No,Yes,Average,Paid,3,Not Dropout
S03353,18,Male,83,77,High,9.3,No,No,Average,Unpaid,3,Not Dropout
S03354,14,Male,57,27,High,17.6,No,No,Average,Paid,0,Not Dropout
S03355,13,Female,62,65,High,13.5,Yes,No,Average,Paid,0,Not Dropout
S03356,18,Female,39,59,Medium,18.3,No,Yes,Good,Unpaid,3,Not Dropout
S03357,15,Female,83,58,Medium,9.5,Yes,No,Average,Unpaid,3,Not Dropout
S03358,12,Female,53,98,High,5.3,Yes,No,Good,Paid,4,Not Dropout
S03359,18,Male,76,66,Low,11.0,No,Yes,Poor,Paid,5,Dropout
S03360,16,Male,71,74,High,18.8,No,Yes,Poor,Paid,3,Not Dropout
S03361,12,Male,35,98,Medium,2.9,Yes,Yes,Average,Paid,1,Not Dropout
S03362,15,Male,88,84,Medium,9.7,Yes,No,Average,Unpaid,3,Not Dropout
S03363,11,Male,86,32,Low,0.8,No,No,Poor,Unpaid,1,Dropout
S03364,17,Female,75,46,High,7.2,No,No,Average,Paid,4,Not Dropout
S03365,17,Male,89,47,High,11.2,No,Yes,Poor,Paid,3,Not Dropout
S03366,18,Male,55,90,High,5.6,Yes,Yes,Good,Paid,4,Not Dropout
S03367,14,Female,95,48,High,19.4,Yes,No,Poor,Paid,0,Not Dropout
S03368,16,Female,38,79,High,6.5,Yes,No,Average,Paid,3,Not Dropout
S03369,11,Male,48,64,Low,10.4,No,No,Good,Paid,4,Not Dropout
S03370,16,Female,55,90,Medium,10.2,Yes,No,Poor,Paid,3,Not Dropout
S03371,14,Female,73,77,Medium,17.9,Yes,No,Average,Paid,1,Not Dropout
S03372,14,Male,82,70,High,14.3,No,No,Good,Paid,4,Not Dropout
S03373,18,Female,50,45,Low,8.6,No,No,Average,Paid,3,Not Dropout
S03374,13,Female,92,72,High,8.9,Yes,No,Average,Paid,3,Not Dropout
S03375,11,Female,95,32,Low,19.8,Yes,Yes,Good,Paid,0,Dropout
S03376,16,Male,40,88,High,4.2,Yes,Yes,Average,Paid,2,Not Dropout
S03377,11,Female,51,33,Low,15.7,Yes,No,Good,Paid,1,Not Dropout
S03378,17,Male,86,39,High,2.0,No,No,Good,Paid,5,Not Dropout
S03379,18,Male,73,32,Medium,1.7,Yes,No,Average,Unpaid,3,Not Dropout
S03380,12,Female,81,29,Medium,15.9,No,Yes,Good,Paid,4,Not Dropout
S03381,11,Male,49,79,Low,1.3,No,Yes,Poor,Paid,2,Not Dropout
S03382,15,Female,58,96,High,13.2,Yes,No,Poor,Unpaid,0,Not Dropout
S03383,13,Female,33,49,Medium,18.5,Yes,Yes,Average,Paid,3,Dropout
S03384,11,Male,70,71,High,4.0,Yes,No,Average,Paid,5,Not Dropout
S03385,17,Female,91,93,Medium,17.3,Yes,No,Poor,Unpaid,5,Dropout
S03386,15,Female,95,49,High,13.1,No,Yes,Average,Paid,3,Not Dropout
S03387,13,Male,58,44,Medium,12.1,No,Yes,Good,Overdue (3+ Months),0,Not Dropout
S03388,14,Male,57,61,Medium,10.9,No,Yes,Good,Unpaid,3,Not Dropout
S03389,13,Male,86,46,Low,7.3,Yes,Yes,Poor,Paid,4,Dropout
S03390,14,Female,30,51,Medium,13.9,No,Yes,Average,Paid,4,Not Dropout
S03391,12,Male,78,67,Low,11.6,No,Yes,Poor,Paid,4,Dropout
S03392,14,Male,51,65,Low,13.3,No,No,Poor,Unpaid,1,Not Dropout
S03393,14,Male,63,78,High,8.1,Yes,Yes,Average,Overdue (3+ Months),0,Not Dropout
S03394,11,Male,98,81,Low,9.2,No,No,Poor,Overdue (3+ Months),1,Not Dropout
S03395,12,Female,83,43,Low,1.5,Yes,Yes,Good,Overdue (3+ Months),4,Dropout
S03396,17,Female,96,51,Low,2.8,No,No,Good,Unpaid,3,Not Dropout
S03397,13,Male,31,89,Low,10.5,Yes,Yes,Poor,Overdue (3+ Months),1,Dropout
S03398,15,Male,71,51,High,12.7,Yes,Yes,Good,Unpaid,0,Not Dropout
S03399,17,Male,75,69,High,19.5,No,Yes,Good,Paid,2,Not Dropout
S03400,15,Female,76,23,Low,19.0,Yes,Yes,Good,Paid,1,Dropout
S03401,15,Male,37,23,High,17.0,Yes,Yes,Good,Paid,3,Dropout
S03402,16,Male,78,77,Low,1.3,No,Yes,Good,Paid,4,Not Dropout
S03403,12,Female,37,47,Low,6.8,No,Yes,Good,Paid,3,Dropout
S03404,11,Female,53,70,High,16.6,Yes,Yes,Good,Paid,4,Not Dropout
S03405,14,Male,96,78,Medium,11.7,Yes,No,Good,Unpaid,4,Not Dropout
S03406,12,Male,61,37,High,12.6,Yes,No,Average,Paid,1,Not Dropout
S03407,11,Female,41,45,High,10.0,Yes,Yes,Good,Overdue (3+ Months),1,Dropout
S03408,15,Male,43,70,Low,9.4,No,Yes,Average,Overdue (3+ Months),3,Dropout
S03409,18,Female,64,64,High,12.5,No,Yes,Poor,Paid,4,Not Dropout
S03410,12,Male,55,77,Medium,5.1,Yes,No,Good,Paid,2,Not Dropout
S03411,15,Male,47,51,Low,18.0,No,Yes,Good,Paid,5,Not Dropout
S03412,18,Female,65,46,Low,16.5,No,No,Average,Unpaid,2,Not Dropout
S03413,15,Female,73,85,High,16.1,No,Yes,Good,Paid,5,Not Dropout
S03414,16,Male,32,96,Medium,7.7,No,Yes,Good,Paid,3,Not Dropout
S03415,15,Female,96,49,Medium,12.3,No,No,Poor,Paid,3,Not Dropout
S03416,13,Male,84,58,Medium,5.6,Yes,No,Average,Paid,0,Not Dropout
S03417,16,Female,61,38,Low,4.2,No,No,Average,Unpaid,0,Not Dropout
S03418,13,Female,91,88,Medium,1.4,No,Yes,Good,Paid,3,Not Dropout
S03419,17,Male,86,46,High,1.0,Yes,No,Average,Overdue (3+ Months),4,Dropout
S03420,13,Male,41,73,Medium,4.1,Yes,No,Poor,Unpaid,0,Dropout
S03421,18,Female,38,91,Medium,6.8,Yes,Yes,Poor,Unpaid,3,Dropout
S03422,18,Female,31,36,Medium,9.6,Yes,No,Poor,Paid,4,Dropout
S03423,14,Female,59,59,Medium,19.4,No,No,Average,Paid,0,Not Dropout
S03424,11,Female,86,67,High,18.9,No,Yes,Average,Paid,1,Not Dropout
S03425,14,Female,46,99,Medium,16.5,No,Yes,Poor,Paid,5,Not Dropout
S03426,11,Female,67,84,High,5.5,Yes,Yes,Average,Paid,0,Not Dropout
S03427,11,Female,51,38,Medium,6.2,No,No,Average,Unpaid,3,Not Dropout
S03428,18,Female,34,69,High,18.8,No,Yes,Average,Paid,1,Not Dropout
S03429,14,Male,35,61,Low,17.4,Yes,No,Average,Overdue (3+ Months),0,Dropout
S03430,17,Male,43,63,High,17.9,Yes,No,Good,Paid,5,Not Dropout
S03431,14,Female,55,83,High,16.2,No,No,Good,Paid,0,Not Dropout
S03432,17,Female,57,72,Low,1.8,Yes,No,Average,Paid,4,Not Dropout
S03433,13,Female,56,98,High,2.5,No,Yes,Average,Paid,0,Not Dropout
S03434,12,Female,87,35,High,12.7,No,No,Good,Overdue (3+ Months),2,Not Dropout
S03435,12,Male,61,95,High,6.2,Yes,Yes,Average,Unpaid,3,Not Dropout
S03436,14,Male,69,21,High,18.2,No,No,Poor,Paid,5,Not Dropout
S03437,13,Male,38,53,Medium,3.7,No,No,Poor,Paid,5,Not Dropout
S03438,12,Female,91,96,Medium,14.3,No,No,Poor,Unpaid,4,Not Dropout
S03439,17,Female,97,20,Low,13.6,Yes,No,Poor,Paid,4,Dropout
S03440,16,Male,56,77,High,14.4,No,Yes,Average,Paid,2,Not Dropout
S03441,16,Male,36,81,Low,5.0,Yes,Yes,Average,Overdue (3+ Months),3,Dropout
S03442,17,Male,94,39,Low,9.9,Yes,Yes,Poor,Paid,4,Dropout
S03443,13,Female,55,24,Medium,15.9,No,No,Average,Unpaid,4,Not Dropout
S03444,17,Female,32,47,Low,1.3,Yes,No,Average,Unpaid,5,Dropout
S03445,13,Male,56,76,Low,15.2,No,No,Average,Unpaid,4,Not Dropout
S03446,13,Female,48,27,Low,11.6,No,Yes,Poor,Paid,0,Dropout
S03447,11,Male,41,65,Medium,12.6,No,No,Poor,Unpaid,0,Not Dropout
S03448,11,Male,72,79,High,7.6,Yes,No,Average,Paid,2,Not Dropout
S03449,12,Female,72,84,High,9.9,Yes,Yes,Poor,Paid,4,Dropout
S03450,18,Female,75,74,Low,1.0,Yes,Yes,Average,Unpaid,2,Dropout
S03451,11,Male,92,61,High,2.4,No,Yes,Average,Paid,1,Not Dropout
S03452,13,Female,84,67,Low,8.0,No,No,Average,Paid,5,Not Dropout
S03453,18,Female,53,79,High,1.6,No,Yes,Good,Paid,1,Not Dropout
S03454,14,Female,54,98,Low,0.9,No,No,Good,Paid,2,Not Dropout
S03455,12,Male,46,45,Low,8.1,Yes,No,Good,Paid,5,Dropout
S03456,14,Male,54,64,Medium,18.7,No,Yes,Good,Paid,1,Not Dropout
S03457,16,Female,44,70,Low,11.5,Yes,Yes,Average,Paid,1,Dropout
S03458,12,Female,79,41,Medium,2.3,Yes,No,Good,Paid,4,Not Dropout
S03459,14,Female,93,26,High,6.0,No,Yes,Good,Paid,0,Not Dropout
S03460,12,Male,49,78,High,11.4,Yes,No,Good,Paid,5,Not Dropout
S03461,12,Female,35,96,Low,14.0,Yes,Yes,Good,Paid,1,Dropout
S03462,11,Male,31,54,Low,17.5,Yes,Yes,Good,Paid,4,Dropout
S03463,16,Female,76,64,High,9.0,No,Yes,Good,Paid,2,Not Dropout
S03464,11,Male,76,97,Medium,17.7,Yes,No,Average,Unpaid,2,Not Dropout
S03465,11,Male,49,92,High,12.9,No,No,Poor,Paid,2,Not Dropout
S03466,18,Male,81,22,Low,6.2,No,Yes,Average,Paid,0,Not Dropout
S03467,16,Male,30,52,High,15.8,Yes,No,Good,Overdue (3+ Months),3,Not Dropout
S03468,14,Female,77,62,Medium,10.7,Yes,Yes,Average,Unpaid,4,Dropout
S03469,11,Male,64,89,Low,3.2,No,No,Average,Unpaid,2,Not Dropout
S03470,14,Female,80,90,Low,11.8,No,Yes,Good,Unpaid,3,Not Dropout
S03471,16,Female,40,31,Low,17.5,Yes,Yes,Average,Paid,2,Dropout
S03472,18,Female,63,33,Medium,7.9,No,No,Poor,Overdue (3+ Months),3,Not Dropout
S03473,17,Male,32,22,Medium,10.6,No,Yes,Good,Paid,2,Not Dropout
S03474,18,Male,49,96,High,12.9,No,Yes,Good,Unpaid,5,Not Dropout
S03475,16,Female,35,92,Medium,1.7,Yes,No,Good,Unpaid,0,Not Dropout
S03476,14,Female,56,68,Medium,17.2,No,No,Poor,Paid,5,Not Dropout
S03477,12,Female,73,90,Medium,1.4,No,Yes,Good,Unpaid,2,Not Dropout
S03478,13,Male,78,45,Medium,8.7,No,No,Good,Paid,1,Not Dropout
S03479,18,Male,60,78,Low,13.8,No,Yes,Average,Overdue (3+ Months),3,Not Dropout
S03480,11,Male,86,73,Low,14.7,No,No,Good,Overdue (3+ Months),3,Not Dropout
S03481,18,Male,41,91,Medium,5.2,Yes,Yes,Average,Unpaid,3,Dropout
S03482,14,Male,49,29,High,7.2,Yes,Yes,Good,Paid,2,Not Dropout
S03483,11,Female,37,76,Low,18.2,No,Yes,Good,Paid,1,Not Dropout
S03484,14,Male,59,96,High,18.8,Yes,Yes,Poor,Overdue (3+ Months),1,Dropout
S03485,12,Female,82,58,Medium,13.5,Yes,No,Good,Paid,0,Not Dropout
S03486,11,Male,63,50,Medium,1.7,Yes,No,Poor,Overdue (3+ Months),3,Not Dropout
S03487,17,Female,36,100,Low,5.4,No,Yes,Good,Paid,4,Dropout
S03488,17,Female,38,62,Medium,16.7,Yes,Yes,Good,Overdue (3+ Months),5,Dropout
S03489,11,Male,62,22,Low,7.4,No,Yes,Good,Overdue (3+ Months),3,Dropout
S03490,15,Female,89,64,Medium,13.1,No,Yes,Good,Paid,2,Not Dropout
S03491,15,Male,97,83,High,4.9,Yes,Yes,Poor,Paid,2,Not Dropout
S03492,14,Female,53,93,High,6.5,Yes,No,Average,Unpaid,3,Not Dropout
S03493,16,Female,93,74,Medium,3.3,Yes,Yes,Good,Paid,3,Not Dropout
S03494,13,Male,84,85,Low,5.4,No,Yes,Average,Paid,5,Not Dropout
S03495,14,Female,65,82,Medium,16.9,No,No,Good,Paid,0,Not Dropout
S03496,16,Male,64,85,High,11.4,No,Yes,Poor,Paid,5,Not Dropout
S03497,14,Male,93,34,High,1.7,Yes,No,Average,Paid,4,Not Dropout
S03498,18,Female,52,78,Low,15.1,Yes,Yes,Good,Unpaid,5,Dropout
S03499,15,Female,51,73,High,1.2,Yes,Yes,Good,Overdue (3+ Months),3,Not Dropout
S03500,16,Female,50,22,Medium,6.9,No,No,Average,Paid,3,Not Dropout
S03501,12,Male,87,80,Low,19.4,Yes,Yes,Average,Paid,5,Dropout
S03502,13,Female,60,42,Low,13.2,Yes,No,Average,Paid,1,Not Dropout
S03503,16,Male,93,46,Medium,6.7,No,No,Average,Unpaid,4,Not Dropout
S03504,16,Female,78,45,High,14.7,No,No,Average,Paid,2,Not Dropout
S03505,18,Female,33,33,High,5.9,No,No,Poor,Overdue (3+ Months),3,Dropout
S03506,11,Female,43,69,Low,16.0,No,Yes,Good,Overdue (3+ Months),3,Dropout
S03507,12,Female,57,71,Low,10.8,No,No,Average,Paid,4,Not Dropout
S03508,11,Male,78,45,High,5.6,Yes,No,Poor,Paid,2,Not Dropout
S03509,12,Female,66,56,Low,17.3,Yes,No,Good,Unpaid,5,Dropout
S03510,11,Female,85,43,High,18.1,No,Yes,Good,Paid,1,Not Dropout
S03511,12,Male,51,77,Medium,14.9,Yes,Yes,Average,Paid,1,Not Dropout
S03512,14,Male,68,63,Low,11.1,Yes,Yes,Average,Paid,1,Not Dropout
S03513,14,Female,77,93,High,16.6,No,No,Good,Paid,2,Not Dropout
S03514,14,Male,49,63,High,2.8,No,No,Average,Paid,0,Not Dropout
S03515,13,Female,96,51,Low,13.8,No,Yes,Poor,Overdue (3+ Months),2,Dropout
S03516,11,Female,89,37,Medium,8.5,No,No,Poor,Paid,3,Not Dropout
S03517,13,Male,84,26,High,17.8,No,No,Good,Paid,4,Not Dropout
S03518,17,Female,71,62,High,18.5,Yes,Yes,Good,Paid,4,Not Dropout
S03519,13,Male,51,24,Low,2.9,Yes,No,Average,Paid,4,Dropout
S03520,15,Male,90,29,Medium,6.6,No,No,Average,Paid,0,Not Dropout
S03521,11,Female,91,100,Low,1.4,No,No,Good,Paid,0,Not Dropout
S03522,18,Male,38,47,Medium,8.6,No,No,Good,Paid,2,Not Dropout
S03523,18,Male,47,29,Low,9.4,No,Yes,Good,Overdue (3+ Months),3,Dropout
S03524,14,Female,35,22,Medium,2.2,Yes,Yes,Poor,Overdue (3+ Months),3,Dropout
S03525,18,Male,81,25,Medium,9.7,No,No,Poor,Paid,1,Not Dropout
S03526,12,Female,47,34,High,16.2,No,Yes,Good,Paid,2,Not Dropout
S03527,11,Male,78,84,Low,20.0,Yes,Yes,Good,Paid,2,Not Dropout
S03528,17,Male,88,93,High,7.8,No,Yes,Average,Paid,3,Not Dropout
S03529,17,Male,65,34,Medium,12.0,Yes,Yes,Average,Unpaid,1,Dropout
S03530,11,Male,60,20,Medium,17.5,Yes,No,Average,Overdue (3+ Months),3,Not Dropout
S03531,13,Female,94,89,Medium,19.0,Yes,No,Average,Overdue (3+ Months),5,Not Dropout
S03532,16,Female,68,26,Medium,16.4,Yes,No,Good,Paid,3,Not Dropout
S03533,17,Female,85,52,Medium,1.6,No,No,Poor,Paid,2,Not Dropout
S03534,14,Female,43,44,Medium,6.0,No,No,Average,Paid,0,Not Dropout
S03535,12,Male,73,51,Medium,3.2,Yes,Yes,Good,Paid,5,Not Dropout
S03536,16,Female,71,43,Medium,12.7,No,Yes,Average,Paid,1,Not Dropout
S03537,17,Female,30,23,Medium,13.2,Yes,Yes,Good,Overdue (3+ Months),0,Dropout
S03538,18,Male,65,31,Medium,3.1,Yes,No,Poor,Paid,4,Dropout
S03539,16,Male,33,86,Low,13.5,Yes,Yes,Average,Paid,1,Dropout
S03540,12,Male,72,73,Medium,10.7,Yes,Yes,Average,Paid,4,Not Dropout
S03541,14,Female,58,63,Low,15.5,Yes,Yes,Good,Paid,2,Not Dropout
S03542,17,Female,57,32,Low,1.7,No,Yes,Poor,Overdue (3+ Months),2,Dropout
S03543,14,Female,54,64,Low,9.5,No,No,Good,Unpaid,0,Not Dropout
S03544,15,Female,46,51,High,11.3,Yes,Yes,Good,Paid,4,Not Dropout
S03545,14,Female,38,29,Medium,14.0,Yes,Yes,Poor,Unpaid,3,Dropout
S03546,17,Female,62,42,Medium,2.7,Yes,Yes,Average,Paid,2,Not Dropout
S03547,13,Female,85,73,Medium,3.4,Yes,Yes,Good,Paid,3,Not Dropout
S03548,18,Female,80,39,Medium,4.4,Yes,Yes,Poor,Overdue (3+ Months),2,Dropout
S03549,16,Male,72,58,Medium,7.0,Yes,No,Good,Paid,1,Not Dropout
S03550,13,Female,73,77,Low,5.1,No,No,Average,Paid,2,Not Dropout
S03551,13,Female,30,58,Medium,12.6,Yes,No,Average,Paid,0,Not Dropout
S03552,13,Male,31,58,Medium,17.0,No,Yes,Good,Paid,4,Not Dropout
S03553,13,Male,36,21,High,16.0,No,No,Good,Paid,2,Not Dropout
S03554,13,Female,95,35,Low,14.9,Yes,No,Poor,Paid,1,Dropout
S03555,13,Male,81,31,Medium,6.7,Yes,Yes,Good,Overdue (3+ Months),4,Dropout
S03556,12,Female,62,49,Low,8.0,Yes,No,Good,Unpaid,5,Dropout
S03557,12,Male,54,58,Low,6.4,Yes,No,Good,Paid,2,Not Dropout
S03558,17,Female,60,100,Medium,11.2,Yes,No,Average,Paid,5,Not Dropout
S03559,17,Female,68,82,Medium,12.7,Yes,No,Good,Paid,1,Not Dropout
S03560,11,Female,87,95,Low,19.9,No,No,Average,Paid,5,Not Dropout
S03561,14,Male,55,49,Medium,19.3,No,Yes,Poor,Unpaid,5,Dropout
S03562,13,Female,74,83,Low,15.5,No,No,Good,Paid,0,Not Dropout
S03563,16,Female,79,83,High,9.4,Yes,Yes,Average,Paid,4,Not Dropout
S03564,11,Female,42,84,High,5.0,No,No,Average,Overdue (3+ Months),4,Not Dropout
S03565,12,Male,90,51,Low,13.0,Yes,Yes,Average,Unpaid,0,Dropout
S03566,17,Male,48,63,High,9.5,Yes,Yes,Good,Overdue (3+ Months),1,Not Dropout
S03567,13,Female,47,67,Medium,8.4,No,No,Poor,Overdue (3+ Months),1,Not Dropout
S03568,13,Female,42,95,High,11.3,No,No,Average,Unpaid,0,Not Dropout
S03569,11,Female,83,86,Medium,16.0,Yes,Yes,Good,Unpaid,0,Not Dropout
S03570,18,Female,65,25,Medium,18.9,No,Yes,Good,Paid,0,Not Dropout
S03571,13,Male,91,30,High,14.0,No,No,Good,Unpaid,3,Not Dropout
S03572,11,Female,63,49,Low,18.5,Yes,Yes,Good,Paid,5,Dropout
S03573,13,Male,47,56,Low,14.3,Yes,No,Good,Unpaid,0,Not Dropout
S03574,12,Female,57,40,High,11.4,No,Yes,Good,Unpaid,1,Not Dropout
S03575,17,Male,37,44,Medium,12.7,Yes,No,Good,Paid,2,Not Dropout
S03576,11,Male,66,76,Low,7.1,No,Yes,Good,Overdue (3+ Months),5,Dropout
S03577,13,Female,38,81,Medium,14.1,Yes,Yes,Average,Overdue (3+ Months),0,Dropout
S03578,15,Male,98,24,High,19.7,No,Yes,Average,Paid,1,Not Dropout
S03579,11,Female,69,23,Low,4.4,Yes,Yes,Good,Paid,0,Dropout
S03580,11,Female,95,63,High,19.0,Yes,No,Good,Unpaid,0,Not Dropout
S03581,16,Male,30,76,Low,7.8,Yes,Yes,Good,Overdue (3+ Months),4,Dropout
S03582,17,Male,68,53,Medium,1.9,No,No,Average,Overdue (3+ Months),3,Not Dropout
S03583,14,Male,51,91,Medium,19.3,Yes,Yes,Average,Paid,0,Not Dropout
S03584,18,Female,74,86,Low,13.1,Yes,Yes,Average,Paid,1,Not Dropout
S03585,11,Female,41,85,High,3.2,Yes,Yes,Good,Paid,2,Not Dropout
S03586,14,Female,84,69,High,15.6,No,Yes,Good,Paid,1,Not Dropout
S03587,17,Female,30,23,Low,3.0,No,No,Average,Overdue (3+ Months),4,Dropout
S03588,18,Female,63,25,High,6.0,No,Yes,Good,Paid,1,Not Dropout
S03589,16,Male,98,27,Medium,18.0,Yes,Yes,Poor,Paid,1,Dropout
S03590,16,Male,83,100,High,1.0,Yes,No,Average,Paid,0,Not Dropout
S03591,16,Female,64,87,Low,13.0,No,Yes,Average,Paid,2,Not Dropout
S03592,16,Female,47,21,Medium,9.9,Yes,Yes,Good,Paid,4,Dropout
S03593,12,Female,53,77,Medium,15.1,Yes,Yes,Average,Paid,1,Not Dropout
S03594,11,Female,92,45,Medium,16.2,No,No,Poor,Overdue (3+ Months),5,Dropout
S03595,11,Male,40,94,Medium,6.4,No,No,Good,Overdue (3+ Months),2,Not Dropout
S03596,13,Male,94,26,Medium,14.3,Yes,No,Average,Overdue (3+ Months),5,Dropout
S03597,12,Male,52,84,Medium,9.0,Yes,No,Good,Paid,1,Not Dropout
S03598,15,Female,58,46,Medium,6.1,No,Yes,Poor,Unpaid,4,Dropout
S03599,16,Female,92,100,Low,5.0,No,Yes,Good,Unpaid,3,Not Dropout
S03600,14,Female,95,24,Medium,13.7,No,No,Average,Paid,1,Not Dropout
S03601,14,Female,45,34,Low,5.5,Yes,Yes,Good,Unpaid,5,Dropout
S03602,13,Male,94,74,High,7.0,No,No,Poor,Overdue (3+ Months),0,Not Dropout
S03603,12,Female,77,50,Low,7.3,Yes,Yes,Poor,Unpaid,4,Dropout
S03604,17,Male,75,64,Medium,15.0,Yes,No,Good,Overdue (3+ Months),4,Not Dropout
S03605,18,Female,81,59,High,8.5,Yes,No,Average,Paid,3,Not Dropout
S03606,18,Male,76,66,Medium,4.5,Yes,No,Average,Unpaid,4,Not Dropout
S03607,18,Female,34,90,Low,1.2,No,Yes,Good,Paid,4,Dropout
S03608,17,Female,90,73,High,7.3,Yes,Yes,Poor,Paid,3,Not Dropout
S03609,12,Female,62,91,Low,6.0,Yes,Yes,Average,Paid,3,Not Dropout
S03610,17,Female,82,96,Medium,7.7,Yes,Yes,Good,Paid,0,Not Dropout
S03611,13,Male,42,30,High,16.3,No,No,Good,Paid,3,Not Dropout
S03612,15,Female,36,88,High,13.4,No,Yes,Average,Paid,4,Not Dropout
S03613,13,Male,83,23,Medium,14.8,No,Yes,Good,Paid,1,Not Dropout
S03614,16,Female,56,76,Low,4.8,Yes,Yes,Good,Paid,0,Not Dropout
S03615,12,Male,36,55,Medium,4.8,No,Yes,Average,Overdue (3+ Months),4,Dropout
S03616,13,Female,85,63,Medium,6.2,No,No,Average,Unpaid,4,Not Dropout
S03617,15,Male,47,38,High,11.9,Yes,No,Good,Unpaid,0,Not Dropout
S03618,13,Female,46,59,Medium,0.6,Yes,No,Average,Paid,4,Not Dropout
S03619,12,Female,98,81,Low,1.6,No,No,Good,Paid,4,Not Dropout
S03620,17,Male,46,38,Low,19.7,Yes,No,Average,Overdue (3+ Months),1,Dropout
S03621,17,Male,97,80,Medium,14.9,Yes,No,Average,Paid,0,Not Dropout
S03622,15,Female,46,50,Low,11.4,No,Yes,Good,Paid,5,Not Dropout
S03623,12,Female,72,44,Low,1.2,No,Yes,Poor,Paid,1,Dropout
S03624,16,Male,48,95,High,12.2,Yes,Yes,Average,Paid,4,Not Dropout
S03625,18,Female,39,94,Medium,15.9,No,Yes,Good,Paid,4,Not Dropout
S03626,17,Female,30,30,Low,6.9,No,Yes,Good,Paid,4,Dropout
S03627,11,Female,41,64,High,13.6,Yes,No,Average,Paid,0,Not Dropout
S03628,11,Female,61,39,High,16.5,Yes,No,Average,Paid,4,Not Dropout
S03629,17,Male,57,28,Medium,6.8,No,Yes,Good,Paid,5,Not Dropout
S03630,18,Female,97,95,High,17.0,No,No,Average,Paid,5,Not Dropout
S03631,16,Female,97,23,High,18.9,Yes,No,Good,Paid,0,Not Dropout
S03632,15,Female,85,48,Low,4.0,Yes,Yes,Poor,Paid,1,Dropout
S03633,13,Female,86,51,High,18.3,Yes,No,Poor,Paid,1,Not Dropout
S03634,11,Male,56,49,Medium,6.3,No,Yes,Good,Paid,2,Not Dropout
S03635,16,Male,58,53,Low,7.2,Yes,Yes,Good,Paid,5,Dropout
S03636,13,Female,40,39,Medium,17.0,No,No,Good,Paid,4,Not Dropout
S03637,12,Male,84,25,High,14.7,No,No,Average,Paid,0,Not Dropout
S03638,16,Male,79,74,Low,3.9,Yes,Yes,Average,Paid,2,Not Dropout
S03639,18,Male,59,20,High,11.3,No,No,Good,Paid,2,Not Dropout
S03640,16,Female,94,78,High,18.0,No,No,Average,Paid,1,Not Dropout
S03641,14,Male,41,75,Medium,6.6,Yes,No,Average,Paid,0,Not Dropout
S03642,15,Female,74,50,High,17.2,Yes,Yes,Good,Paid,1,Not Dropout
S03643,15,Male,45,48,Low,2.1,Yes,No,Good,Paid,0,Not Dropout
S03644,17,Female,43,54,High,14.9,Yes,No,Good,Paid,4,Not Dropout
S03645,11,Male,95,48,High,3.3,No,Yes,Average,Paid,2,Not Dropout
S03646,17,Female,53,69,Low,9.0,No,Yes,Average,Unpaid,3,Not Dropout
S03647,18,Male,52,66,Medium,6.2,Yes,Yes,Average,Paid,3,Not Dropout
S03648,12,Female,52,25,Low,0.8,No,No,Poor,Paid,1,Not Dropout
S03649,18,Male,30,79,High,19.2,Yes,No,Average,Paid,3,Not Dropout
S03650,14,Female,97,60,Low,7.0,Yes,No,Good,Paid,1,Not Dropout
S03651,13,Male,84,100,Low,9.8,Yes,No,Average,Overdue (3+ Months),5,Dropout
S03652,18,Male,66,42,High,13.9,Yes,No,Good,Paid,3,Not Dropout
S03653,15,Female,83,22,High,15.8,Yes,Yes,Average,Paid,3,Not Dropout
S03654,13,Male,83,36,Low,9.0,No,No,Poor,Paid,5,Dropout
S03655,15,Female,67,47,High,12.4,No,Yes,Good,Unpaid,4,Dropout
S03656,15,Male,31,43,Medium,17.1,No,Yes,Good,Paid,3,Not Dropout
S03657,18,Female,70,69,Low,18.4,No,No,Good,Unpaid,4,Not Dropout
S03658,18,Female,75,70,Medium,10.5,Yes,Yes,Good,Unpaid,0,Not Dropout
S03659,15,Female,34,99,Medium,9.0,Yes,Yes,Average,Unpaid,2,Dropout
S03660,14,Female,65,54,Low,0.7,No,Yes,Poor,Paid,0,Not Dropout
S03661,14,Male,60,23,Low,18.5,Yes,No,Average,Paid,2,Not Dropout
S03662,18,Male,55,95,High,19.4,Yes,Yes,Good,Paid,5,Not Dropout
S03663,15,Female,96,82,Low,7.9,Yes,Yes,Average,Paid,1,Not Dropout
S03664,14,Female,75,98,Low,18.9,Yes,No,Good,Unpaid,2,Not Dropout
S03665,14,Male,68,84,Low,16.0,Yes,No,Average,Paid,0,Not Dropout
S03666,12,Female,41,93,High,8.6,No,Yes,Average,Unpaid,2,Not Dropout
S03667,17,Male,86,98,Medium,15.2,No,Yes,Average,Paid,4,Not Dropout
S03668,14,Female,58,79,Medium,13.9,No,No,Average,Paid,1,Not Dropout
S03669,12,Male,68,85,Medium,11.2,Yes,Yes,Poor,Paid,1,Not Dropout
S03670,17,Male,33,86,Medium,9.5,No,Yes,Average,Paid,4,Not Dropout
S03671,17,Male,33,36,Low,12.1,Yes,No,Average,Paid,0,Dropout
S03672,15,Female,96,52,Low,1.4,No,No,Average,Paid,4,Not Dropout
S03673,14,Male,55,75,High,19.2,Yes,Yes,Poor,Paid,4,Dropout
S03674,13,Male,35,86,High,1.1,Yes,Yes,Poor,Overdue (3+ Months),3,Dropout
S03675,14,Male,72,67,Low,18.1,Yes,Yes,Poor,Paid,1,Dropout
S03676,11,Male,63,73,Low,1.4,No,No,Average,Unpaid,3,Not Dropout
S03677,13,Female,38,56,High,10.9,Yes,No,Average,Paid,3,Not Dropout
S03678,18,Female,43,33,Low,19.6,No,No,Good,Paid,1,Not Dropout
S03679,16,Male,95,85,Low,2.0,Yes,Yes,Good,Paid,2,Not Dropout
S03680,18,Male,39,70,Medium,19.3,No,No,Poor,Paid,2,Not Dropout
S03681,15,Male,49,73,Medium,6.6,Yes,Yes,Average,Paid,4,Not Dropout
S03682,11,Female,77,24,Low,16.4,No,No,Average,Paid,1,Not Dropout
S03683,12,Male,92,57,Medium,12.6,No,Yes,Good,Paid,5,Not Dropout
S03684,12,Male,31,34,High,14.1,No,Yes,Average,Unpaid,2,Dropout
S03685,15,Female,95,32,High,13.6,Yes,No,Good,Paid,4,Not Dropout
S03686,12,Female,39,100,High,11.2,Yes,No,Good,Unpaid,2,Not Dropout
S03687,11,Male,58,77,High,4.4,Yes,Yes,Average,Unpaid,2,Not Dropout
S03688,18,Female,89,59,Low,15.2,Yes,No,Average,Paid,0,Not Dropout
S03689,11,Male,94,49,Low,4.9,No,Yes,Poor,Paid,0,Dropout
S03690,18,Male,85,29,High,7.6,Yes,Yes,Good,Paid,0,Not Dropout
S03691,18,Female,34,75,High,16.8,Yes,Yes,Good,Unpaid,2,Dropout
S03692,12,Female,85,95,Low,14.9,Yes,Yes,Good,Overdue (3+ Months),3,Dropout
S03693,18,Female,60,34,High,17.5,No,No,Average,Unpaid,5,Not Dropout
S03694,12,Female,44,35,High,19.5,No,No,Average,Overdue (3+ Months),1,Not Dropout
S03695,17,Female,55,73,High,19.1,Yes,Yes,Average,Paid,3,Not Dropout
S03696,13,Male,93,71,High,18.4,Yes,Yes,Good,Overdue (3+ Months),3,Not Dropout
S03697,16,Male,45,56,Low,3.4,No,No,Good,Overdue (3+ Months),4,Not Dropout
S03698,12,Female,60,61,Low,10.1,Yes,No,Poor,Overdue (3+ Months),1,Dropout
S03699,18,Female,82,94,High,7.6,No,Yes,Average,Paid,4,Not Dropout
S03700,14,Female,42,66,Low,14.7,No,Yes,Average,Paid,4,Dropout
S03701,12,Female,88,96,Medium,6.5,Yes,Yes,Average,Unpaid,2,Not Dropout
S03702,12,Male,44,41,Medium,19.1,No,No,Poor,Paid,1,Not Dropout
S03703,17,Female,66,85,High,5.9,No,Yes,Good,Paid,3,Not Dropout
S03704,14,Male,73,28,High,2.3,No,Yes,Average,Unpaid,0,Not Dropout
S03705,14,Male,78,54,Medium,13.0,Yes,Yes,Poor,Paid,4,Dropout
S03706,15,Female,95,21,Medium,19.0,No,Yes,Good,Overdue (3+ Months),3,Not Dropout
S03707,13,Female,96,67,Low,6.8,No,Yes,Average,Paid,2,Not Dropout
S03708,16,Male,98,24,Medium,3.1,Yes,No,Average,Paid,5,Not Dropout
S03709,14,Female,95,99,Medium,12.1,Yes,Yes,Poor,Paid,3,Not Dropout
S03710,18,Female,66,24,High,18.8,No,Yes,Good,Paid,4,Not Dropout
S03711,17,Male,86,35,Low,10.2,No,No,Good,Paid,1,Not Dropout
S03712,17,Male,62,40,Medium,7.9,No,Yes,Poor,Paid,1,Not Dropout
S03713,11,Male,80,78,High,16.3,Yes,No,Average,Paid,5,Not Dropout
S03714,16,Male,75,58,High,3.3,No,No,Good,Overdue (3+ Months),2,Not Dropout
S03715,12,Male,53,80,Medium,4.1,Yes,Yes,Average,Overdue (3+ Months),0,Not Dropout
S03716,17,Male,88,68,Medium,1.9,No,No,Average,Paid,0,Not Dropout
S03717,15,Female,58,71,Medium,13.5,No,No,Average,Overdue (3+ Months),5,Not Dropout
S03718,13,Male,63,61,Low,10.8,No,Yes,Average,Paid,4,Not Dropout
S03719,17,Female,69,42,High,10.4,Yes,No,Average,Paid,2,Not Dropout
S03720,14,Male,87,86,Medium,11.2,No,No,Good,Overdue (3+ Months),0,Not Dropout
S03721,14,Male,31,98,Medium,6.1,Yes,Yes,Average,Paid,3,Not Dropout
S03722,16,Male,75,39,Medium,1.7,No,No,Average,Paid,0,Not Dropout
S03723,14,Male,96,63,Low,18.8,Yes,Yes,Average,Overdue (3+ Months),1,Dropout
S03724,15,Male,96,75,Medium,18.0,Yes,Yes,Good,Paid,3,Not Dropout
S03725,15,Female,38,28,Medium,9.0,No,Yes,Average,Paid,1,Not Dropout
S03726,16,Male,53,99,High,16.5,No,No,Poor,Paid,3,Not Dropout
S03727,13,Male,91,95,Low,9.0,No,Yes,Poor,Paid,1,Not Dropout
S03728,12,Female,44,28,Low,6.5,Yes,Yes,Average,Unpaid,3,Dropout
S03729,11,Female,50,45,Medium,2.3,No,Yes,Average,Overdue (3+ Months),1,Not Dropout
S03730,16,Female,36,25,High,13.1,No,No,Average,Paid,5,Not Dropout
S03731,12,Male,85,58,Low,18.1,No,No,Average,Paid,4,Not Dropout
S03732,12,Male,61,51,Low,1.5,Yes,Yes,Average,Unpaid,2,Dropout
S03733,14,Female,62,32,High,17.7,No,No,Average,Paid,2,Not Dropout
S03734,12,Female,71,76,High,5.8,No,No,Poor,Paid,4,Not Dropout
S03735,18,Female,59,99,High,10.1,Yes,Yes,Good,Unpaid,0,Not Dropout
S03736,18,Male,48,61,Medium,8.6,Yes,No,Good,Paid,3,Not Dropout
S03737,18,Female,77,25,Low,15.7,Yes,Yes,Good,Paid,3,Dropout
S03738,15,Female,44,35,Low,6.5,No,Yes,Average,Unpaid,4,Dropout
S03739,11,Female,62,77,Low,9.4,No,No,Average,Overdue (3+ Months),2,Not Dropout
S03740,13,Female,53,39,Low,6.5,No,Yes,Average,Paid,0,Not Dropout
S03741,11,Female,34,84,High,7.3,Yes,No,Average,Paid,5,Not Dropout
S03742,16,Male,67,50,Medium,7.4,Yes,No,Average,Paid,2,Not Dropout
S03743,15,Female,89,64,Medium,7.8,No,No,Poor,Overdue (3+ Months),3,Not Dropout
S03744,17,Male,32,53,Medium,18.4,Yes,No,Average,Paid,2,Not Dropout
S03745,18,Male,97,87,Low,12.1,Yes,Yes,Average,Paid,2,Not Dropout
S03746,14,Male,77,55,Medium,3.8,No,Yes,Average,Paid,1,Not Dropout
S03747,14,Male,93,96,High,13.9,No,Yes,Good,Paid,5,Not Dropout
S03748,15,Male,47,79,High,7.9,Yes,No,Good,Paid,5,Not Dropout
S03749,18,Female,85,73,High,9.8,No,No,Good,Paid,4,Not Dropout
S03750,13,Male,74,34,High,13.4,Yes,Yes,Average,Unpaid,3,Dropout
S03751,13,Male,50,81,Medium,6.9,No,Yes,Poor,Paid,4,Not Dropout
S03752,18,Female,95,78,Low,14.5,No,No,Poor,Paid,5,Not Dropout
S03753,11,Male,84,88,Medium,10.8,Yes,Yes,Good,Paid,4,Not Dropout
S03754,15,Male,84,28,Low,16.9,No,No,Average,Overdue (3+ Months),0,Not Dropout
S03755,16,Female,32,63,High,14.0,Yes,Yes,Average,Paid,2,Not Dropout
S03756,14,Female,58,60,High,19.0,Yes,Yes,Good,Paid,0,Not Dropout
S03757,12,Female,57,20,Medium,0.9,No,No,Good,Paid,3,Not Dropout
S03758,18,Female,75,20,Medium,9.9,No,Yes,Poor,Unpaid,2,Dropout
S03759,12,Male,59,55,High,12.1,Yes,Yes,Good,Overdue (3+ Months),1,Not Dropout
S03760,13,Female,47,27,High,6.3,Yes,No,Average,Overdue (3+ Months),1,Not Dropout
S03761,17,Female,71,44,High,17.6,No,No,Average,Paid,0,Not Dropout
S03762,18,Male,54,33,High,1.8,Yes,No,Good,Paid,5,Not Dropout
S03763,15,Male,73,38,High,10.7,No,Yes,Good,Paid,0,Not Dropout
S03764,14,Male,95,81,Medium,19.0,No,No,Average,Overdue (3+ Months),0,Not Dropout
S03765,12,Female,33,95,Low,18.8,Yes,No,Average,Paid,1,Not Dropout
S03766,17,Female,39,65,Low,13.1,No,Yes,Good,Paid,4,Dropout
S03767,17,Male,91,58,High,2.7,Yes,Yes,Average,Paid,5,Not Dropout
S03768,13,Female,60,74,Low,19.0,Yes,Yes,Good,Overdue (3+ Months),4,Dropout
S03769,14,Male,30,27,High,3.4,No,No,Good,Paid,0,Not Dropout
S03770,16,Male,69,96,High,10.9,Yes,Yes,Average,Paid,1,Not Dropout
S03771,13,Male,90,75,Low,2.9,Yes,Yes,Good,Paid,5,Dropout
S03772,12,Male,31,58,High,7.4,No,Yes,Average,Paid,5,Not Dropout
S03773,12,Female,98,92,Low,5.1,No,Yes,Average,Paid,1,Not Dropout
S03774,14,Female,95,35,Medium,18.5,Yes,No,Average,Paid,3,Not Dropout
S03775,16,Female,61,78,Low,8.9,No,No,Poor,Paid,0,Not Dropout
S03776,17,Female,50,41,High,18.3,Yes,Yes,Good,Paid,3,Not Dropout
S03777,12,Female,91,61,Low,9.0,No,No,Average,Overdue (3+ Months),2,Not Dropout
S03778,12,Male,62,56,Medium,9.6,No,No,Good,Unpaid,5,Not Dropout
S03779,13,Male,61,68,High,11.3,Yes,Yes,Good,Unpaid,4,Dropout
S03780,13,Female,60,86,Low,5.1,Yes,No,Poor,Paid,4,Dropout
S03781,11,Male,67,65,Medium,17.0,Yes,No,Average,Paid,0,Not Dropout
S03782,15,Male,89,29,Medium,1.2,Yes,Yes,Good,Paid,1,Not Dropout
S03783,14,Female,46,66,Low,17.6,No,No,Good,Paid,1,Not Dropout
S03784,15,Female,36,33,Low,6.8,Yes,No,Good,Overdue (3+ Months),0,Dropout
S03785,14,Male,74,31,Medium,19.3,No,No,Average,Unpaid,2,Not Dropout
S03786,15,Female,41,90,High,12.1,No,Yes,Poor,Paid,2,Not Dropout
S03787,18,Female,44,60,Medium,18.7,Yes,Yes,Average,Paid,4,Dropout
S03788,15,Male,53,51,High,1.9,Yes,No,Average,Paid,2,Not Dropout
S03789,12,Male,97,26,High,12.1,Yes,Yes,Poor,Paid,1,Dropout
S03790,14,Female,64,47,Low,5.0,No,No,Poor,Unpaid,3,Dropout
S03791,12,Male,36,75,High,11.5,No,No,Good,Paid,4,Not Dropout
S03792,14,Male,37,70,High,8.0,Yes,No,Average,Overdue (3+ Months),5,Dropout
S03793,12,Female,83,98,High,3.2,Yes,No,Good,Unpaid,4,Not Dropout
S03794,12,Male,61,82,Medium,6.3,Yes,Yes,Poor,Overdue (3+ Months),5,Dropout
S03795,13,Male,54,26,Low,19.7,Yes,No,Good,Paid,4,Dropout
S03796,18,Male,67,46,Medium,12.0,Yes,Yes,Good,Paid,4,Dropout
S03797,16,Female,86,91,Low,19.6,Yes,No,Poor,Unpaid,5,Dropout
S03798,12,Female,73,92,High,14.8,No,Yes,Average,Paid,2,Not Dropout
S03799,11,Male,91,43,Low,19.4,No,Yes,Average,Paid,3,Not Dropout
S03800,11,Female,54,48,Low,19.0,Yes,Yes,Average,Unpaid,5,Dropout
S03801,11,Female,65,50,Low,17.4,No,No,Average,Paid,3,Not Dropout
S03802,14,Female,79,29,Low,10.6,Yes,Yes,Good,Paid,0,Dropout
S03803,14,Female,84,71,Low,16.6,No,No,Good,Unpaid,2,Not Dropout
S03804,18,Female,64,75,High,15.3,Yes,No,Good,Paid,3,Not Dropout
S03805,12,Male,61,93,Low,1.1,No,No,Average,Paid,0,Not Dropout
S03806,14,Male,77,48,High,1.4,Yes,No,Average,Paid,2,Not Dropout
S03807,15,Male,73,94,Low,10.2,No,No,Good,Paid,1,Not Dropout
S03808,14,Female,63,43,Low,19.1,No,Yes,Average,Unpaid,3,Dropout
S03809,12,Male,53,20,Medium,7.6,No,No,Good,Paid,2,Not Dropout
S03810,16,Female,96,99,Low,0.6,No,No,Good,Paid,1,Not Dropout
S03811,15,Male,38,45,Low,8.2,No,No,Average,Unpaid,5,Dropout
S03812,15,Female,41,27,Medium,10.7,Yes,No,Good,Paid,0,Not Dropout
S03813,17,Female,32,30,High,10.8,Yes,Yes,Poor,Paid,1,Dropout
S03814,12,Female,50,59,High,3.6,No,No,Good,Paid,1,Not Dropout
S03815,14,Male,55,38,High,8.0,No,Yes,Good,Paid,5,Not Dropout
S03816,15,Female,72,70,High,19.8,No,No,Poor,Overdue (3+ Months),5,Not Dropout
S03817,12,Male,35,41,Medium,13.5,No,No,Average,Paid,1,Not Dropout
S03818,17,Male,93,59,High,10.8,No,Yes,Average,Paid,4,Not Dropout
S03819,12,Male,36,73,Medium,7.2,Yes,No,Good,Paid,4,Not Dropout
S03820,14,Female,92,85,Low,16.2,Yes,No,Average,Unpaid,1,Not Dropout
S03821,17,Male,50,98,Medium,6.5,Yes,Yes,Poor,Paid,3,Not Dropout
S03822,14,Female,89,72,Medium,10.4,No,Yes,Good,Paid,2,Not Dropout
S03823,16,Male,37,35,Medium,15.6,No,No,Average,Paid,0,Not Dropout
S03824,11,Male,55,48,High,2.5,No,Yes,Good,Paid,1,Not Dropout
S03825,13,Male,83,87,Low,17.5,Yes,Yes,Good,Paid,0,Not Dropout
S03826,13,Female,60,30,High,11.9,Yes,No,Poor,Unpaid,5,Dropout
S03827,18,Female,41,71,Low,3.1,No,Yes,Average,Overdue (3+ Months),1,Dropout
S03828,18,Female,77,98,Medium,5.4,No,Yes,Good,Unpaid,3,Not Dropout
S03829,11,Male,88,96,High,1.4,No,No,Average,Paid,3,Not Dropout
S03830,14,Female,93,73,Low,8.5,No,No,Good,Unpaid,4,Not Dropout
S03831,16,Female,50,77,High,5.6,No,Yes,Average,Overdue (3+ Months),3,Not Dropout
S03832,13,Female,92,92,High,3.5,Yes,No,Average,Paid,1,Not Dropout
S03833,15,Male,59,69,High,1.7,No,No,Poor,Unpaid,4,Not Dropout
S03834,12,Male,45,54,Low,15.9,No,No,Average,Paid,1,Not Dropout
S03835,18,Male,53,100,Medium,14.9,No,No,Good,Unpaid,1,Not Dropout
S03836,16,Female,85,24,High,14.8,Yes,Yes,Average,Paid,4,Dropout
S03837,15,Female,55,73,Medium,12.2,No,No,Average,Paid,1,Not Dropout
S03838,15,Female,97,89,Medium,7.3,No,Yes,Average,Paid,2,Not Dropout
S03839,17,Female,89,92,Low,13.6,Yes,No,Good,Paid,2,Not Dropout
S03840,12,Male,47,35,High,6.4,Yes,No,Poor,Paid,0,Not Dropout
S03841,14,Female,78,85,Medium,12.9,Yes,Yes,Good,Paid,2,Not Dropout
S03842,18,Male,62,97,Medium,5.8,No,Yes,Good,Paid,4,Not Dropout
S03843,16,Male,60,63,Low,17.3,Yes,Yes,Poor,Paid,5,Dropout
S03844,12,Female,72,49,High,11.8,Yes,No,Average,Paid,3,Not Dropout
S03845,15,Female,66,22,High,19.3,No,No,Good,Unpaid,2,Not Dropout
S03846,17,Female,80,61,Medium,11.5,Yes,No,Average,Unpaid,4,Not Dropout
S03847,14,Male,50,73,Medium,8.2,Yes,Yes,Average,Paid,5,Not Dropout
S03848,12,Male,30,88,High,11.0,No,Yes,Good,Unpaid,2,Not Dropout
S03849,14,Male,82,76,Medium,0.8,Yes,Yes,Average,Paid,0,Not Dropout
S03850,17,Male,90,45,Low,6.5,Yes,Yes,Good,Overdue (3+ Months),1,Dropout
S03851,18,Male,62,54,Medium,7.7,Yes,Yes,Good,Unpaid,4,Dropout
S03852,13,Male,82,69,Low,5.0,Yes,Yes,Good,Unpaid,3,Dropout
S03853,16,Female,86,72,High,5.6,Yes,No,Poor,Paid,2,Not Dropout
S03854,12,Male,82,95,Low,10.6,Yes,Yes,Poor,Overdue (3+ Months),3,Dropout
S03855,15,Male,79,56,Medium,3.0,No,No,Average,Paid,1,Not Dropout
S03856,16,Male,92,38,High,4.6,No,No,Average,Paid,5,Not Dropout
S03857,12,Male,35,28,Medium,16.7,Yes,No,Good,Unpaid,0,Dropout
S03858,13,Male,37,98,High,19.4,No,Yes,Average,Paid,0,Not Dropout
S03859,12,Male,42,76,Low,16.8,No,No,Average,Paid,5,Not Dropout
S03860,12,Female,65,52,Low,13.2,No,No,Good,Paid,2,Not Dropout
S03861,13,Male,79,69,Medium,13.9,Yes,Yes,Good,Unpaid,4,Dropout
S03862,12,Male,44,58,Low,0.9,Yes,Yes,Average,Paid,3,Dropout
S03863,11,Female,60,50,Medium,9.9,No,Yes,Average,Paid,4,Not Dropout
S03864,14,Female,37,50,Medium,1.0,No,No,Average,Unpaid,0,Not Dropout
S03865,16,Female,68,96,Medium,10.9,Yes,Yes,Average,Overdue (3+ Months),3,Not Dropout
S03866,17,Male,82,28,High,15.2,No,Yes,Average,Paid,4,Not Dropout
S03867,13,Female,82,81,Medium,9.7,No,No,Good,Paid,0,Not Dropout
S03868,13,Male,88,66,High,7.6,Yes,No,Average,Paid,1,Not Dropout
S03869,14,Female,57,68,Medium,18.0,Yes,Yes,Good,Unpaid,2,Not Dropout
S03870,14,Male,30,56,Low,1.6,Yes,No,Average,Overdue (3+ Months),2,Dropout
S03871,11,Female,54,50,Medium,5.6,No,Yes,Good,Unpaid,2,Not Dropout
S03872,17,Female,74,52,High,1.0,Yes,No,Average,Unpaid,3,Not Dropout
S03873,14,Male,64,57,High,13.4,Yes,No,Poor,Paid,3,Not Dropout
S03874,17,Female,47,96,Medium,5.1,No,Yes,Good,Unpaid,5,Not Dropout
S03875,14,Female,87,91,Low,19.6,Yes,Yes,Average,Paid,4,Dropout
S03876,16,Male,57,75,High,5.7,No,Yes,Average,Paid,2,Not Dropout
S03877,18,Female,37,59,Medium,14.1,No,No,Good,Paid,5,Not Dropout
S03878,18,Male,75,61,Medium,5.5,Yes,Yes,Poor,Paid,2,Not Dropout
S03879,14,Female,47,86,Medium,19.7,No,Yes,Good,Unpaid,4,Not Dropout
S03880,13,Male,90,80,Low,10.6,Yes,No,Average,Paid,2,Not Dropout
S03881,17,Male,37,54,High,10.1,No,Yes,Good,Paid,3,Not Dropout
S03882,17,Female,85,46,Medium,19.4,Yes,Yes,Good,Paid,2,Not Dropout
S03883,14,Female,61,29,Medium,16.0,No,Yes,Good,Paid,4,Not Dropout
S03884,17,Female,86,79,Low,13.6,Yes,No,Good,Paid,1,Not Dropout
S03885,18,Male,55,41,High,16.7,Yes,No,Good,Unpaid,3,Not Dropout
S03886,17,Female,93,38,High,13.8,Yes,No,Average,Paid,4,Not Dropout
S03887,14,Male,43,63,Medium,9.3,Yes,No,Good,Paid,1,Not Dropout
S03888,12,Male,43,56,High,12.1,No,Yes,Good,Paid,4,Not Dropout
S03889,15,Female,59,44,High,4.5,Yes,Yes,Average,Paid,5,Dropout
S03890,12,Male,57,40,Medium,2.1,Yes,No,Average,Paid,0,Not Dropout
S03891,17,Male,97,30,Low,4.3,No,No,Good,Paid,3,Not Dropout
S03892,12,Female,49,27,Medium,3.9,Yes,Yes,Poor,Unpaid,3,Dropout
S03893,12,Female,94,53,Low,3.5,No,No,Good,Paid,4,Not Dropout
S03894,15,Female,34,43,Medium,13.5,Yes,Yes,Average,Paid,1,Dropout
S03895,17,Male,42,97,Low,8.0,Yes,Yes,Average,Unpaid,0,Dropout
S03896,11,Male,57,88,High,12.4,No,No,Poor,Unpaid,5,Not Dropout
S03897,14,Male,68,70,Medium,10.5,No,No,Average,Unpaid,1,Not Dropout
S03898,12,Female,74,99,Medium,6.7,Yes,Yes,Average,Paid,4,Not Dropout
S03899,17,Male,30,62,Low,15.2,No,Yes,Poor,Paid,1,Dropout
S03900,17,Male,95,87,Low,16.8,Yes,Yes,Average,Overdue (3+ Months),5,Dropout
S03901,15,Female,93,54,Medium,3.4,No,No,Average,Paid,2,Not Dropout
S03902,17,Female,58,46,High,16.6,No,No,Average,Paid,4,Not Dropout
S03903,15,Male,83,75,Medium,7.4,Yes,Yes,Good,Paid,5,Not Dropout
S03904,16,Male,59,22,High,9.1,No,No,Poor,Paid,2,Not Dropout
S03905,12,Female,97,25,Medium,2.4,No,No,Poor,Paid,0,Not Dropout
S03906,15,Male,86,24,Low,16.6,Yes,No,Good,Paid,3,Not Dropout
S03907,16,Female,56,90,Medium,12.6,No,No,Good,Unpaid,0,Not Dropout
S03908,16,Male,51,43,High,10.8,No,No,Good,Paid,0,Not Dropout
S03909,11,Female,63,65,Low,11.1,Yes,Yes,Good,Paid,4,Dropout
S03910,13,Male,35,95,Low,17.6,Yes,Yes,Good,Paid,4,Dropout
S03911,18,Female,89,43,High,15.0,Yes,No,Good,Paid,0,Not Dropout
S03912,11,Male,56,63,High,13.2,Yes,Yes,Poor,Paid,5,Dropout
S03913,18,Male,98,27,Low,10.8,No,Yes,Average,Overdue (3+ Months),3,Dropout
S03914,11,Male,45,55,Low,11.8,Yes,No,Poor,Paid,2,Not Dropout
S03915,14,Female,64,93,High,7.1,Yes,No,Poor,Unpaid,4,Dropout
S03916,13,Female,41,96,Medium,2.9,Yes,Yes,Poor,Paid,4,Dropout
S03917,17,Female,85,41,Low,15.7,No,No,Average,Paid,0,Not Dropout
S03918,13,Female,40,31,Medium,11.2,Yes,Yes,Average,Overdue (3+ Months),4,Dropout
S03919,17,Female,78,87,Low,0.9,No,No,Good,Paid,4,Not Dropout
S03920,17,Female,87,41,Medium,2.2,Yes,Yes,Average,Unpaid,2,Dropout
S03921,13,Female,31,64,High,5.5,No,Yes,Good,Unpaid,3,Not Dropout
S03922,16,Female,65,92,High,17.7,Yes,Yes,Good,Paid,5,Not Dropout
S03923,12,Male,43,80,High,17.9,No,Yes,Poor,Paid,5,Dropout
S03924,13,Male,83,70,Low,17.2,Yes,No,Good,Paid,4,Not Dropout
S03925,14,Female,38,29,Medium,8.9,No,No,Good,Paid,1,Not Dropout
S03926,13,Male,92,27,High,3.8,No,Yes,Average,Unpaid,1,Not Dropout
S03927,17,Male,42,96,Low,6.1,Yes,Yes,Good,Paid,3,Dropout
S03928,17,Female,75,99,Medium,15.3,Yes,No,Good,Paid,4,Not Dropout
S03929,15,Female,52,25,Medium,1.9,No,No,Good,Paid,0,Not Dropout
S03930,14,Male,80,35,High,14.3,No,Yes,Good,Paid,3,Not Dropout
S03931,17,Male,80,80,High,10.7,No,Yes,Good,Paid,4,Not Dropout
S03932,17,Female,66,95,Low,15.5,No,No,Average,Unpaid,0,Not Dropout
S03933,11,Male,31,31,Medium,12.2,Yes,No,Average,Paid,1,Not Dropout
S03934,16,Male,73,99,High,11.4,No,No,Average,Paid,0,Not Dropout
S03935,12,Male,50,35,Low,2.1,No,No,Average,Paid,4,Not Dropout
S03936,11,Male,64,43,Medium,17.9,No,No,Poor,Paid,1,Not Dropout
S03937,15,Female,34,21,High,14.6,No,Yes,Average,Paid,1,Not Dropout
S03938,13,Male,36,57,Medium,12.9,Yes,No,Average,Paid,0,Not Dropout
S03939,12,Male,35,72,Medium,12.1,Yes,No,Good,Paid,4,Not Dropout
S03940,17,Female,82,46,Medium,16.5,Yes,Yes,Good,Paid,0,Not Dropout
S03941,18,Female,92,47,High,9.9,No,No,Poor,Paid,1,Not Dropout
S03942,16,Female,88,43,Medium,6.1,Yes,No,Good,Paid,3,Not Dropout
S03943,17,Male,35,83,High,9.5,No,No,Average,Paid,0,Not Dropout
S03944,11,Male,49,69,High,5.3,Yes,No,Poor,Paid,1,Not Dropout
S03945,17,Male,92,25,Low,11.0,No,Yes,Good,Paid,5,Dropout
S03946,13,Male,79,68,Low,11.5,Yes,No,Poor,Paid,3,Not Dropout
S03947,16,Male,91,65,Medium,1.7,Yes,No,Poor,Paid,4,Not Dropout
S03948,14,Female,37,70,Medium,8.7,No,No,Average,Paid,1,Not Dropout
S03949,16,Male,72,55,High,8.1,No,Yes,Poor,Paid,1,Not Dropout
S03950,15,Female,56,89,High,4.9,Yes,No,Average,Paid,5,Not Dropout
S03951,13,Female,53,23,Medium,6.4,Yes,Yes,Average,Paid,4,Dropout
S03952,16,Female,44,54,Low,6.3,No,No,Average,Paid,4,Not Dropout
S03953,15,Male,81,24,Low,13.2,No,Yes,Poor,Unpaid,0,Dropout
S03954,13,Male,41,40,High,17.3,No,Yes,Average,Paid,1,Not Dropout
S03955,17,Male,84,73,Low,2.7,Yes,No,Poor,Overdue (3+ Months),3,Dropout
S03956,15,Female,61,63,High,3.9,No,No,Average,Paid,2,Not Dropout
S03957,16,Female,89,29,Low,14.3,Yes,No,Good,Paid,5,Dropout
S03958,16,Male,92,67,Medium,2.1,Yes,No,Poor,Unpaid,0,Not Dropout
S03959,11,Male,85,34,Low,4.7,No,No,Poor,Paid,4,Dropout
S03960,14,Male,61,76,Medium,8.8,No,Yes,Good,Unpaid,5,Not Dropout
S03961,15,Female,51,59,Low,6.4,No,No,Average,Unpaid,2,Not Dropout
S03962,18,Female,92,26,Low,18.6,Yes,No,Good,Overdue (3+ Months),4,Dropout
S03963,17,Male,85,57,High,14.2,Yes,No,Good,Overdue (3+ Months),0,Not Dropout
S03964,16,Male,80,47,High,2.7,Yes,No,Poor,Paid,5,Dropout
S03965,18,Male,88,48,High,5.3,No,No,Good,Overdue (3+ Months),0,Not Dropout
S03966,17,Male,69,82,Low,10.2,No,Yes,Average,Paid,1,Not Dropout
S03967,16,Male,90,64,High,1.4,No,No,Poor,Paid,1,Not Dropout
S03968,13,Female,73,87,Medium,4.6,Yes,No,Average,Paid,4,Not Dropout
S03969,11,Female,56,27,High,8.0,Yes,No,Good,Paid,3,Not Dropout
S03970,17,Female,51,98,Low,7.1,Yes,Yes,Poor,Paid,5,Dropout
S03971,15,Female,39,94,Low,9.0,No,Yes,Good,Overdue (3+ Months),4,Dropout
S03972,13,Male,74,46,High,1.8,No,No,Poor,Overdue (3+ Months),4,Dropout
S03973,14,Male,67,96,Medium,14.2,No,No,Average,Paid,4,Not Dropout
S03974,12,Female,47,59,Low,6.7,No,No,Good,Unpaid,4,Not Dropout
S03975,15,Male,61,79,Medium,2.5,No,Yes,Average,Overdue (3+ Months),5,Not Dropout
S03976,18,Female,33,83,Medium,2.9,Yes,Yes,Average,Paid,0,Not Dropout
S03977,17,Male,30,71,Medium,19.7,Yes,Yes,Average,Paid,0,Not Dropout
S03978,18,Female,63,85,High,6.6,Yes,Yes,Average,Paid,5,Not Dropout
S03979,12,Female,83,92,High,16.2,Yes,No,Good,Paid,0,Not Dropout
S03980,16,Female,64,89,Low,9.1,Yes,No,Average,Unpaid,1,Not Dropout
S03981,13,Male,36,60,High,19.0,Yes,No,Good,Unpaid,1,Not Dropout
S03982,11,Male,72,39,Medium,5.9,No,Yes,Average,Unpaid,5,Dropout
S03983,13,Female,89,77,High,3.6,Yes,No,Good,Unpaid,4,Not Dropout
S03984,11,Male,38,50,High,15.0,No,No,Average,Paid,2,Not Dropout
S03985,18,Female,97,96,High,1.4,Yes,Yes,Poor,Paid,2,Not Dropout
S03986,14,Male,47,57,High,9.3,No,No,Average,Unpaid,1,Not Dropout
S03987,11,Male,72,86,High,19.5,No,Yes,Average,Unpaid,4,Not Dropout
S03988,18,Male,36,34,High,13.6,Yes,No,Poor,Paid,2,Dropout
S03989,13,Male,49,69,Medium,13.8,Yes,Yes,Average,Paid,5,Not Dropout
S03990,12,Male,87,25,Low,11.8,No,No,Average,Paid,4,Not Dropout
S03991,11,Male,78,82,Low,13.0,Yes,No,Poor,Paid,4,Dropout
S03992,12,Male,41,39,Low,17.6,Yes,No,Average,Paid,1,Dropout
S03993,16,Male,88,53,High,14.4,Yes,Yes,Average,Paid,1,Not Dropout
S03994,14,Male,31,78,Low,8.2,Yes,No,Average,Paid,4,Dropout
S03995,14,Male,97,62,Medium,10.0,No,No,Average,Unpaid,4,Not Dropout
S03996,13,Female,87,51,Medium,17.2,No,Yes,Poor,Paid,0,Not Dropout
S03997,11,Male,90,96,Medium,14.0,Yes,Yes,Average,Unpaid,3,Not Dropout
S03998,11,Female,91,40,High,1.0,No,No,Average,Paid,3,Not Dropout
S03999,11,Female,61,73,Low,3.0,No,Yes,Average,Paid,2,Not Dropout
S04000,14,Female,46,29,Medium,11.9,Yes,No,Average,Overdue (3+ Months),4,Dropout
S04001,12,Male,75,81,Low,3.2,Yes,No,Average,Paid,5,Not Dropout
S04002,16,Female,70,44,High,12.8,Yes,Yes,Poor,Paid,4,Dropout
S04003,16,Male,45,53,Medium,7.7,Yes,Yes,Good,Paid,3,Not Dropout
S04004,13,Female,72,85,Medium,12.5,Yes,No,Poor,Paid,4,Not Dropout
S04005,11,Male,76,22,Medium,11.0,Yes,No,Poor,Overdue (3+ Months),0,Dropout
S04006,14,Female,78,48,Medium,5.1,No,Yes,Good,Paid,0,Not Dropout
S04007,15,Female,74,37,High,13.9,Yes,No,Good,Paid,0,Not Dropout
S04008,18,Female,38,31,Medium,16.9,Yes,No,Poor,Paid,5,Dropout
S04009,11,Female,32,55,Medium,16.7,No,Yes,Poor,Overdue (3+ Months),0,Dropout
S04010,12,Female,96,40,Low,17.3,Yes,Yes,Good,Paid,4,Dropout
S04011,18,Male,50,59,Medium,16.4,Yes,No,Good,Paid,4,Not Dropout
S04012,17,Male,92,75,Low,0.5,Yes,Yes,Average,Unpaid,3,Dropout
S04013,18,Female,90,29,High,5.5,No,Yes,Average,Overdue (3+ Months),1,Not Dropout
S04014,14,Female,69,42,High,10.6,Yes,No,Average,Paid,1,Not Dropout
S04015,12,Male,48,20,Low,3.1,No,No,Average,Overdue (3+ Months),1,Not Dropout
S04016,15,Female,85,98,High,12.3,Yes,Yes,Good,Unpaid,4,Dropout
S04017,18,Female,84,28,Medium,16.7,Yes,No,Poor,Unpaid,1,Dropout
S04018,18,Female,90,21,High,4.4,Yes,No,Average,Paid,2,Not Dropout
S04019,12,Male,39,40,Medium,10.8,No,No,Good,Paid,2,Not Dropout
S04020,18,Male,67,84,High,5.8,Yes,Yes,Poor,Overdue (3+ Months),4,Dropout
S04021,18,Female,72,99,Low,8.6,No,No,Average,Paid,0,Not Dropout
S04022,13,Male,82,22,Medium,10.1,Yes,No,Poor,Paid,0,Not Dropout
S04023,16,Female,48,74,Low,13.3,No,Yes,Average,Paid,4,Not Dropout
S04024,17,Male,42,47,High,9.4,Yes,Yes,Average,Paid,2,Dropout
S04025,11,Female,90,59,High,16.8,No,Yes,Average,Unpaid,1,Not Dropout
S04026,14,Female,70,51,Medium,7.5,Yes,No,Poor,Overdue (3+ Months),3,Not Dropout
S04027,14,Male,81,44,Low,2.5,No,No,Average,Unpaid,4,Dropout
S04028,13,Female,60,64,Medium,18.2,Yes,No,Poor,Unpaid,2,Not Dropout
S04029,13,Female,52,41,Low,6.0,Yes,Yes,Average,Unpaid,2,Dropout
S04030,18,Female,88,82,Low,16.3,No,Yes,Average,Overdue (3+ Months),2,Not Dropout
S04031,14,Female,85,24,High,16.9,No,Yes,Average,Unpaid,1,Not Dropout
S04032,11,Male,63,37,Low,6.1,Yes,No,Average,Paid,4,Dropout
S04033,11,Female,69,33,Low,3.8,No,Yes,Average,Paid,1,Not Dropout
S04034,11,Female,85,35,Low,8.0,Yes,Yes,Good,Paid,5,Dropout
S04035,15,Male,51,42,Medium,15.7,Yes,Yes,Average,Paid,1,Not Dropout
S04036,18,Male,72,61,High,2.8,No,No,Average,Paid,0,Not Dropout
S04037,14,Female,64,94,High,19.5,No,Yes,Average,Paid,0,Not Dropout
S04038,15,Female,87,67,Low,0.7,No,Yes,Good,Overdue (3+ Months),2,Not Dropout
S04039,13,Female,83,26,Low,2.8,No,Yes,Average,Paid,2,Not Dropout
S04040,16,Female,61,79,Low,9.1,No,No,Good,Paid,2,Not Dropout
S04041,11,Male,82,69,High,5.4,No,No,Good,Paid,5,Not Dropout
S04042,16,Male,45,93,High,11.3,No,Yes,Good,Overdue (3+ Months),5,Not Dropout
S04043,16,Female,89,40,Low,14.1,No,No,Average,Paid,5,Not Dropout
S04044,14,Male,76,75,High,1.7,Yes,Yes,Poor,Paid,5,Dropout
S04045,14,Female,98,73,Medium,3.7,Yes,Yes,Average,Paid,1,Not Dropout
S04046,12,Female,44,43,Low,13.9,Yes,No,Average,Unpaid,1,Dropout
S04047,15,Male,94,85,Low,2.8,Yes,No,Average,Unpaid,4,Dropout
S04048,15,Male,50,74,Low,17.2,No,Yes,Average,Paid,5,Not Dropout
S04049,13,Male,34,89,Low,15.1,No,Yes,Poor,Overdue (3+ Months),2,Dropout
S04050,18,Female,57,86,Medium,19.1,No,No,Average,Overdue (3+ Months),1,Not Dropout
S04051,16,Female,95,90,Low,11.5,No,Yes,Good,Paid,5,Not Dropout
S04052,11,Female,57,22,Low,1.3,Yes,No,Poor,Paid,3,Dropout
S04053,14,Male,61,29,High,5.0,Yes,Yes,Good,Unpaid,2,Dropout
S04054,15,Male,51,85,High,2.4,No,Yes,Good,Overdue (3+ Months),5,Not Dropout
S04055,16,Male,43,21,Medium,11.4,No,Yes,Average,Paid,4,Dropout
S04056,14,Female,91,82,Low,1.6,No,Yes,Average,Paid,2,Not Dropout
S04057,17,Female,84,40,Medium,7.2,Yes,No,Good,Unpaid,3,Not Dropout
S04058,14,Female,95,57,High,6.8,Yes,No,Good,Paid,1,Not Dropout
S04059,13,Female,68,94,Low,8.3,No,No,Poor,Unpaid,3,Not Dropout
S04060,12,Female,47,30,Low,16.5,Yes,Yes,Average,Paid,5,Dropout
S04061,15,Male,37,27,Low,0.6,Yes,Yes,Good,Paid,0,Dropout
S04062,18,Male,51,86,Medium,19.3,No,Yes,Good,Paid,1,Not Dropout
S04063,18,Female,72,74,Low,3.3,Yes,Yes,Poor,Paid,2,Dropout
S04064,17,Female,93,25,Medium,1.0,No,Yes,Good,Paid,1,Not Dropout
S04065,14,Male,43,100,Low,9.5,No,Yes,Good,Paid,3,Not Dropout
S04066,12,Male,97,41,Low,18.7,No,Yes,Average,Paid,2,Not Dropout
S04067,12,Male,96,31,Medium,5.6,Yes,Yes,Average,Paid,4,Dropout
S04068,18,Female,55,91,High,19.8,No,Yes,Good,Paid,2,Not Dropout
S04069,17,Male,64,21,Low,16.0,Yes,No,Poor,Unpaid,0,Dropout
S04070,12,Female,95,22,Low,18.3,No,Yes,Average,Paid,4,Dropout
S04071,17,Female,66,27,High,11.1,Yes,Yes,Good,Paid,2,Not Dropout
S04072,18,Female,98,68,High,4.6,Yes,Yes,Good,Paid,4,Not Dropout
S04073,17,Female,30,59,Low,20.0,Yes,No,Good,Paid,2,Not Dropout
S04074,16,Female,80,53,Low,2.3,No,Yes,Average,Paid,3,Not Dropout
S04075,11,Male,66,79,Low,7.6,No,No,Average,Paid,1,Not Dropout
S04076,13,Male,55,89,High,10.4,Yes,Yes,Average,Paid,5,Not Dropout
S04077,17,Female,36,60,Medium,14.1,No,Yes,Average,Paid,2,Not Dropout
S04078,14,Female,41,35,Low,14.0,Yes,Yes,Good,Paid,2,Dropout
S04079,13,Female,70,65,Low,19.2,No,Yes,Good,Paid,1,Not Dropout
S04080,12,Male,38,69,Low,15.2,No,No,Good,Paid,5,Not Dropout
S04081,15,Male,67,98,High,2.7,Yes,No,Average,Paid,0,Not Dropout
S04082,12,Male,58,97,High,5.3,Yes,No,Poor,Paid,3,Not Dropout
S04083,15,Male,80,76,Medium,6.4,Yes,No,Poor,Paid,3,Not Dropout
S04084,17,Male,51,49,Low,16.9,Yes,Yes,Average,Paid,0,Dropout
S04085,13,Female,71,59,Low,15.0,No,No,Average,Paid,2,Not Dropout
S04086,11,Male,98,38,Medium,11.6,Yes,Yes,Average,Unpaid,1,Dropout
S04087,16,Female,77,27,Low,2.4,No,Yes,Average,Paid,0,Not Dropout
S04088,16,Male,37,45,High,9.1,No,No,Good,Overdue (3+ Months),0,Not Dropout
S04089,17,Male,94,32,Medium,6.3,Yes,Yes,Good,Overdue (3+ Months),1,Dropout
S04090,11,Female,88,32,High,3.1,No,Yes,Good,Unpaid,5,Dropout
S04091,12,Female,89,85,Medium,15.7,Yes,No,Average,Overdue (3+ Months),0,Not Dropout
S04092,11,Male,80,32,High,7.1,No,Yes,Good,Paid,5,Not Dropout
S04093,15,Male,38,30,High,11.7,Yes,No,Good,Paid,5,Dropout
S04094,14,Male,54,75,Medium,16.9,No,Yes,Average,Unpaid,3,Not Dropout
S04095,13,Female,58,60,Low,19.1,Yes,Yes,Poor,Paid,4,Dropout
S04096,18,Female,47,63,High,17.7,Yes,Yes,Average,Paid,0,Not Dropout
S04097,11,Female,86,28,Medium,1.6,Yes,Yes,Poor,Paid,4,Dropout
S04098,13,Male,67,41,Low,11.7,No,No,Good,Paid,1,Not Dropout
S04099,12,Female,46,36,Medium,1.2,No,Yes,Good,Paid,3,Not Dropout
S04100,13,Male,50,20,High,15.8,No,No,Average,Unpaid,3,Not Dropout
S04101,15,Female,39,41,Low,14.8,No,No,Average,Paid,4,Dropout
S04102,17,Female,57,76,Medium,13.0,No,Yes,Good,Paid,5,Not Dropout
S04103,16,Female,48,72,Medium,4.1,No,No,Average,Unpaid,4,Not Dropout
S04104,17,Female,66,23,Low,5.7,Yes,Yes,Poor,Paid,1,Dropout
S04105,17,Male,91,47,Low,0.9,No,No,Average,Unpaid,5,Dropout
S04106,13,Male,88,57,Low,12.1,No,Yes,Poor,Paid,1,Not Dropout
S04107,16,Female,71,39,Low,5.7,Yes,Yes,Average,Paid,5,Dropout
S04108,16,Male,70,46,Medium,17.8,Yes,Yes,Good,Paid,5,Dropout
S04109,11,Female,61,46,Low,10.0,Yes,Yes,Poor,Overdue (3+ Months),1,Dropout
S04110,15,Female,59,84,High,10.2,Yes,Yes,Average,Unpaid,3,Not Dropout
S04111,17,Male,81,56,Medium,13.6,Yes,Yes,Poor,Unpaid,0,Dropout
S04112,18,Female,67,65,Medium,19.4,Yes,No,Average,Paid,3,Not Dropout
S04113,16,Male,38,97,Low,0.8,No,No,Good,Paid,4,Not Dropout
S04114,11,Male,32,71,Medium,1.2,No,Yes,Average,Overdue (3+ Months),5,Dropout
S04115,16,Female,62,51,High,18.8,No,Yes,Average,Paid,4,Not Dropout
S04116,16,Male,87,28,Medium,12.7,Yes,Yes,Poor,Overdue (3+ Months),2,Dropout
S04117,14,Female,87,59,High,6.0,Yes,No,Poor,Unpaid,0,Not Dropout
S04118,12,Male,61,90,High,4.8,No,No,Average,Paid,4,Not Dropout
S04119,18,Male,55,77,High,7.3,No,No,Average,Paid,3,Not Dropout
S04120,12,Male,53,86,Medium,11.9,Yes,Yes,Good,Paid,1,Not Dropout
S04121,18,Female,31,63,High,3.3,Yes,No,Good,Unpaid,5,Dropout
S04122,18,Male,42,74,Low,15.1,No,No,Average,Paid,4,Not Dropout
S04123,11,Female,47,28,High,2.7,Yes,Yes,Average,Paid,4,Dropout
S04124,15,Male,71,64,Low,5.3,No,Yes,Good,Paid,5,Not Dropout
S04125,11,Female,93,58,Medium,8.2,No,No,Average,Paid,2,Not Dropout
S04126,14,Female,71,56,Medium,18.8,Yes,No,Poor,Paid,2,Not Dropout
S04127,17,Male,66,79,Low,3.4,Yes,No,Poor,Paid,4,Dropout
S04128,13,Female,55,84,Medium,16.8,No,No,Poor,Paid,4,Not Dropout
S04129,11,Male,30,33,High,6.4,No,Yes,Poor,Unpaid,5,Dropout
S04130,14,Female,91,39,Medium,4.2,Yes,Yes,Good,Unpaid,2,Dropout
S04131,15,Male,96,37,Low,4.5,Yes,No,Poor,Paid,0,Dropout
S04132,17,Female,86,48,High,0.8,No,No,Good,Paid,1,Not Dropout
S04133,16,Male,84,65,Medium,2.9,No,No,Average,Paid,1,Not Dropout
S04134,16,Female,41,27,High,9.0,No,Yes,Good,Paid,2,Not Dropout
S04135,12,Male,59,50,Low,17.4,No,No,Good,Unpaid,4,Not Dropout
S04136,12,Male,54,51,High,8.5,Yes,Yes,Average,Paid,3,Not Dropout
S04137,16,Female,84,55,High,15.5,Yes,Yes,Average,Unpaid,0,Not Dropout
S04138,14,Male,98,59,High,4.9,No,Yes,Good,Paid,3,Not Dropout
S04139,14,Male,91,38,Low,5.3,Yes,Yes,Average,Unpaid,2,Dropout
S04140,16,Female,72,47,Medium,17.8,Yes,No,Good,Paid,0,Not Dropout
S04141,16,Male,30,74,Low,0.9,Yes,No,Average,Paid,5,Dropout
S04142,17,Male,31,98,Medium,9.6,Yes,Yes,Average,Paid,2,Not Dropout
S04143,18,Female,87,82,High,12.0,Yes,No,Average,Unpaid,0,Not Dropout
S04144,16,Male,68,42,Medium,13.8,Yes,Yes,Average,Paid,1,Not Dropout
S04145,15,Male,73,56,Low,4.8,Yes,No,Poor,Unpaid,0,Dropout
S04146,15,Male,48,50,Low,5.6,No,No,Good,Paid,4,Not Dropout
S04147,12,Female,33,87,High,15.5,No,No,Good,Paid,1,Not Dropout
S04148,14,Female,84,95,Low,16.2,No,No,Average,Paid,5,Not Dropout
S04149,14,Male,50,79,Low,19.2,Yes,No,Average,Paid,3,Not Dropout
S04150,18,Female,47,79,Low,3.6,Yes,Yes,Average,Unpaid,3,Dropout
S04151,14,Male,49,25,Medium,2.8,Yes,No,Good,Paid,0,Not Dropout
S04152,14,Male,82,84,High,12.4,No,Yes,Good,Paid,5,Not Dropout
S04153,14,Male,98,26,Medium,16.2,No,No,Average,Paid,2,Not Dropout
S04154,17,Male,39,43,Medium,10.0,No,Yes,Good,Paid,2,Not Dropout
S04155,13,Female,76,37,High,7.0,Yes,No,Good,Paid,1,Not Dropout
S04156,18,Female,69,40,Medium,16.9,No,No,Poor,Unpaid,5,Dropout
S04157,16,Female,60,49,High,18.9,Yes,Yes,Poor,Paid,2,Dropout
S04158,13,Female,69,55,Medium,3.7,No,Yes,Good,Overdue (3+ Months),2,Not Dropout
S04159,13,Male,31,95,High,9.8,Yes,Yes,Average,Paid,0,Not Dropout
S04160,15,Female,42,54,Low,14.7,Yes,Yes,Poor,Paid,5,Dropout
S04161,17,Female,87,78,High,6.9,No,No,Poor,Paid,3,Not Dropout
S04162,11,Male,60,76,Medium,7.8,Yes,No,Poor,Paid,0,Not Dropout
S04163,18,Female,74,58,High,11.2,No,Yes,Average,Paid,0,Not Dropout
S04164,13,Male,95,49,High,11.1,No,No,Average,Unpaid,1,Not Dropout
S04165,11,Male,53,24,Medium,3.0,Yes,Yes,Good,Paid,0,Not Dropout
S04166,13,Male,31,91,Low,7.0,No,Yes,Good,Paid,4,Dropout
S04167,12,Female,39,80,Low,15.4,Yes,No,Good,Paid,4,Dropout
S04168,13,Female,70,94,Medium,2.9,Yes,No,Poor,Paid,1,Not Dropout
S04169,11,Female,88,47,Low,0.6,No,No,Average,Paid,4,Not Dropout
S04170,16,Male,77,91,Medium,11.3,No,Yes,Average,Overdue (3+ Months),4,Not Dropout
S04171,16,Female,84,62,Low,9.2,No,Yes,Average,Paid,5,Not Dropout
S04172,18,Female,58,36,Medium,2.2,Yes,No,Good,Paid,5,Not Dropout
S04173,14,Male,76,29,Low,10.7,No,No,Average,Paid,3,Not Dropout
S04174,12,Male,98,85,Low,1.5,No,No,Average,Unpaid,0,Not Dropout
S04175,18,Male,82,39,Low,11.2,Yes,Yes,Average,Overdue (3+ Months),5,Dropout
S04176,13,Female,83,83,Medium,18.4,No,No,Good,Paid,1,Not Dropout
S04177,13,Female,57,48,Low,5.3,No,No,Good,Paid,3,Not Dropout
S04178,12,Male,97,52,High,4.7,No,No,Good,Paid,4,Not Dropout
S04179,14,Female,79,85,Medium,9.5,No,Yes,Average,Unpaid,1,Not Dropout
S04180,17,Female,35,46,Medium,2.9,No,Yes,Average,Unpaid,1,Dropout
S04181,18,Male,78,39,Medium,6.3,No,No,Good,Unpaid,5,Not Dropout
S04182,11,Female,38,79,Medium,9.8,Yes,No,Good,Paid,5,Not Dropout
S04183,11,Female,80,99,Medium,3.9,No,No,Average,Paid,3,Not Dropout
S04184,12,Male,67,59,High,11.9,No,No,Good,Paid,2,Not Dropout
S04185,14,Male,58,78,High,15.7,Yes,No,Poor,Paid,1,Not Dropout
S04186,13,Female,62,97,Medium,11.0,Yes,No,Good,Paid,2,Not Dropout
S04187,13,Male,92,95,Medium,13.3,Yes,No,Average,Unpaid,4,Not Dropout
S04188,11,Female,57,71,High,19.5,No,No,Poor,Unpaid,4,Not Dropout
S04189,12,Male,37,97,High,12.6,No,No,Good,Paid,2,Not Dropout
S04190,15,Female,68,48,Low,9.8,Yes,No,Good,Overdue (3+ Months),4,Dropout
S04191,11,Female,52,88,Low,11.9,Yes,Yes,Poor,Unpaid,4,Dropout
S04192,18,Female,95,81,Medium,9.1,No,Yes,Poor,Overdue (3+ Months),1,Not Dropout
S04193,14,Female,86,92,High,7.5,No,No,Average,Unpaid,4,Not Dropout
S04194,13,Female,71,52,Medium,15.9,Yes,No,Average,Paid,0,Not Dropout
S04195,14,Female,49,31,High,3.4,Yes,Yes,Good,Paid,4,Dropout
S04196,11,Female,81,74,High,1.7,No,Yes,Good,Paid,0,Not Dropout
S04197,18,Female,94,68,Low,8.0,No,No,Poor,Paid,1,Not Dropout
S04198,13,Female,78,70,High,13.3,Yes,Yes,Poor,Paid,1,Not Dropout
S04199,15,Female,63,82,High,14.9,Yes,Yes,Poor,Paid,3,Not Dropout
S04200,15,Female,71,82,Low,17.7,No,Yes,Good,Overdue (3+ Months),5,Dropout
S04201,12,Female,63,72,Medium,14.4,No,No,Average,Overdue (3+ Months),2,Not Dropout
S04202,15,Female,89,23,Low,2.0,Yes,Yes,Good,Paid,4,Dropout
S04203,13,Female,79,83,Medium,5.3,No,No,Poor,Paid,4,Not Dropout
S04204,11,Female,60,70,Low,12.8,Yes,Yes,Poor,Paid,4,Dropout
S04205,17,Female,36,67,Low,5.5,Yes,Yes,Average,Unpaid,4,Dropout
S04206,18,Male,33,72,Low,6.5,No,No,Average,Paid,3,Not Dropout
S04207,17,Female,88,30,Low,12.8,Yes,No,Average,Unpaid,0,Dropout
S04208,16,Male,62,87,Low,3.0,No,Yes,Average,Paid,1,Not Dropout
S04209,12,Female,46,39,Low,16.5,No,Yes,Average,Paid,1,Not Dropout
S04210,18,Male,66,96,High,7.4,Yes,Yes,Good,Paid,3,Not Dropout
S04211,18,Male,53,35,Medium,16.6,No,Yes,Good,Paid,4,Not Dropout
S04212,16,Female,35,49,High,4.8,Yes,No,Average,Paid,1,Not Dropout
S04213,12,Female,47,94,High,18.3,Yes,Yes,Good,Unpaid,2,Not Dropout
S04214,17,Female,65,31,Low,1.4,No,Yes,Average,Paid,2,Not Dropout
S04215,18,Male,70,29,Low,15.3,Yes,No,Average,Overdue (3+ Months),3,Dropout
S04216,14,Female,67,39,High,14.4,No,Yes,Average,Overdue (3+ Months),4,Dropout
S04217,14,Male,86,77,Low,5.3,No,Yes,Poor,Paid,5,Dropout
S04218,16,Male,60,77,High,3.0,Yes,No,Average,Paid,0,Not Dropout
S04219,14,Male,79,60,Medium,3.4,No,Yes,Good,Overdue (3+ Months),4,Not Dropout
S04220,16,Female,97,58,Low,9.8,No,Yes,Good,Unpaid,2,Not Dropout
S04221,18,Male,49,20,Medium,12.8,Yes,No,Average,Paid,0,Not Dropout
S04222,11,Female,31,62,Medium,15.8,No,No,Poor,Paid,4,Not Dropout
S04223,17,Male,42,95,High,13.9,No,No,Average,Unpaid,1,Not Dropout
S04224,14,Male,76,73,High,7.3,Yes,Yes,Average,Paid,3,Not Dropout
S04225,14,Female,70,36,Low,1.4,No,No,Poor,Paid,0,Not Dropout
S04226,12,Male,57,66,Medium,19.7,No,Yes,Good,Paid,5,Not Dropout
S04227,13,Male,45,53,High,17.3,Yes,Yes,Average,Unpaid,0,Not Dropout
S04228,11,Female,93,100,High,11.5,Yes,Yes,Average,Unpaid,2,Not Dropout
S04229,15,Female,71,52,High,13.2,No,Yes,Average,Paid,0,Not Dropout
S04230,17,Female,94,31,Low,18.7,No,Yes,Average,Paid,3,Not Dropout
S04231,12,Male,55,21,Low,16.9,No,Yes,Average,Overdue (3+ Months),2,Dropout
S04232,13,Female,97,89,High,18.3,No,No,Good,Overdue (3+ Months),3,Not Dropout
S04233,17,Female,98,62,Low,1.3,No,No,Average,Paid,0,Not Dropout
S04234,15,Male,63,60,High,19.6,Yes,No,Average,Paid,0,Not Dropout
S04235,17,Male,78,53,High,13.4,Yes,Yes,Average,Overdue (3+ Months),5,Dropout
S04236,13,Male,37,94,Medium,11.6,No,Yes,Average,Paid,5,Not Dropout
S04237,11,Female,64,55,Medium,13.1,Yes,Yes,Average,Paid,3,Not Dropout
S04238,12,Male,73,87,High,13.4,Yes,No,Good,Overdue (3+ Months),0,Not Dropout
S04239,18,Male,30,49,Low,15.0,No,No,Good,Overdue (3+ Months),2,Dropout
S04240,17,Male,49,78,Low,18.8,No,No,Good,Paid,3,Not Dropout
S04241,18,Female,90,71,Medium,2.1,No,Yes,Good,Paid,4,Not Dropout
S04242,12,Male,51,21,Medium,12.5,Yes,Yes,Average,Paid,2,Not Dropout
S04243,16,Male,73,29,High,19.9,Yes,No,Average,Overdue (3+ Months),3,Not Dropout
S04244,11,Female,46,32,High,7.5,Yes,No,Good,Paid,1,Not Dropout
S04245,16,Female,47,97,High,13.5,Yes,Yes,Good,Paid,1,Not Dropout
S04246,12,Female,81,99,High,2.5,Yes,No,Average,Paid,5,Not Dropout
S04247,11,Female,83,62,Low,14.9,Yes,Yes,Poor,Paid,3,Dropout
S04248,17,Female,42,89,High,18.3,No,Yes,Good,Paid,5,Not Dropout
S04249,15,Female,73,87,High,15.4,Yes,Yes,Poor,Unpaid,4,Dropout
S04250,12,Male,70,85,Medium,13.5,No,Yes,Good,Paid,5,Not Dropout
S04251,11,Female,82,88,Medium,19.7,No,Yes,Good,Unpaid,2,Not Dropout
S04252,13,Male,52,88,High,10.2,No,No,Poor,Unpaid,4,Not Dropout
S04253,15,Male,48,22,High,8.0,No,No,Good,Paid,2,Not Dropout
S04254,14,Female,63,91,High,17.6,Yes,Yes,Good,Unpaid,0,Not Dropout
S04255,17,Male,92,82,Low,14.6,No,No,Average,Paid,2,Not Dropout
S04256,17,Male,38,21,High,14.7,No,Yes,Good,Paid,5,Dropout
S04257,12,Male,47,100,High,6.5,No,No,Average,Paid,5,Not Dropout
S04258,17,Male,50,92,Medium,14.3,Yes,No,Average,Paid,2,Not Dropout
S04259,16,Male,37,95,High,19.8,Yes,Yes,Poor,Paid,0,Dropout
S04260,14,Female,31,89,Medium,10.5,Yes,No,Good,Paid,2,Not Dropout
S04261,15,Male,75,67,Medium,10.2,No,No,Poor,Paid,2,Not Dropout
S04262,12,Female,75,55,High,0.8,Yes,No,Poor,Paid,3,Not Dropout
S04263,16,Male,70,77,High,20.0,No,Yes,Poor,Unpaid,4,Dropout
S04264,11,Male,83,47,Medium,8.7,Yes,No,Average,Paid,1,Not Dropout
S04265,13,Male,51,71,Medium,8.4,No,Yes,Average,Paid,0,Not Dropout
S04266,13,Female,61,51,Medium,13.1,No,No,Good,Overdue (3+ Months),0,Not Dropout
S04267,16,Male,54,55,Medium,16.6,No,Yes,Good,Paid,2,Not Dropout
S04268,16,Male,47,47,Low,12.2,No,No,Average,Paid,0,Not Dropout
S04269,11,Male,39,42,High,11.3,Yes,No,Average,Overdue (3+ Months),1,Dropout
S04270,17,Female,92,23,High,19.8,No,Yes,Poor,Paid,5,Dropout
S04271,15,Female,94,96,High,10.7,No,Yes,Good,Unpaid,1,Not Dropout
S04272,17,Female,38,35,Low,20.0,No,No,Poor,Paid,4,Dropout
S04273,15,Female,65,62,High,17.3,Yes,Yes,Good,Paid,2,Not Dropout
S04274,14,Male,89,84,Medium,3.6,Yes,No,Average,Overdue (3+ Months),2,Not Dropout
S04275,11,Male,42,47,Medium,13.8,Yes,Yes,Poor,Paid,4,Dropout
S04276,16,Female,39,95,High,3.7,Yes,Yes,Poor,Paid,4,Dropout
S04277,18,Female,94,46,Low,15.1,No,Yes,Average,Paid,2,Not Dropout
S04278,13,Male,62,34,High,16.8,No,No,Good,Paid,1,Not Dropout
S04279,15,Male,82,47,High,19.3,No,Yes,Poor,Paid,5,Dropout
S04280,16,Male,53,74,High,15.4,Yes,No,Average,Unpaid,4,Not Dropout
S04281,12,Male,77,49,Medium,3.1,Yes,No,Poor,Unpaid,0,Dropout
S04282,18,Female,78,46,High,13.7,Yes,No,Poor,Paid,1,Not Dropout
S04283,11,Female,43,68,Medium,1.9,No,Yes,Good,Unpaid,0,Not Dropout
S04284,12,Male,54,52,Low,0.7,Yes,Yes,Good,Overdue (3+ Months),0,Dropout
S04285,12,Female,68,58,Medium,9.1,Yes,No,Poor,Overdue (3+ Months),0,Not Dropout
S04286,11,Female,93,70,Low,12.2,No,Yes,Good,Paid,2,Not Dropout
S04287,13,Female,65,23,Low,13.6,Yes,No,Good,Unpaid,0,Dropout
S04288,12,Male,43,82,Medium,1.5,Yes,Yes,Good,Unpaid,3,Dropout
S04289,14,Female,30,29,Low,1.6,No,Yes,Average,Paid,1,Dropout
S04290,18,Female,37,98,Medium,3.7,Yes,Yes,Good,Paid,3,Not Dropout
S04291,12,Female,52,93,High,12.8,No,Yes,Good,Overdue (3+ Months),4,Not Dropout
S04292,15,Male,84,83,Medium,4.7,No,Yes,Average,Overdue (3+ Months),3,Not Dropout
S04293,13,Male,82,95,Low,16.4,Yes,No,Good,Paid,0,Not Dropout
S04294,12,Female,83,21,Low,16.5,No,No,Good,Paid,4,Not Dropout
S04295,12,Male,87,43,Low,18.8,Yes,No,Average,Paid,2,Not Dropout
S04296,18,Male,92,77,High,17.7,Yes,Yes,Good,Unpaid,0,Not Dropout
S04297,12,Male,60,33,Medium,6.4,No,Yes,Good,Paid,5,Not Dropout
S04298,11,Male,93,85,High,17.9,Yes,No,Good,Unpaid,5,Not Dropout
S04299,12,Male,49,56,Medium,12.4,Yes,No,Good,Paid,2,Not Dropout
S04300,14,Female,71,43,Medium,16.3,No,Yes,Good,Paid,2,Not Dropout
S04301,15,Female,90,32,Medium,3.2,Yes,Yes,Average,Paid,5,Dropout
S04302,15,Male,50,83,High,19.8,No,Yes,Average,Unpaid,2,Not Dropout
S04303,16,Female,59,58,High,4.7,Yes,No,Good,Unpaid,0,Not Dropout
S04304,17,Female,64,44,Medium,4.3,No,Yes,Good,Paid,0,Not Dropout
S04305,13,Male,63,40,Low,13.1,Yes,Yes,Good,Overdue (3+ Months),4,Dropout
S04306,17,Male,53,38,High,3.2,No,No,Poor,Paid,0,Not Dropout
S04307,11,Male,30,49,Medium,17.2,No,No,Good,Overdue (3+ Months),5,Dropout
S04308,11,Male,73,93,Medium,12.2,No,No,Good,Paid,2,Not Dropout
S04309,14,Female,55,70,Low,14.7,No,No,Poor,Paid,0,Not Dropout
S04310,11,Female,46,67,High,1.3,Yes,No,Good,Overdue (3+ Months),4,Not Dropout
S04311,15,Female,53,83,Medium,14.4,Yes,Yes,Good,Paid,3,Not Dropout
S04312,14,Male,53,31,Medium,8.5,No,Yes,Average,Overdue (3+ Months),4,Dropout
S04313,11,Male,95,82,Medium,16.2,No,No,Average,Paid,1,Not Dropout
S04314,18,Male,44,92,Low,1.7,Yes,No,Average,Paid,1,Not Dropout
S04315,14,Female,37,83,Medium,6.0,No,Yes,Average,Paid,0,Not Dropout
S04316,15,Female,85,34,Low,11.9,No,Yes,Average,Paid,5,Dropout
S04317,18,Male,42,20,Low,11.9,No,Yes,Poor,Overdue (3+ Months),1,Dropout
S04318,13,Female,30,47,Medium,12.4,No,Yes,Average,Paid,5,Dropout
S04319,13,Female,46,74,Low,5.9,No,Yes,Good,Paid,1,Not Dropout
S04320,17,Male,85,76,High,0.5,Yes,Yes,Average,Paid,4,Not Dropout
S04321,11,Male,48,81,Medium,17.7,Yes,Yes,Average,Unpaid,3,Not Dropout
S04322,14,Male,82,81,Medium,6.2,Yes,No,Average,Unpaid,0,Not Dropout
S04323,11,Male,82,28,High,1.7,Yes,Yes,Good,Overdue (3+ Months),5,Dropout
S04324,13,Male,57,92,Medium,15.9,Yes,No,Poor,Paid,3,Not Dropout
S04325,15,Male,73,22,Medium,3.3,No,Yes,Good,Paid,2,Not Dropout
S04326,18,Male,97,47,Medium,18.0,No,No,Poor,Overdue (3+ Months),3,Not Dropout
S04327,13,Female,66,79,Low,16.0,Yes,No,Good,Paid,1,Not Dropout
S04328,16,Female,72,94,Low,20.0,Yes,Yes,Average,Paid,5,Dropout
S04329,17,Female,50,25,Low,4.9,Yes,Yes,Poor,Overdue (3+ Months),3,Dropout
S04330,14,Male,66,88,High,11.5,Yes,Yes,Good,Paid,4,Not Dropout
S04331,13,Male,33,81,Medium,5.7,No,No,Poor,Paid,0,Not Dropout
S04332,11,Female,65,81,High,15.2,No,Yes,Average,Paid,4,Not Dropout
S04333,15,Male,45,74,Low,9.1,Yes,No,Poor,Paid,5,Dropout
S04334,18,Male,55,58,Medium,4.8,Yes,Yes,Poor,Paid,2,Not Dropout
S04335,15,Male,76,70,Medium,6.2,Yes,Yes,Good,Paid,5,Not Dropout
S04336,16,Female,69,36,Medium,15.7,Yes,Yes,Good,Overdue (3+ Months),0,Dropout
S04337,14,Male,56,73,Medium,9.8,Yes,Yes,Poor,Paid,2,Not Dropout
S04338,14,Female,93,40,Medium,5.4,No,No,Good,Unpaid,4,Not Dropout
S04339,18,Male,96,95,Low,3.0,Yes,No,Good,Paid,1,Not Dropout
S04340,13,Male,73,68,Medium,5.1,Yes,Yes,Poor,Paid,1,Not Dropout
S04341,16,Female,88,88,Medium,1.8,No,Yes,Good,Unpaid,5,Not Dropout
S04342,14,Male,96,44,Medium,4.8,No,No,Good,Paid,0,Not Dropout
S04343,17,Female,83,48,Low,13.3,No,Yes,Good,Paid,0,Not Dropout
S04344,11,Female,77,63,High,17.9,No,No,Good,Unpaid,3,Not Dropout
S04345,18,Female,40,78,Low,9.1,No,No,Poor,Overdue (3+ Months),0,Dropout
S04346,13,Male,47,71,Medium,16.7,Yes,Yes,Average,Paid,3,Not Dropout
S04347,18,Female,64,90,Medium,7.6,No,Yes,Good,Paid,2,Not Dropout
S04348,17,Male,30,36,Low,1.9,No,No,Good,Paid,4,Dropout
S04349,14,Female,62,75,Low,19.5,No,Yes,Poor,Paid,0,Not Dropout
S04350,13,Male,30,97,Medium,16.9,Yes,No,Average,Overdue (3+ Months),4,Dropout
S04351,14,Male,70,32,High,15.2,Yes,No,Average,Paid,0,Not Dropout
S04352,13,Female,43,61,Medium,13.0,Yes,Yes,Poor,Paid,0,Dropout
S04353,17,Male,50,96,Medium,7.9,No,No,Poor,Paid,1,Not Dropout
S04354,18,Female,76,91,High,4.3,Yes,Yes,Poor,Paid,3,Not Dropout
S04355,13,Female,93,42,Medium,12.3,Yes,Yes,Average,Paid,1,Not Dropout
S04356,16,Male,72,27,Low,15.2,Yes,No,Good,Unpaid,1,Dropout
S04357,16,Male,49,67,High,11.6,No,No,Average,Paid,3,Not Dropout
S04358,18,Male,93,92,Low,15.9,Yes,No,Good,Paid,2,Not Dropout
S04359,18,Female,43,48,Low,15.5,Yes,No,Good,Paid,0,Dropout
S04360,12,Female,78,83,High,1.5,No,Yes,Poor,Paid,3,Not Dropout
S04361,14,Male,40,34,Low,8.5,Yes,Yes,Good,Unpaid,5,Dropout
S04362,18,Female,98,97,High,6.2,Yes,Yes,Average,Paid,2,Not Dropout
S04363,15,Male,84,88,Medium,10.5,No,No,Poor,Overdue (3+ Months),1,Not Dropout
S04364,16,Male,89,56,High,3.4,No,No,Average,Paid,3,Not Dropout
S04365,13,Female,85,91,Low,15.1,No,Yes,Good,Unpaid,4,Dropout
S04366,15,Female,37,33,High,1.2,Yes,Yes,Poor,Paid,5,Dropout
S04367,15,Male,84,76,Medium,9.9,No,No,Good,Paid,0,Not Dropout
S04368,16,Female,97,27,High,7.7,Yes,Yes,Good,Paid,3,Not Dropout
S04369,14,Male,44,89,High,4.4,No,Yes,Good,Paid,3,Not Dropout
S04370,17,Female,90,27,Low,11.0,No,No,Average,Paid,2,Not Dropout
S04371,16,Female,59,70,Medium,8.5,No,No,Average,Paid,4,Not Dropout
S04372,16,Female,55,100,High,10.3,No,Yes,Good,Paid,5,Not Dropout
S04373,12,Male,44,44,Medium,10.2,No,Yes,Poor,Paid,1,Dropout
S04374,16,Female,45,35,High,13.8,No,Yes,Average,Unpaid,3,Not Dropout
S04375,13,Female,37,54,Medium,2.2,Yes,Yes,Poor,Overdue (3+ Months),4,Dropout
S04376,15,Male,41,100,Medium,5.6,Yes,Yes,Average,Paid,1,Not Dropout
S04377,11,Male,78,99,Medium,11.2,No,Yes,Good,Unpaid,1,Not Dropout
S04378,18,Female,77,87,Medium,11.3,Yes,No,Good,Unpaid,3,Not Dropout
S04379,18,Female,60,74,Low,15.5,Yes,Yes,Average,Unpaid,4,Dropout
S04380,11,Male,54,42,Medium,9.7,No,No,Good,Unpaid,4,Not Dropout
S04381,14,Male,48,86,High,11.5,Yes,No,Good,Overdue (3+ Months),2,Not Dropout
S04382,11,Male,94,20,Medium,12.2,No,No,Good,Unpaid,3,Not Dropout
S04383,18,Male,51,49,Medium,18.3,No,Yes,Average,Paid,5,Not Dropout
S04384,12,Female,31,98,Low,2.9,No,No,Average,Paid,0,Not Dropout
S04385,16,Male,80,89,Low,7.3,Yes,No,Good,Paid,4,Not Dropout
S04386,13,Female,68,98,High,10.2,Yes,No,Average,Paid,1,Not Dropout
S04387,17,Female,44,29,High,6.0,No,No,Good,Unpaid,3,Not Dropout
S04388,17,Male,56,74,High,17.2,No,No,Good,Unpaid,5,Not Dropout
S04389,13,Female,44,100,Low,4.0,No,Yes,Good,Overdue (3+ Months),4,Dropout
S04390,17,Female,50,55,Medium,13.7,No,Yes,Poor,Paid,4,Not Dropout
S04391,16,Female,68,22,High,19.5,Yes,No,Average,Overdue (3+ Months),5,Dropout
S04392,12,Female,93,21,High,8.2,Yes,No,Average,Paid,2,Not Dropout
S04393,18,Male,43,80,Medium,4.5,No,Yes,Good,Unpaid,0,Not Dropout
S04394,13,Male,45,91,Low,10.4,No,Yes,Average,Paid,3,Not Dropout
S04395,12,Male,46,98,High,9.3,Yes,No,Average,Paid,2,Not Dropout
S04396,12,Female,59,88,Medium,6.4,Yes,Yes,Poor,Unpaid,3,Dropout
S04397,18,Male,51,64,Medium,15.3,Yes,Yes,Average,Overdue (3+ Months),4,Dropout
S04398,18,Male,70,61,Low,1.3,No,Yes,Poor,Paid,2,Not Dropout
S04399,13,Male,84,24,Medium,12.6,Yes,Yes,Good,Unpaid,2,Dropout
S04400,11,Female,55,40,Medium,1.5,Yes,Yes,Poor,Unpaid,1,Dropout
S04401,11,Male,31,67,Medium,13.6,Yes,No,Average,Paid,2,Not Dropout
S04402,11,Male,68,92,High,6.6,No,Yes,Average,Paid,0,Not Dropout
S04403,16,Male,93,63,Low,5.7,Yes,Yes,Good,Overdue (3+ Months),1,Dropout
S04404,18,Male,55,76,High,15.1,No,No,Good,Paid,0,Not Dropout
S04405,12,Male,77,87,Medium,18.1,Yes,No,Poor,Overdue (3+ Months),2,Not Dropout
S04406,12,Female,30,99,Medium,7.6,No,No,Average,Unpaid,1,Not Dropout
S04407,16,Female,62,25,Low,3.8,Yes,No,Average,Overdue (3+ Months),5,Dropout
S04408,15,Female,86,82,Medium,17.7,No,Yes,Average,Paid,1,Not Dropout
S04409,11,Male,45,84,Low,18.9,Yes,No,Average,Paid,1,Not Dropout
S04410,14,Male,79,67,High,3.6,Yes,No,Average,Paid,4,Not Dropout
S04411,13,Male,80,56,Medium,5.7,Yes,Yes,Poor,Unpaid,0,Dropout
S04412,14,Male,41,34,Low,2.9,No,Yes,Average,Paid,5,Dropout
S04413,12,Male,70,89,Medium,10.5,No,Yes,Good,Paid,2,Not Dropout
S04414,14,Female,79,93,Medium,5.9,No,No,Poor,Paid,2,Not Dropout
S04415,15,Female,72,20,Low,10.0,Yes,Yes,Poor,Paid,1,Dropout
S04416,17,Male,49,41,Low,13.4,Yes,No,Poor,Paid,3,Dropout
S04417,15,Female,80,80,Low,13.7,No,No,Good,Paid,4,Not Dropout
S04418,18,Female,73,72,Low,15.7,Yes,Yes,Good,Overdue (3+ Months),0,Dropout
S04419,11,Male,41,36,High,17.5,No,No,Average,Paid,4,Not Dropout
S04420,17,Male,53,42,Low,18.5,Yes,No,Average,Unpaid,2,Dropout
S04421,16,Male,89,44,High,3.0,Yes,No,Average,Paid,0,Not Dropout
S04422,14,Female,97,48,Medium,0.9,No,No,Poor,Paid,4,Not Dropout
S04423,14,Female,52,32,Low,2.7,No,No,Poor,Overdue (3+ Months),4,Dropout
S04424,13,Male,85,65,Low,9.9,Yes,No,Good,Paid,0,Not Dropout
S04425,14,Female,66,80,High,19.4,Yes,No,Average,Unpaid,3,Not Dropout
S04426,17,Female,74,32,Medium,9.4,No,No,Average,Paid,3,Not Dropout
S04427,14,Female,98,94,Low,1.5,No,No,Average,Unpaid,3,Not Dropout
S04428,12,Female,52,51,Medium,11.0,Yes,Yes,Good,Paid,4,Not Dropout
S04429,15,Male,49,61,High,5.4,No,No,Average,Paid,2,Not Dropout
S04430,16,Female,80,99,Medium,15.4,No,No,Poor,Paid,2,Not Dropout
S04431,16,Male,45,90,High,2.7,No,No,Average,Unpaid,2,Not Dropout
S04432,12,Male,49,20,Medium,14.3,No,Yes,Poor,Paid,3,Not Dropout
S04433,13,Female,91,87,Medium,11.5,No,No,Poor,Paid,0,Not Dropout
S04434,15,Male,50,87,Low,6.7,No,Yes,Average,Overdue (3+ Months),2,Not Dropout
S04435,16,Female,70,74,Medium,15.7,No,Yes,Poor,Unpaid,4,Dropout
S04436,16,Female,77,21,High,15.6,Yes,Yes,Average,Unpaid,0,Dropout
S04437,13,Male,32,20,Medium,14.1,Yes,No,Average,Paid,3,Not Dropout
S04438,15,Male,65,87,Low,5.7,No,Yes,Good,Unpaid,2,Not Dropout
S04439,18,Male,55,92,High,12.1,Yes,No,Average,Unpaid,0,Not Dropout
S04440,11,Female,66,73,Low,14.8,No,Yes,Good,Unpaid,0,Not Dropout
S04441,14,Female,60,42,Medium,9.1,No,Yes,Average,Paid,0,Not Dropout
S04442,17,Female,80,83,High,1.8,No,Yes,Average,Paid,0,Not Dropout
S04443,13,Male,94,90,Low,19.1,Yes,Yes,Poor,Overdue (3+ Months),3,Dropout
S04444,11,Male,89,31,Low,16.0,Yes,No,Good,Unpaid,3,Dropout
S04445,18,Female,97,90,Low,14.0,Yes,No,Average,Overdue (3+ Months),0,Not Dropout
S04446,17,Female,68,97,High,11.5,Yes,Yes,Good,Unpaid,1,Not Dropout
S04447,11,Female,88,79,High,14.6,Yes,Yes,Good,Overdue (3+ Months),2,Not Dropout
S04448,17,Male,85,77,High,5.2,No,No,Good,Paid,2,Not Dropout
S04449,12,Female,87,95,Medium,15.1,Yes,Yes,Good,Paid,5,Not Dropout
S04450,18,Female,94,33,High,1.3,No,Yes,Poor,Paid,1,Not Dropout
S04451,15,Female,54,61,Low,16.3,Yes,Yes,Good,Unpaid,1,Dropout
S04452,12,Female,66,66,Medium,2.0,Yes,Yes,Poor,Paid,4,Dropout
S04453,16,Female,38,77,High,2.6,Yes,No,Average,Unpaid,5,Dropout
S04454,15,Male,44,23,High,10.2,No,No,Good,Paid,5,Not Dropout
S04455,13,Male,51,92,High,17.0,Yes,Yes,Poor,Unpaid,4,Dropout
S04456,11,Female,33,23,High,0.7,Yes,Yes,Good,Paid,5,Dropout
S04457,12,Female,41,20,High,1.0,No,No,Good,Overdue (3+ Months),4,Dropout
S04458,16,Male,83,47,High,5.6,Yes,Yes,Average,Paid,3,Not Dropout
S04459,16,Female,97,72,Medium,11.1,No,Yes,Average,Paid,3,Not Dropout
S04460,14,Male,50,24,Medium,5.1,No,No,Average,Paid,4,Not Dropout
S04461,15,Male,93,68,High,19.3,No,Yes,Poor,Paid,3,Not Dropout
S04462,13,Male,77,30,High,3.2,Yes,Yes,Average,Paid,0,Not Dropout
S04463,13,Female,57,96,High,4.6,Yes,No,Good,Overdue (3+ Months),1,Not Dropout
S04464,11,Female,32,92,High,12.7,Yes,No,Good,Paid,0,Not Dropout
S04465,15,Male,88,64,Low,14.7,No,No,Poor,Unpaid,3,Not Dropout
S04466,13,Male,98,77,High,14.1,No,Yes,Good,Paid,1,Not Dropout
S04467,13,Male,70,63,Low,3.2,Yes,No,Good,Unpaid,3,Not Dropout
S04468,11,Male,63,47,High,2.4,Yes,Yes,Average,Paid,1,Not Dropout
S04469,18,Male,88,33,High,7.9,No,No,Good,Unpaid,0,Not Dropout
S04470,15,Female,34,88,Low,13.9,No,Yes,Average,Paid,1,Not Dropout
S04471,16,Female,34,92,Medium,17.7,No,No,Average,Paid,0,Not Dropout
S04472,15,Male,93,92,Low,10.2,Yes,Yes,Good,Overdue (3+ Months),4,Dropout
S04473,12,Female,60,50,Low,16.1,Yes,No,Poor,Unpaid,4,Dropout
S04474,18,Female,49,91,High,4.9,No,No,Average,Paid,4,Not Dropout
S04475,13,Male,46,94,Low,3.2,Yes,Yes,Average,Paid,1,Not Dropout
S04476,16,Female,89,57,Medium,19.9,No,Yes,Average,Unpaid,4,Not Dropout
S04477,14,Female,44,40,High,4.3,Yes,Yes,Good,Unpaid,3,Dropout
S04478,16,Female,90,94,Medium,10.9,Yes,Yes,Good,Paid,0,Not Dropout
S04479,12,Female,49,53,High,7.0,Yes,No,Good,Overdue (3+ Months),0,Not Dropout
S04480,13,Female,96,63,Low,7.2,Yes,Yes,Poor,Paid,4,Dropout
S04481,17,Male,98,87,Medium,15.1,No,No,Good,Unpaid,0,Not Dropout
S04482,12,Female,35,100,Medium,11.8,No,No,Good,Overdue (3+ Months),3,Not Dropout
S04483,16,Male,31,39,High,18.6,No,No,Good,Paid,4,Not Dropout
S04484,15,Female,50,69,Medium,3.5,No,Yes,Good,Paid,1,Not Dropout
S04485,13,Female,70,35,High,6.0,No,Yes,Good,Unpaid,4,Dropout
S04486,14,Male,71,88,Medium,13.5,No,No,Average,Overdue (3+ Months),4,Not Dropout
S04487,15,Male,98,80,High,9.6,No,Yes,Good,Unpaid,3,Not Dropout
S04488,11,Male,69,42,Low,18.2,Yes,Yes,Poor,Overdue (3+ Months),4,Dropout
S04489,17,Female,68,20,High,14.4,No,No,Poor,Paid,3,Not Dropout
S04490,14,Male,89,64,Medium,19.0,Yes,No,Average,Paid,4,Not Dropout
S04491,13,Male,70,84,Low,19.7,No,Yes,Good,Paid,0,Not Dropout
S04492,11,Male,57,91,High,16.8,Yes,Yes,Good,Unpaid,5,Dropout
S04493,17,Male,96,85,High,6.3,Yes,No,Good,Paid,1,Not Dropout
S04494,12,Female,88,72,Medium,18.2,No,No,Good,Overdue (3+ Months),3,Not Dropout
S04495,16,Male,71,35,Low,7.5,No,No,Good,Paid,1,Not Dropout
S04496,14,Female,83,37,High,3.5,Yes,Yes,Good,Paid,1,Not Dropout
S04497,11,Female,90,50,High,8.2,No,No,Good,Unpaid,5,Not Dropout
S04498,14,Female,79,31,High,13.0,No,No,Good,Overdue (3+ Months),3,Not Dropout
S04499,13,Female,97,38,Medium,8.6,Yes,No,Good,Paid,0,Not Dropout
S04500,14,Male,80,45,Medium,1.3,No,No,Average,Unpaid,2,Not Dropout
S04501,15,Female,84,98,Medium,16.2,Yes,No,Average,Paid,5,Not Dropout
S04502,14,Male,49,98,Low,17.3,Yes,No,Poor,Paid,0,Not Dropout
S04503,15,Female,42,36,Medium,10.0,No,No,Good,Paid,4,Not Dropout
S04504,14,Male,55,36,Medium,5.9,No,No,Good,Paid,0,Not Dropout
S04505,13,Female,72,30,Low,6.2,Yes,No,Average,Paid,3,Not Dropout
S04506,11,Female,57,78,Medium,18.1,No,No,Average,Paid,2,Not Dropout
S04507,15,Male,98,32,Medium,2.8,Yes,Yes,Poor,Paid,5,Dropout
S04508,15,Male,44,63,Medium,10.5,Yes,No,Good,Paid,1,Not Dropout
S04509,17,Male,66,89,Low,7.6,No,Yes,Average,Paid,1,Not Dropout
S04510,11,Female,74,36,Medium,7.1,No,Yes,Average,Unpaid,0,Not Dropout
S04511,16,Female,33,87,Low,12.8,No,No,Good,Paid,0,Not Dropout
S04512,15,Male,50,20,Low,0.7,Yes,Yes,Good,Paid,5,Dropout
S04513,16,Female,96,50,Low,5.3,Yes,Yes,Good,Paid,0,Not Dropout
S04514,17,Male,91,58,High,5.5,Yes,No,Poor,Paid,4,Not Dropout
S04515,12,Male,34,31,High,9.6,Yes,Yes,Average,Paid,1,Dropout
S04516,14,Female,37,68,Low,2.5,Yes,No,Good,Unpaid,4,Dropout
S04517,15,Female,73,29,High,5.7,No,No,Good,Paid,4,Not Dropout
S04518,17,Female,48,82,Medium,19.9,No,No,Average,Overdue (3+ Months),0,Not Dropout
S04519,11,Female,52,82,Medium,15.0,No,No,Average,Overdue (3+ Months),3,Not Dropout
S04520,16,Male,88,77,Low,17.5,Yes,No,Average,Paid,5,Not Dropout
S04521,17,Female,33,25,Medium,0.9,No,Yes,Poor,Overdue (3+ Months),2,Dropout
S04522,17,Male,83,25,High,4.5,No,Yes,Poor,Paid,2,Not Dropout
S04523,14,Male,42,91,High,18.3,Yes,No,Good,Paid,0,Not Dropout
S04524,14,Female,70,90,High,11.8,No,No,Average,Paid,4,Not Dropout
S04525,15,Male,79,77,High,9.9,Yes,No,Average,Paid,1,Not Dropout
S04526,11,Male,98,52,Low,18.5,Yes,No,Good,Unpaid,3,Not Dropout
S04527,13,Female,86,27,High,13.8,Yes,No,Average,Unpaid,0,Not Dropout
S04528,14,Male,78,87,High,11.7,No,No,Good,Paid,3,Not Dropout
S04529,18,Male,64,93,Low,0.8,Yes,Yes,Good,Paid,0,Not Dropout
S04530,14,Female,75,96,Low,12.1,No,No,Poor,Paid,1,Not Dropout
S04531,17,Male,87,26,Medium,18.2,Yes,Yes,Good,Paid,2,Not Dropout
S04532,13,Male,67,60,Low,1.5,Yes,No,Poor,Overdue (3+ Months),1,Dropout
S04533,17,Female,89,76,Low,4.2,Yes,No,Good,Paid,4,Not Dropout
S04534,14,Female,79,74,Medium,2.4,Yes,Yes,Good,Paid,1,Not Dropout
S04535,16,Male,33,91,Medium,6.5,Yes,No,Good,Paid,5,Not Dropout
S04536,15,Male,37,91,High,5.4,No,Yes,Good,Paid,4,Not Dropout
S04537,11,Male,51,33,Medium,15.0,No,No,Good,Paid,3,Not Dropout
S04538,12,Female,82,23,Low,12.3,Yes,Yes,Good,Paid,0,Dropout
S04539,11,Male,93,58,High,11.4,Yes,No,Good,Overdue (3+ Months),3,Not Dropout
S04540,15,Male,51,43,Medium,3.6,Yes,Yes,Average,Unpaid,0,Dropout
S04541,12,Female,82,63,Medium,7.9,No,No,Good,Paid,1,Not Dropout
S04542,16,Male,59,28,Low,15.5,Yes,Yes,Good,Paid,1,Dropout
S04543,18,Female,57,32,High,14.7,Yes,Yes,Good,Unpaid,1,Dropout
S04544,13,Male,67,22,High,5.6,No,Yes,Average,Paid,0,Not Dropout
S04545,17,Male,32,34,High,13.8,Yes,Yes,Average,Paid,1,Dropout
S04546,16,Male,45,94,Low,9.2,Yes,Yes,Good,Paid,3,Not Dropout
S04547,18,Female,83,96,Medium,9.6,No,Yes,Good,Paid,2,Not Dropout
S04548,16,Female,36,87,Low,9.4,Yes,No,Good,Paid,5,Dropout
S04549,13,Male,48,81,Low,3.3,Yes,No,Good,Overdue (3+ Months),0,Not Dropout
S04550,15,Male,94,70,High,8.5,No,Yes,Average,Unpaid,2,Not Dropout
S04551,11,Female,39,52,Low,16.9,Yes,Yes,Good,Paid,0,Dropout
S04552,16,Male,64,50,Medium,19.5,No,Yes,Good,Unpaid,5,Not Dropout
S04553,14,Female,87,29,Medium,17.6,Yes,No,Good,Paid,3,Not Dropout
S04554,18,Female,65,91,Low,15.2,Yes,No,Good,Paid,5,Not Dropout
S04555,13,Male,62,75,Medium,9.8,No,Yes,Average,Unpaid,3,Not Dropout
S04556,13,Female,60,87,High,4.8,No,Yes,Poor,Paid,4,Not Dropout
S04557,16,Male,58,58,High,19.8,No,Yes,Good,Paid,0,Not Dropout
S04558,18,Female,35,59,Medium,6.0,No,Yes,Average,Paid,4,Not Dropout
S04559,13,Female,88,79,Medium,1.7,No,No,Good,Unpaid,2,Not Dropout
S04560,17,Male,95,91,Medium,18.6,Yes,No,Good,Paid,0,Not Dropout
S04561,11,Female,45,21,Medium,3.1,No,Yes,Good,Paid,0,Not Dropout
S04562,13,Male,92,95,Medium,3.2,No,No,Poor,Overdue (3+ Months),2,Not Dropout
S04563,15,Female,37,27,Medium,9.0,Yes,Yes,Poor,Overdue (3+ Months),1,Dropout
S04564,17,Male,31,31,Medium,3.0,Yes,Yes,Good,Paid,5,Dropout
S04565,11,Female,62,86,Low,19.6,Yes,No,Good,Paid,0,Not Dropout
S04566,13,Male,77,79,Low,2.1,No,No,Average,Unpaid,3,Not Dropout
S04567,18,Male,88,57,Medium,4.0,Yes,No,Average,Overdue (3+ Months),4,Not Dropout
S04568,16,Male,59,28,Low,3.1,Yes,Yes,Good,Paid,2,Dropout
S04569,11,Female,39,43,Medium,8.8,No,Yes,Poor,Paid,1,Dropout
S04570,11,Male,70,84,Medium,10.2,No,Yes,Good,Paid,2,Not Dropout
S04571,12,Male,93,97,Medium,11.0,Yes,No,Average,Unpaid,1,Not Dropout
S04572,11,Female,50,64,Low,10.2,Yes,Yes,Average,Paid,2,Not Dropout
S04573,11,Male,38,86,Low,15.7,Yes,No,Good,Paid,0,Not Dropout
S04574,15,Female,40,49,Low,15.2,Yes,No,Average,Paid,4,Dropout
S04575,18,Male,52,66,Low,8.9,Yes,No,Average,Unpaid,2,Not Dropout
S04576,11,Female,47,71,High,16.9,Yes,Yes,Average,Paid,5,Not Dropout
S04577,15,Female,43,24,High,5.2,Yes,Yes,Average,Overdue (3+ Months),1,Dropout
S04578,12,Female,53,32,High,1.5,Yes,No,Poor,Paid,5,Dropout
S04579,14,Male,62,74,Low,18.1,No,No,Poor,Unpaid,5,Dropout
S04580,16,Female,74,25,Medium,13.2,No,Yes,Average,Unpaid,0,Not Dropout
S04581,14,Female,30,93,Medium,17.5,No,No,Average,Paid,1,Not Dropout
S04582,18,Female,56,33,High,7.0,Yes,No,Good,Paid,0,Not Dropout
S04583,17,Female,40,98,Medium,5.4,Yes,No,Good,Overdue (3+ Months),5,Dropout
S04584,12,Male,96,25,Medium,14.5,Yes,Yes,Poor,Paid,5,Dropout
S04585,15,Male,88,30,Low,10.2,Yes,Yes,Average,Paid,1,Dropout
S04586,12,Male,60,60,High,14.9,Yes,No,Average,Paid,1,Not Dropout
S04587,15,Male,85,32,Medium,8.2,Yes,Yes,Average,Paid,2,Not Dropout
S04588,11,Female,62,44,Medium,4.3,No,No,Average,Paid,0,Not Dropout
S04589,17,Male,49,99,Low,8.6,Yes,No,Good,Overdue (3+ Months),0,Not Dropout
S04590,16,Male,92,51,High,10.5,No,No,Good,Paid,5,Not Dropout
S04591,16,Male,39,57,Low,12.9,Yes,Yes,Average,Unpaid,2,Dropout
S04592,14,Male,83,58,High,5.2,Yes,Yes,Average,Overdue (3+ Months),3,Not Dropout
S04593,14,Female,61,29,Low,17.5,Yes,No,Good,Paid,3,Not Dropout
S04594,15,Male,60,97,High,9.2,No,No,Average,Paid,1,Not Dropout
S04595,17,Male,84,21,Low,4.3,Yes,Yes,Average,Unpaid,5,Dropout
S04596,13,Female,88,63,Low,19.5,No,Yes,Average,Paid,1,Not Dropout
S04597,11,Female,41,42,Medium,18.6,Yes,No,Average,Paid,5,Dropout
S04598,11,Male,57,90,Medium,12.0,Yes,No,Poor,Paid,0,Not Dropout
S04599,17,Female,42,21,Medium,12.0,No,No,Average,Overdue (3+ Months),0,Not Dropout
S04600,11,Female,37,85,Low,0.9,No,Yes,Average,Paid,4,Dropout
S04601,11,Female,37,84,Low,12.8,No,Yes,Good,Paid,3,Not Dropout
S04602,16,Male,64,61,Medium,11.6,Yes,Yes,Good,Unpaid,2,Not Dropout
S04603,15,Female,65,64,Medium,11.9,Yes,Yes,Average,Paid,0,Not Dropout
S04604,17,Female,84,44,Medium,10.7,Yes,No,Average,Paid,4,Not Dropout
S04605,15,Male,46,72,High,19.3,No,No,Good,Unpaid,4,Not Dropout
S04606,18,Female,50,67,High,6.4,No,Yes,Good,Paid,1,Not Dropout
S04607,15,Male,48,58,High,6.1,No,Yes,Poor,Paid,5,Not Dropout
S04608,18,Male,52,91,High,10.4,No,Yes,Poor,Paid,4,Not Dropout
S04609,13,Male,94,98,Medium,17.2,No,No,Poor,Paid,0,Not Dropout
S04610,12,Male,46,57,Medium,19.2,Yes,Yes,Good,Paid,4,Not Dropout
S04611,12,Female,94,82,High,13.4,Yes,No,Poor,Paid,5,Not Dropout
S04612,11,Female,42,97,High,3.1,No,Yes,Average,Overdue (3+ Months),3,Not Dropout
S04613,13,Male,36,65,Low,4.0,No,No,Good,Paid,0,Not Dropout
S04614,15,Male,59,37,Medium,1.0,Yes,Yes,Good,Paid,1,Not Dropout
S04615,11,Male,71,50,Low,3.1,No,No,Average,Paid,0,Not Dropout
S04616,14,Male,60,27,High,4.8,No,Yes,Average,Paid,3,Not Dropout
S04617,13,Male,78,84,High,18.0,Yes,No,Average,Paid,0,Not Dropout
S04618,17,Female,36,40,Low,1.5,No,Yes,Average,Paid,1,Dropout
S04619,18,Female,72,28,Medium,11.6,No,Yes,Poor,Paid,5,Dropout
S04620,15,Female,93,42,Medium,6.2,Yes,Yes,Good,Paid,3,Not Dropout
S04621,16,Female,73,73,Medium,9.7,Yes,Yes,Poor,Paid,3,Not Dropout
S04622,15,Female,70,27,High,4.9,No,No,Average,Paid,0,Not Dropout
S04623,14,Female,53,84,Low,3.6,No,Yes,Average,Paid,2,Not Dropout
S04624,16,Female,83,70,Medium,8.0,No,No,Average,Paid,2,Not Dropout
S04625,18,Male,65,72,High,17.2,Yes,No,Good,Unpaid,1,Not Dropout
S04626,17,Female,48,52,High,14.1,No,No,Average,Paid,3,Not Dropout
S04627,13,Female,88,73,Medium,3.0,No,Yes,Average,Paid,1,Not Dropout
S04628,16,Female,61,62,Medium,7.4,Yes,No,Good,Paid,1,Not Dropout
S04629,15,Male,86,61,Medium,2.8,No,Yes,Average,Paid,3,Not Dropout
S04630,16,Male,45,29,Low,19.2,No,Yes,Good,Paid,1,Not Dropout
S04631,18,Male,54,86,High,19.0,Yes,No,Average,Paid,0,Not Dropout
S04632,18,Male,85,85,Low,15.7,No,Yes,Average,Paid,2,Not Dropout
S04633,18,Male,47,84,Medium,8.4,Yes,No,Average,Paid,0,Not Dropout
S04634,11,Male,93,98,Medium,15.8,No,No,Average,Unpaid,1,Not Dropout
S04635,17,Male,93,95,High,16.5,No,Yes,Average,Paid,0,Not Dropout
S04636,17,Female,67,60,Low,2.1,Yes,No,Good,Unpaid,0,Not Dropout
S04637,12,Female,39,75,High,14.0,No,No,Good,Paid,5,Not Dropout
S04638,12,Female,73,97,Low,17.1,No,No,Average,Paid,1,Not Dropout
S04639,18,Female,62,36,Medium,12.7,No,Yes,Good,Paid,5,Not Dropout
S04640,14,Male,78,25,Medium,14.4,No,No,Good,Paid,1,Not Dropout
S04641,16,Female,58,85,Low,11.7,Yes,Yes,Good,Paid,4,Dropout
S04642,13,Male,44,77,Low,1.6,No,No,Good,Paid,0,Not Dropout
S04643,12,Female,69,53,Low,16.2,No,No,Average,Unpaid,5,Not Dropout
S04644,18,Female,68,76,Medium,11.3,No,Yes,Good,Paid,1,Not Dropout
S04645,18,Female,85,60,Medium,12.9,Yes,No,Good,Overdue (3+ Months),0,Not Dropout
S04646,15,Male,50,76,Low,1.0,Yes,Yes,Average,Paid,1,Not Dropout
S04647,15,Female,50,69,Medium,19.4,Yes,No,Poor,Paid,2,Not Dropout
S04648,13,Female,68,37,High,10.5,No,Yes,Average,Unpaid,3,Not Dropout
S04649,14,Female,45,81,Medium,7.0,Yes,No,Good,Overdue (3+ Months),1,Not Dropout
S04650,14,Female,75,26,Medium,13.1,Yes,Yes,Good,Paid,1,Not Dropout
S04651,13,Female,53,64,High,12.4,Yes,No,Average,Paid,0,Not Dropout
S04652,11,Female,80,90,Medium,9.5,No,No,Average,Overdue (3+ Months),4,Not Dropout
S04653,17,Female,54,83,Low,9.8,No,No,Good,Overdue (3+ Months),0,Not Dropout
S04654,13,Female,78,47,High,5.9,Yes,Yes,Average,Paid,0,Not Dropout
S04655,12,Male,34,52,Medium,6.4,Yes,No,Average,Paid,3,Not Dropout
S04656,18,Male,67,31,Low,12.4,No,Yes,Good,Paid,2,Not Dropout
S04657,17,Male,34,43,High,7.0,No,Yes,Good,Paid,0,Not Dropout
S04658,14,Male,59,64,Medium,15.2,Yes,No,Average,Paid,5,Not Dropout
S04659,11,Male,53,54,Low,4.6,No,Yes,Poor,Paid,4,Dropout
S04660,18,Female,67,62,Medium,15.4,Yes,Yes,Poor,Overdue (3+ Months),4,Dropout
S04661,16,Male,70,60,High,1.3,Yes,No,Good,Overdue (3+ Months),5,Not Dropout
S04662,12,Male,72,81,High,8.0,Yes,Yes,Good,Paid,5,Not Dropout
S04663,15,Female,43,67,High,18.8,No,No,Average,Paid,5,Not Dropout
S04664,15,Male,38,23,High,1.9,Yes,No,Average,Paid,3,Not Dropout
S04665,12,Female,68,67,Low,8.8,No,No,Good,Unpaid,1,Not Dropout
S04666,15,Female,80,56,Low,3.9,Yes,Yes,Poor,Paid,2,Dropout
S04667,16,Female,74,32,Low,6.1,No,No,Good,Unpaid,4,Dropout
S04668,12,Female,70,74,Medium,19.0,No,No,Good,Paid,1,Not Dropout
S04669,17,Male,97,79,Medium,1.9,Yes,No,Good,Unpaid,0,Not Dropout
S04670,18,Male,66,40,High,19.4,Yes,No,Average,Unpaid,2,Not Dropout
S04671,12,Male,37,54,High,4.9,Yes,No,Average,Unpaid,1,Not Dropout
S04672,11,Male,97,69,Medium,15.7,No,Yes,Good,Paid,3,Not Dropout
S04673,14,Male,42,41,High,7.7,Yes,Yes,Average,Paid,5,Dropout
S04674,12,Male,42,59,Medium,19.8,Yes,No,Good,Paid,2,Not Dropout
S04675,15,Female,95,48,Low,9.4,No,No,Average,Unpaid,4,Dropout
S04676,12,Male,34,77,High,15.2,Yes,No,Good,Overdue (3+ Months),2,Not Dropout
S04677,14,Female,71,79,Low,7.7,Yes,No,Average,Paid,1,Not Dropout
S04678,13,Male,83,77,High,6.4,No,Yes,Poor,Unpaid,4,Dropout
S04679,14,Female,88,25,Medium,17.7,No,No,Average,Paid,1,Not Dropout
S04680,12,Male,56,91,High,12.4,Yes,No,Good,Unpaid,3,Not Dropout
S04681,15,Male,73,48,High,14.2,Yes,No,Average,Paid,1,Not Dropout
S04682,13,Female,59,59,Low,11.6,No,No,Average,Paid,5,Not Dropout
S04683,17,Female,79,70,Medium,11.1,No,Yes,Poor,Paid,3,Not Dropout
S04684,17,Male,34,86,Low,17.9,No,Yes,Good,Paid,3,Not Dropout
S04685,17,Male,54,24,High,7.6,No,No,Good,Paid,0,Not Dropout
S04686,17,Male,43,50,High,13.1,Yes,No,Good,Paid,3,Not Dropout
S04687,16,Female,89,47,Medium,1.0,Yes,No,Good,Unpaid,4,Dropout
S04688,12,Female,38,23,Medium,10.6,No,Yes,Average,Paid,3,Not Dropout
S04689,11,Male,52,80,Low,3.4,No,Yes,Average,Paid,4,Not Dropout
S04690,16,Female,78,43,Low,13.9,No,Yes,Poor,Paid,3,Dropout
S04691,12,Male,52,89,Low,7.2,Yes,No,Poor,Unpaid,5,Dropout
S04692,18,Female,92,25,High,4.0,No,No,Average,Paid,3,Not Dropout
S04693,14,Female,81,54,High,10.6,No,Yes,Average,Unpaid,5,Not Dropout
S04694,11,Male,88,88,Low,11.5,Yes,Yes,Poor,Overdue (3+ Months),1,Dropout
S04695,14,Female,74,51,High,14.2,Yes,No,Good,Paid,5,Not Dropout
S04696,12,Male,32,85,Low,14.1,Yes,No,Poor,Paid,0,Dropout
S04697,12,Female,93,72,High,7.9,Yes,Yes,Poor,Paid,2,Not Dropout
S04698,16,Male,53,25,Medium,19.4,No,No,Good,Paid,2,Not Dropout
S04699,17,Male,82,87,Medium,14.1,Yes,No,Average,Paid,1,Not Dropout
S04700,15,Female,31,87,Low,20.0,No,No,Average,Unpaid,0,Not Dropout
S04701,17,Female,68,96,Low,13.3,No,Yes,Good,Paid,5,Not Dropout
S04702,15,Male,42,76,Medium,19.9,Yes,No,Average,Paid,2,Not Dropout
S04703,12,Female,89,33,Low,8.7,No,Yes,Good,Paid,1,Not Dropout
S04704,16,Male,41,24,Medium,10.5,No,Yes,Poor,Overdue (3+ Months),3,Dropout
S04705,17,Female,76,59,High,16.4,Yes,Yes,Good,Paid,4,Not Dropout
S04706,18,Male,59,55,Medium,7.9,Yes,Yes,Good,Paid,0,Not Dropout
S04707,11,Female,94,33,Low,18.4,Yes,Yes,Poor,Overdue (3+ Months),2,Dropout
S04708,11,Male,43,93,Medium,9.1,Yes,Yes,Average,Paid,4,Dropout
S04709,16,Female,33,70,Medium,12.9,Yes,Yes,Good,Paid,4,Dropout
S04710,16,Male,70,93,Low,4.5,No,No,Average,Paid,3,Not Dropout
S04711,13,Female,98,34,High,1.8,No,Yes,Poor,Unpaid,0,Dropout
S04712,11,Female,54,100,Medium,6.4,No,Yes,Average,Paid,4,Not Dropout
S04713,14,Female,42,84,Medium,3.0,Yes,No,Good,Paid,4,Not Dropout
S04714,14,Female,44,100,Medium,2.8,Yes,Yes,Good,Paid,2,Not Dropout
S04715,13,Male,47,84,Medium,8.7,Yes,Yes,Poor,Paid,4,Dropout
S04716,14,Female,59,100,Low,16.2,Yes,No,Average,Paid,3,Not Dropout
S04717,13,Female,38,32,Low,2.0,Yes,Yes,Poor,Unpaid,4,Dropout
S04718,16,Male,43,97,High,14.5,No,Yes,Poor,Paid,0,Not Dropout
S04719,15,Male,61,55,Low,4.6,Yes,Yes,Good,Paid,2,Not Dropout
S04720,15,Female,71,95,High,0.7,No,Yes,Good,Paid,1,Not Dropout
S04721,12,Female,77,54,Medium,16.5,Yes,Yes,Good,Paid,5,Not Dropout
S04722,14,Female,56,40,Medium,15.5,Yes,Yes,Average,Paid,2,Not Dropout
S04723,16,Male,43,74,Low,6.5,Yes,No,Average,Unpaid,5,Dropout
S04724,14,Female,39,69,Medium,2.8,No,Yes,Average,Paid,0,Not Dropout
S04725,18,Male,42,35,High,13.1,Yes,No,Poor,Overdue (3+ Months),1,Dropout
S04726,15,Male,69,81,Medium,2.9,Yes,Yes,Average,Paid,2,Not Dropout
S04727,15,Female,73,78,High,6.6,Yes,No,Good,Overdue (3+ Months),5,Not Dropout
S04728,12,Male,98,21,Low,8.7,Yes,No,Good,Paid,0,Not Dropout
S04729,15,Female,46,36,Low,7.2,No,No,Average,Unpaid,0,Not Dropout
S04730,12,Male,63,63,Medium,12.8,No,Yes,Good,Paid,3,Not Dropout
S04731,13,Female,65,64,High,15.9,Yes,Yes,Average,Paid,4,Not Dropout
S04732,15,Male,88,42,Low,9.6,No,Yes,Poor,Unpaid,3,Dropout
S04733,15,Male,64,94,Low,5.2,Yes,Yes,Average,Overdue (3+ Months),4,Dropout
S04734,17,Female,72,51,Medium,6.1,No,Yes,Good,Paid,0,Not Dropout
S04735,12,Female,80,40,High,9.5,No,No,Average,Overdue (3+ Months),3,Not Dropout
S04736,11,Male,41,50,Medium,18.6,No,No,Average,Paid,5,Not Dropout
S04737,11,Female,73,56,Low,18.0,Yes,Yes,Good,Paid,2,Not Dropout
S04738,11,Male,50,87,Medium,13.8,Yes,Yes,Average,Overdue (3+ Months),0,Not Dropout
S04739,18,Female,46,97,High,9.0,Yes,No,Average,Paid,3,Not Dropout
S04740,16,Female,66,77,Low,16.3,No,No,Average,Paid,1,Not Dropout
S04741,16,Male,51,44,Medium,12.6,Yes,Yes,Average,Overdue (3+ Months),1,Dropout
S04742,13,Female,71,85,Medium,3.8,Yes,Yes,Good,Paid,0,Not Dropout
S04743,17,Male,64,81,High,11.1,Yes,No,Average,Paid,2,Not Dropout
S04744,15,Female,55,38,High,2.9,Yes,No,Good,Paid,2,Not Dropout
S04745,17,Male,91,65,Medium,13.4,Yes,Yes,Average,Paid,4,Not Dropout
S04746,17,Male,65,98,Medium,15.2,Yes,Yes,Average,Paid,3,Not Dropout
S04747,12,Male,85,88,Medium,12.9,No,No,Good,Overdue (3+ Months),2,Not Dropout
S04748,13,Female,57,62,Low,18.9,No,Yes,Poor,Paid,1,Not Dropout
S04749,18,Female,39,54,High,17.1,Yes,No,Average,Paid,2,Not Dropout
S04750,13,Male,32,72,Low,12.2,No,Yes,Poor,Paid,5,Dropout
S04751,11,Male,75,32,Low,10.5,Yes,Yes,Average,Overdue (3+ Months),3,Dropout
S04752,13,Male,64,45,Low,10.1,No,Yes,Good,Paid,4,Dropout
S04753,12,Female,92,56,Medium,2.5,Yes,No,Good,Paid,5,Not Dropout
S04754,12,Female,44,66,Low,13.4,No,Yes,Poor,Paid,0,Dropout
S04755,13,Male,66,40,Low,15.3,No,No,Good,Unpaid,2,Not Dropout
S04756,15,Female,59,53,High,7.9,Yes,No,Average,Paid,4,Not Dropout
S04757,13,Female,59,22,Medium,15.0,Yes,Yes,Average,Paid,4,Dropout
S04758,15,Female,36,65,Medium,16.1,Yes,No,Good,Paid,3,Not Dropout
S04759,11,Male,60,29,High,6.5,Yes,Yes,Good,Paid,5,Dropout
S04760,13,Male,48,71,High,4.1,No,Yes,Good,Paid,3,Not Dropout
S04761,15,Female,71,78,Medium,15.3,No,No,Average,Paid,2,Not Dropout
S04762,17,Male,40,93,Low,14.4,No,No,Average,Unpaid,2,Not Dropout
S04763,14,Male,55,100,Medium,11.5,No,No,Good,Paid,5,Not Dropout
S04764,17,Male,86,27,Medium,4.3,Yes,Yes,Good,Paid,1,Not Dropout
S04765,14,Male,59,30,Medium,7.8,Yes,Yes,Good,Paid,3,Not Dropout
S04766,17,Male,45,43,Low,6.9,Yes,No,Poor,Unpaid,0,Dropout
S04767,16,Female,94,100,Medium,12.5,No,Yes,Average,Paid,3,Not Dropout
S04768,12,Female,35,83,Low,8.2,Yes,Yes,Poor,Overdue (3+ Months),5,Dropout
S04769,17,Male,48,35,Medium,16.4,No,Yes,Good,Unpaid,1,Not Dropout
S04770,12,Female,77,68,High,8.5,No,Yes,Poor,Unpaid,5,Dropout
S04771,11,Male,67,24,Low,2.4,No,No,Good,Paid,1,Not Dropout
S04772,17,Female,56,89,Low,8.3,No,No,Average,Overdue (3+ Months),0,Not Dropout
S04773,14,Female,93,43,High,1.4,Yes,No,Good,Paid,2,Not Dropout
S04774,12,Male,97,31,Medium,1.2,No,No,Good,Overdue (3+ Months),2,Not Dropout
S04775,13,Male,67,42,Medium,19.1,No,No,Average,Paid,3,Not Dropout
S04776,15,Male,89,45,High,12.9,No,Yes,Good,Paid,0,Not Dropout
S04777,12,Male,59,42,High,5.3,Yes,Yes,Poor,Paid,4,Dropout
S04778,16,Female,37,53,High,11.7,Yes,No,Good,Paid,1,Not Dropout
S04779,18,Male,34,99,High,2.6,Yes,No,Good,Overdue (3+ Months),0,Not Dropout
S04780,16,Female,90,21,Medium,8.1,No,No,Poor,Paid,0,Not Dropout
S04781,13,Male,61,21,Low,10.2,No,Yes,Good,Paid,3,Not Dropout
S04782,11,Female,37,75,Medium,15.0,Yes,No,Average,Overdue (3+ Months),3,Not Dropout
S04783,17,Male,79,88,Low,17.5,No,Yes,Good,Paid,2,Not Dropout
S04784,17,Female,81,49,Low,7.3,No,No,Good,Unpaid,4,Dropout
S04785,18,Male,49,99,Medium,6.6,No,No,Poor,Unpaid,2,Not Dropout
S04786,11,Female,61,36,High,12.0,No,No,Good,Paid,2,Not Dropout
S04787,16,Female,56,45,Low,8.5,Yes,Yes,Poor,Paid,3,Dropout
S04788,16,Female,71,29,High,15.9,No,Yes,Average,Paid,1,Not Dropout
S04789,15,Female,34,91,High,12.7,No,No,Good,Paid,5,Not Dropout
S04790,15,Male,88,57,High,13.7,No,Yes,Good,Unpaid,0,Not Dropout
S04791,12,Male,36,40,Medium,17.2,Yes,No,Average,Overdue (3+ Months),0,Dropout
S04792,15,Female,71,80,High,2.1,Yes,No,Poor,Unpaid,3,Not Dropout
S04793,11,Female,71,24,High,11.3,No,No,Average,Paid,2,Not Dropout
S04794,15,Male,49,88,Low,5.4,Yes,No,Poor,Paid,1,Not Dropout
S04795,16,Male,40,89,Medium,11.7,Yes,No,Average,Paid,5,Not Dropout
S04796,12,Male,80,65,High,16.0,Yes,Yes,Poor,Unpaid,0,Dropout
S04797,18,Female,96,56,High,6.1,Yes,No,Good,Unpaid,1,Not Dropout
S04798,17,Female,32,45,High,9.7,Yes,No,Average,Paid,0,Not Dropout
S04799,14,Female,57,59,Medium,12.4,Yes,No,Good,Paid,1,Not Dropout
S04800,14,Female,95,60,High,7.5,Yes,Yes,Poor,Paid,2,Not Dropout
S04801,13,Male,57,98,High,4.4,Yes,Yes,Average,Overdue (3+ Months),0,Not Dropout
S04802,11,Male,44,54,Low,5.0,Yes,Yes,Good,Paid,0,Dropout
S04803,13,Female,83,88,Medium,14.1,Yes,No,Average,Paid,2,Not Dropout
S04804,16,Female,76,30,High,8.7,No,No,Good,Unpaid,3,Not Dropout
S04805,18,Female,31,56,High,9.3,No,Yes,Good,Overdue (3+ Months),1,Not Dropout
S04806,17,Male,40,95,Low,12.9,Yes,No,Poor,Paid,4,Dropout
S04807,15,Male,85,65,Medium,4.7,Yes,No,Poor,Paid,3,Not Dropout
S04808,17,Female,66,51,Low,9.6,No,No,Good,Overdue (3+ Months),2,Not Dropout
S04809,12,Male,94,71,Medium,10.1,Yes,No,Average,Unpaid,0,Not Dropout
S04810,12,Male,56,87,High,11.1,Yes,Yes,Average,Unpaid,4,Dropout
S04811,11,Female,43,31,Low,18.6,No,No,Average,Paid,4,Dropout
S04812,11,Female,95,78,High,7.2,No,No,Average,Overdue (3+ Months),1,Not Dropout
S04813,11,Female,60,60,Low,17.3,No,Yes,Good,Paid,4,Not Dropout
S04814,16,Female,34,47,Low,2.1,No,No,Good,Paid,2,Not Dropout
S04815,11,Female,81,96,Low,17.3,Yes,No,Poor,Paid,4,Dropout
S04816,12,Female,86,54,Low,8.4,No,No,Average,Paid,0,Not Dropout
S04817,16,Female,42,88,Medium,1.1,No,No,Average,Unpaid,3,Not Dropout
S04818,11,Female,95,30,Low,16.0,Yes,No,Good,Paid,4,Dropout
S04819,11,Female,59,70,Medium,8.0,Yes,No,Average,Paid,4,Not Dropout
S04820,11,Female,62,25,Medium,17.3,No,Yes,Poor,Paid,0,Not Dropout
S04821,16,Male,39,75,High,19.1,Yes,No,Poor,Unpaid,5,Dropout
S04822,15,Female,96,46,Low,12.8,No,No,Average,Paid,1,Not Dropout
S04823,12,Male,63,38,High,9.7,No,No,Good,Paid,4,Not Dropout
S04824,18,Male,59,38,High,8.0,Yes,No,Good,Unpaid,1,Not Dropout
S04825,13,Female,76,41,Medium,6.5,Yes,No,Average,Paid,0,Not Dropout
S04826,17,Female,82,32,Medium,6.2,No,Yes,Poor,Overdue (3+ Months),0,Dropout
S04827,16,Male,80,20,High,11.3,No,Yes,Average,Overdue (3+ Months),3,Not Dropout
S04828,12,Male,82,66,Low,8.4,Yes,Yes,Poor,Overdue (3+ Months),0,Dropout
S04829,18,Female,81,87,Low,18.3,No,No,Poor,Paid,0,Not Dropout
S04830,12,Female,63,100,Low,16.9,No,Yes,Poor,Paid,1,Not Dropout
S04831,12,Male,78,37,High,9.1,No,Yes,Good,Paid,1,Not Dropout
S04832,12,Female,56,37,High,13.0,No,Yes,Good,Paid,5,Not Dropout
S04833,17,Female,66,87,Low,13.1,No,No,Good,Paid,1,Not Dropout
S04834,12,Male,91,63,Medium,2.3,No,No,Good,Unpaid,0,Not Dropout
S04835,11,Female,85,56,High,9.2,No,No,Poor,Paid,2,Not Dropout
S04836,16,Male,51,20,Low,17.1,No,Yes,Good,Unpaid,3,Dropout
S04837,11,Female,40,76,Medium,19.1,No,Yes,Average,Paid,1,Not Dropout
S04838,17,Female,54,97,Medium,7.3,No,Yes,Good,Paid,2,Not Dropout
S04839,17,Female,90,35,High,17.3,Yes,Yes,Average,Paid,1,Not Dropout
S04840,14,Male,33,34,High,18.0,Yes,Yes,Average,Unpaid,4,Dropout
S04841,15,Male,82,82,Low,6.0,Yes,No,Poor,Unpaid,1,Dropout
S04842,18,Female,90,46,High,17.8,No,Yes,Poor,Overdue (3+ Months),5,Dropout
S04843,11,Female,58,78,Low,15.3,Yes,Yes,Good,Paid,4,Dropout
S04844,11,Male,70,47,High,6.8,No,Yes,Good,Paid,3,Not Dropout
S04845,17,Female,80,66,High,3.1,No,No,Average,Paid,1,Not Dropout
S04846,11,Male,88,88,Medium,14.7,No,No,Average,Paid,1,Not Dropout
S04847,11,Male,85,88,High,6.5,Yes,No,Average,Overdue (3+ Months),4,Not Dropout
S04848,12,Female,88,27,Low,9.7,No,Yes,Average,Paid,0,Not Dropout
S04849,11,Male,36,93,High,14.4,No,Yes,Average,Overdue (3+ Months),2,Not Dropout
S04850,11,Female,44,43,High,7.3,No,Yes,Good,Paid,2,Not Dropout
S04851,11,Male,87,94,Medium,3.7,No,No,Good,Unpaid,5,Not Dropout
S04852,12,Male,85,32,Low,11.3,Yes,No,Good,Paid,5,Dropout
S04853,13,Female,43,42,Low,13.0,No,Yes,Good,Paid,0,Dropout
S04854,18,Female,42,23,Low,3.7,No,No,Average,Paid,2,Not Dropout
S04855,12,Female,90,71,Medium,15.9,Yes,No,Good,Unpaid,4,Not Dropout
S04856,12,Male,81,80,High,4.3,Yes,Yes,Good,Unpaid,2,Not Dropout
S04857,11,Female,82,55,High,8.4,Yes,No,Poor,Paid,0,Not Dropout
S04858,15,Female,77,40,Medium,3.4,No,No,Average,Unpaid,3,Not Dropout
S04859,17,Male,46,42,High,8.0,Yes,No,Poor,Overdue (3+ Months),0,Dropout
S04860,18,Male,83,77,Medium,9.9,No,Yes,Average,Paid,0,Not Dropout
S04861,14,Female,91,70,High,10.6,No,Yes,Poor,Paid,3,Not Dropout
S04862,14,Male,43,74,Low,8.6,No,No,Good,Unpaid,4,Dropout
S04863,18,Female,83,29,Medium,11.3,Yes,No,Good,Paid,4,Not Dropout
S04864,15,Female,77,49,Medium,18.3,Yes,No,Average,Paid,5,Not Dropout
S04865,18,Male,92,59,Medium,13.9,No,No,Good,Paid,4,Not Dropout
S04866,11,Female,87,37,Low,1.3,No,No,Average,Paid,2,Not Dropout
S04867,15,Female,68,42,High,12.3,Yes,No,Average,Paid,1,Not Dropout
S04868,15,Female,65,36,Medium,5.2,No,Yes,Good,Paid,0,Not Dropout
S04869,12,Female,33,85,High,12.9,No,No,Average,Overdue (3+ Months),5,Not Dropout
S04870,11,Male,59,23,Low,4.0,No,Yes,Good,Unpaid,3,Dropout
S04871,14,Female,76,39,High,13.7,No,Yes,Poor,Paid,2,Not Dropout
S04872,17,Male,64,36,Low,13.8,No,Yes,Good,Paid,0,Not Dropout
S04873,16,Male,33,99,Low,5.3,No,No,Average,Unpaid,1,Not Dropout
S04874,16,Male,87,61,High,4.6,Yes,No,Average,Unpaid,2,Not Dropout
S04875,15,Female,95,69,Low,2.3,No,Yes,Poor,Paid,1,Not Dropout
S04876,18,Female,30,100,High,16.7,No,Yes,Poor,Paid,0,Not Dropout
S04877,14,Female,83,49,High,19.2,Yes,Yes,Average,Paid,3,Not Dropout
S04878,13,Female,69,63,Low,14.5,No,No,Good,Paid,5,Not Dropout
S04879,12,Female,43,75,Low,8.6,No,Yes,Average,Unpaid,5,Dropout
S04880,13,Male,85,46,High,18.6,Yes,Yes,Poor,Paid,3,Dropout
S04881,16,Male,49,71,Medium,12.8,Yes,Yes,Good,Unpaid,0,Not Dropout
S04882,11,Male,92,26,High,15.7,No,Yes,Average,Paid,4,Not Dropout
S04883,18,Male,52,70,High,8.7,Yes,Yes,Poor,Paid,4,Dropout
S04884,17,Female,58,58,Low,10.2,Yes,Yes,Good,Paid,0,Not Dropout
S04885,14,Female,96,52,Low,13.2,Yes,Yes,Average,Paid,5,Dropout
S04886,11,Male,78,66,Low,13.4,Yes,Yes,Poor,Unpaid,2,Dropout
S04887,11,Female,53,22,High,17.5,No,Yes,Good,Unpaid,2,Not Dropout
S04888,12,Male,94,86,Low,0.7,Yes,Yes,Average,Overdue (3+ Months),3,Dropout
S04889,14,Female,70,28,Medium,16.7,No,No,Good,Paid,5,Not Dropout
S04890,11,Male,39,52,High,12.4,No,Yes,Average,Paid,0,Not Dropout
S04891,18,Female,95,20,Medium,12.6,No,No,Good,Paid,4,Not Dropout
S04892,12,Female,85,61,Medium,4.4,No,Yes,Average,Paid,0,Not Dropout
S04893,11,Male,79,59,High,20.0,No,No,Average,Paid,3,Not Dropout
S04894,17,Male,76,80,High,12.5,No,Yes,Poor,Paid,5,Not Dropout
S04895,13,Female,49,71,Medium,18.3,No,No,Good,Paid,3,Not Dropout
S04896,11,Female,47,91,High,12.4,Yes,Yes,Average,Overdue (3+ Months),1,Not Dropout
S04897,18,Female,42,46,Low,0.7,No,No,Poor,Paid,4,Dropout
S04898,11,Male,47,62,Low,11.2,No,Yes,Good,Paid,1,Not Dropout
S04899,16,Female,37,79,Low,13.7,No,No,Average,Paid,2,Not Dropout
S04900,17,Male,39,52,High,19.4,Yes,No,Average,Unpaid,4,Dropout
S04901,13,Female,40,96,High,19.4,Yes,No,Good,Paid,4,Not Dropout
S04902,18,Male,56,35,Low,9.4,No,No,Average,Paid,5,Not Dropout
S04903,14,Female,72,85,High,3.9,No,No,Good,Overdue (3+ Months),1,Not Dropout
S04904,13,Female,38,59,High,14.7,Yes,No,Good,Paid,1,Not Dropout
S04905,17,Female,75,79,Low,8.5,No,Yes,Good,Overdue (3+ Months),5,Dropout
S04906,16,Male,49,32,Medium,15.5,No,Yes,Average,Unpaid,3,Not Dropout
S04907,17,Female,60,36,Medium,2.9,Yes,No,Good,Paid,3,Not Dropout
S04908,14,Female,87,57,Medium,13.9,Yes,Yes,Average,Paid,2,Not Dropout
S04909,14,Female,58,50,High,13.1,Yes,No,Good,Overdue (3+ Months),4,Not Dropout
S04910,14,Female,39,41,Medium,14.5,Yes,No,Average,Unpaid,1,Dropout
S04911,15,Female,87,49,Low,15.3,No,Yes,Average,Paid,2,Not Dropout
S04912,12,Female,69,96,Low,11.2,Yes,No,Average,Paid,5,Not Dropout
S04913,12,Male,89,51,Medium,13.1,No,Yes,Average,Unpaid,2,Not Dropout
S04914,17,Male,67,51,High,7.5,Yes,No,Good,Paid,4,Not Dropout
S04915,16,Female,30,85,Medium,1.0,Yes,No,Average,Paid,4,Not Dropout
S04916,14,Female,31,58,Low,5.6,No,Yes,Average,Paid,1,Not Dropout
S04917,18,Male,76,50,High,12.1,Yes,Yes,Poor,Paid,1,Not Dropout
S04918,11,Female,46,36,High,9.7,Yes,Yes,Good,Paid,2,Not Dropout
S04919,11,Female,87,35,Low,5.0,No,Yes,Good,Paid,2,Not Dropout
S04920,17,Female,39,91,Medium,9.3,Yes,No,Average,Paid,5,Not Dropout
S04921,11,Female,82,52,Low,19.0,No,Yes,Poor,Paid,3,Not Dropout
S04922,15,Female,85,80,Low,5.8,Yes,Yes,Good,Overdue (3+ Months),3,Dropout
S04923,13,Female,63,56,High,12.4,Yes,No,Average,Paid,5,Not Dropout
S04924,18,Female,71,70,Medium,8.3,Yes,Yes,Poor,Unpaid,0,Dropout
S04925,14,Male,46,83,High,6.3,Yes,No,Good,Unpaid,2,Not Dropout
S04926,18,Female,30,74,Medium,15.4,Yes,Yes,Good,Paid,0,Not Dropout
S04927,14,Female,92,92,Low,17.4,Yes,No,Good,Paid,0,Not Dropout
S04928,16,Male,47,57,Low,16.0,No,Yes,Average,Overdue (3+ Months),2,Not Dropout
S04929,16,Female,91,68,High,3.1,Yes,Yes,Good,Paid,2,Not Dropout
S04930,15,Male,30,85,High,11.3,No,No,Good,Overdue (3+ Months),1,Not Dropout
S04931,16,Male,85,25,Medium,12.0,Yes,No,Average,Unpaid,2,Not Dropout
S04932,18,Female,75,56,Medium,8.8,Yes,No,Good,Paid,3,Not Dropout
S04933,17,Female,91,96,Medium,18.1,No,Yes,Good,Paid,2,Not Dropout
S04934,14,Female,77,44,High,3.1,No,Yes,Good,Paid,1,Not Dropout
S04935,15,Male,59,86,High,16.2,Yes,No,Good,Paid,1,Not Dropout
S04936,18,Female,56,76,High,16.6,No,Yes,Average,Paid,1,Not Dropout
S04937,14,Male,95,52,Medium,18.1,No,Yes,Average,Paid,1,Not Dropout
S04938,16,Female,69,83,Low,16.6,Yes,Yes,Average,Overdue (3+ Months),2,Dropout
S04939,14,Male,50,35,Medium,8.8,No,Yes,Good,Paid,1,Not Dropout
S04940,15,Female,74,81,High,4.5,Yes,Yes,Average,Paid,0,Not Dropout
S04941,12,Female,64,27,High,15.2,No,Yes,Poor,Overdue (3+ Months),5,Dropout
S04942,16,Female,69,55,High,15.8,No,Yes,Average,Paid,4,Not Dropout
S04943,14,Male,94,77,High,5.5,Yes,No,Good,Unpaid,4,Not Dropout
S04944,13,Male,56,26,High,13.7,No,Yes,Good,Paid,4,Not Dropout
S04945,12,Female,63,26,High,13.4,No,Yes,Average,Paid,0,Not Dropout
S04946,14,Male,82,22,Medium,13.7,Yes,Yes,Poor,Unpaid,1,Dropout
S04947,13,Female,51,71,Medium,8.3,No,No,Average,Overdue (3+ Months),1,Not Dropout
S04948,17,Female,39,49,High,1.5,No,Yes,Good,Paid,3,Not Dropout
S04949,12,Male,95,57,Medium,7.5,Yes,No,Poor,Overdue (3+ Months),3,Not Dropout
S04950,11,Male,47,40,High,5.5,Yes,No,Good,Overdue (3+ Months),5,Dropout
S04951,13,Female,53,76,Medium,3.1,No,Yes,Average,Paid,3,Not Dropout
S04952,17,Male,33,51,Medium,0.6,No,Yes,Good,Paid,4,Not Dropout
S04953,15,Male,42,96,High,8.1,Yes,No,Average,Paid,0,Not Dropout
S04954,13,Female,61,60,Medium,2.4,Yes,Yes,Good,Paid,2,Not Dropout
S04955,12,Male,78,52,Medium,18.5,Yes,Yes,Average,Unpaid,2,Not Dropout
S04956,14,Female,85,49,Medium,9.6,Yes,No,Average,Paid,5,Not Dropout
S04957,18,Male,90,97,Medium,18.6,Yes,Yes,Good,Paid,2,Not Dropout
S04958,17,Female,88,65,Low,19.5,Yes,No,Average,Paid,3,Not Dropout
S04959,14,Female,80,97,Low,9.3,No,Yes,Poor,Paid,1,Not Dropout
S04960,14,Female,48,62,Medium,12.1,No,No,Average,Paid,1,Not Dropout
S04961,12,Female,91,24,Medium,8.0,Yes,No,Good,Paid,5,Not Dropout
S04962,18,Female,56,49,Low,4.8,No,No,Poor,Paid,2,Not Dropout
S04963,13,Female,56,21,Low,16.8,Yes,No,Poor,Paid,1,Dropout
S04964,18,Female,52,30,High,9.8,No,Yes,Poor,Unpaid,5,Dropout
S04965,18,Female,87,65,Medium,11.8,Yes,Yes,Average,Paid,1,Not Dropout
S04966,16,Male,60,78,Medium,6.9,No,Yes,Poor,Paid,0,Not Dropout
S04967,18,Male,62,37,Low,18.5,Yes,Yes,Poor,Paid,2,Dropout
S04968,16,Male,45,35,Low,19.6,Yes,No,Good,Paid,5,Dropout
S04969,17,Male,74,30,Low,13.1,No,Yes,Average,Paid,4,Dropout
S04970,13,Female,98,44,Medium,4.1,Yes,Yes,Good,Overdue (3+ Months),4,Dropout
S04971,16,Male,70,51,High,19.6,No,Yes,Good,Paid,0,Not Dropout
S04972,17,Female,83,73,Medium,10.6,No,No,Good,Overdue (3+ Months),4,Not Dropout
S04973,14,Female,62,40,Low,17.5,Yes,No,Good,Unpaid,3,Dropout
S04974,16,Female,33,53,Low,8.0,Yes,Yes,Good,Unpaid,5,Dropout
S04975,13,Female,86,90,Low,9.4,No,Yes,Good,Paid,1,Not Dropout
S04976,11,Female,79,94,Low,4.0,No,No,Average,Paid,2,Not Dropout
S04977,12,Female,78,91,Low,4.5,Yes,Yes,Average,Paid,4,Dropout
S04978,18,Female,91,72,Medium,4.7,Yes,Yes,Poor,Unpaid,4,Dropout
S04979,17,Female,94,42,Medium,9.8,No,Yes,Good,Paid,2,Not Dropout
S04980,17,Male,57,81,High,1.4,Yes,Yes,Average,Paid,4,Not Dropout
S04981,12,Male,60,69,Medium,2.3,Yes,No,Good,Paid,0,Not Dropout
S04982,16,Male,70,48,High,9.7,Yes,No,Average,Paid,2,Not Dropout
S04983,11,Female,67,84,High,19.0,No,Yes,Good,Overdue (3+ Months),4,Not Dropout
S04984,12,Female,47,66,High,9.5,Yes,Yes,Poor,Unpaid,5,Dropout
S04985,18,Male,39,70,High,8.4,Yes,No,Average,Paid,4,Not Dropout
S04986,13,Female,97,36,High,0.8,Yes,Yes,Average,Overdue (3+ Months),2,Dropout
S04987,16,Female,64,71,High,16.7,Yes,No,Poor,Overdue (3+ Months),2,Not Dropout
S04988,11,Female,48,38,High,19.8,Yes,Yes,Average,Paid,2,Not Dropout
S04989,11,Female,87,97,Low,11.9,No,No,Poor,Paid,1,Not Dropout
S04990,17,Male,54,65,High,19.6,Yes,No,Good,Paid,1,Not Dropout
S04991,18,Male,97,100,Medium,17.4,Yes,No,Good,Paid,3,Not Dropout
S04992,13,Male,69,94,High,17.7,No,Yes,Good,Paid,5,Not Dropout
S04993,13,Female,30,39,High,1.9,Yes,No,Poor,Overdue (3+ Months),1,Dropout
S04994,15,Male,57,50,Medium,5.7,Yes,No,Average,Paid,2,Not Dropout
S04995,15,Male,43,48,High,7.2,Yes,Yes,Good,Paid,3,Dropout
S04996,18,Female,66,29,High,13.6,No,Yes,Average,Unpaid,4,Dropout
S04997,11,Female,97,28,Medium,0.8,Yes,Yes,Poor,Overdue (3+ Months),3,Dropout
S04998,18,Male,93,56,High,18.2,Yes,No,Poor,Unpaid,2,Not Dropout
S04999,12,Female,44,32,Low,6.7,No,No,Good,Paid,5,Dropout
S05000,18,Male,38,40,High,2.4,No,No,Poor,Paid,3,Not Dropout
S05001,13,Male,30,90,Medium,6.5,No,No,Average,Paid,1,Not Dropout
S05002,13,Male,47,67,Medium,8.4,Yes,Yes,Average,Paid,2,Not Dropout
S05003,17,Male,37,69,Medium,1.6,No,No,Poor,Unpaid,4,Dropout
S05004,16,Female,73,59,Low,15.4,Yes,Yes,Good,Paid,1,Not Dropout
S05005,18,Male,75,51,Medium,14.5,Yes,Yes,Poor,Paid,2,Not Dropout
S05006,17,Male,98,58,High,11.8,No,No,Average,Paid,3,Not Dropout
S05007,14,Female,35,63,High,10.3,Yes,No,Average,Paid,2,Not Dropout
S05008,17,Male,83,92,Low,4.4,Yes,No,Poor,Paid,4,Dropout
S05009,15,Female,98,32,Low,8.8,Yes,Yes,Average,Paid,0,Dropout
S05010,18,Female,88,37,Medium,17.2,Yes,No,Average,Paid,1,Not Dropout
S05011,13,Male,49,33,Medium,4.0,No,Yes,Average,Unpaid,0,Not Dropout
S05012,17,Male,34,62,High,4.3,No,No,Good,Overdue (3+ Months),1,Not Dropout
S05013,17,Male,89,80,Low,9.6,No,No,Poor,Paid,0,Not Dropout
S05014,11,Male,49,78,Low,0.6,Yes,No,Poor,Overdue (3+ Months),4,Dropout
S05015,12,Female,52,79,High,1.5,No,Yes,Good,Paid,4,Not Dropout
S05016,14,Male,93,96,Medium,2.6,No,No,Good,Unpaid,5,Not Dropout
S05017,14,Male,62,94,Medium,12.2,No,Yes,Average,Overdue (3+ Months),4,Not Dropout
S05018,18,Female,80,32,Medium,9.6,No,Yes,Average,Paid,3,Not Dropout
S05019,14,Female,35,21,High,12.4,No,No,Average,Paid,5,Not Dropout
S05020,18,Male,42,52,High,1.8,Yes,No,Average,Paid,4,Not Dropout
S05021,14,Female,62,70,High,6.8,Yes,Yes,Poor,Paid,2,Not Dropout
S05022,17,Female,79,83,High,7.5,No,Yes,Poor,Unpaid,2,Not Dropout
S05023,18,Female,37,91,High,18.9,Yes,Yes,Good,Paid,2,Not Dropout
S05024,13,Male,38,49,Low,9.2,No,No,Average,Unpaid,4,Dropout
S05025,15,Female,98,80,High,11.6,Yes,No,Average,Paid,2,Not Dropout
S05026,18,Female,82,84,Medium,5.2,Yes,Yes,Average,Paid,2,Not Dropout
S05027,11,Female,42,42,Medium,12.3,No,No,Good,Overdue (3+ Months),0,Not Dropout
S05028,16,Female,91,49,Low,18.7,Yes,No,Good,Unpaid,1,Dropout
S05029,16,Male,94,94,Low,4.8,Yes,No,Good,Paid,1,Not Dropout
S05030,12,Female,40,61,High,4.2,Yes,No,Good,Paid,0,Not Dropout
S05031,11,Male,72,94,High,8.3,Yes,Yes,Poor,Paid,0,Not Dropout
S05032,18,Female,95,51,High,4.5,Yes,No,Poor,Paid,5,Not Dropout
S05033,17,Female,47,55,High,14.2,No,Yes,Poor,Paid,1,Not Dropout
S05034,14,Male,60,78,Medium,1.8,No,No,Poor,Overdue (3+ Months),1,Not Dropout
S05035,12,Male,56,86,High,2.6,No,No,Poor,Overdue (3+ Months),2,Not Dropout
S05036,16,Female,40,37,Low,0.7,Yes,Yes,Average,Unpaid,2,Dropout
S05037,11,Female,40,52,Medium,10.0,Yes,No,Average,Paid,0,Not Dropout
S05038,18,Male,81,48,Medium,7.9,Yes,No,Average,Paid,2,Not Dropout
S05039,13,Male,75,64,Medium,13.3,No,Yes,Poor,Paid,3,Not Dropout
S05040,11,Male,50,27,Low,18.0,No,No,Good,Unpaid,2,Not Dropout
S05041,15,Female,93,69,High,6.8,No,No,Good,Paid,5,Not Dropout
S05042,14,Female,66,64,Medium,14.2,No,Yes,Good,Unpaid,4,Not Dropout
S05043,16,Female,77,84,High,1.0,Yes,Yes,Good,Unpaid,0,Not Dropout
S05044,11,Female,63,26,Medium,12.3,Yes,Yes,Average,Paid,0,Not Dropout
S05045,13,Male,46,62,Medium,17.8,No,Yes,Good,Paid,3,Not Dropout
S05046,14,Female,33,60,Medium,8.8,Yes,No,Poor,Paid,3,Not Dropout
S05047,13,Male,63,99,Low,14.6,No,Yes,Good,Unpaid,3,Not Dropout
S05048,17,Male,60,98,Medium,19.5,No,Yes,Good,Paid,4,Not Dropout
S05049,18,Male,94,87,Low,17.0,No,Yes,Good,Unpaid,2,Not Dropout
S05050,11,Male,63,64,Low,11.5,Yes,No,Poor,Paid,5,Dropout
S05051,12,Female,88,63,Medium,6.2,Yes,Yes,Poor,Unpaid,0,Dropout
S05052,18,Female,54,44,Low,12.5,Yes,No,Good,Paid,5,Dropout
S05053,16,Male,90,63,High,17.2,Yes,No,Poor,Paid,1,Not Dropout
S05054,17,Male,94,38,High,8.5,No,No,Poor,Paid,5,Not Dropout
S05055,13,Female,98,79,Medium,1.9,No,Yes,Average,Unpaid,0,Not Dropout
S05056,12,Male,83,65,Medium,15.4,Yes,No,Poor,Paid,1,Not Dropout
S05057,18,Female,90,43,Low,1.0,No,Yes,Average,Paid,2,Not Dropout
S05058,17,Male,75,30,High,14.2,No,No,Average,Unpaid,4,Not Dropout
S05059,14,Female,37,28,Medium,7.0,No,Yes,Average,Unpaid,3,Dropout
S05060,14,Female,41,27,High,15.0,No,Yes,Good,Paid,2,Not Dropout
S05061,12,Female,44,32,High,14.2,No,Yes,Average,Overdue (3+ Months),5,Dropout
S05062,16,Female,49,52,High,8.6,No,No,Good,Paid,0,Not Dropout
S05063,15,Male,89,86,Low,13.7,No,No,Average,Paid,0,Not Dropout
S05064,14,Male,71,77,High,12.0,No,No,Poor,Overdue (3+ Months),5,Not Dropout
S05065,11,Male,60,45,Low,8.6,No,Yes,Good,Paid,2,Not Dropout
S05066,11,Female,57,96,High,12.2,No,No,Average,Unpaid,0,Not Dropout
S05067,11,Female,46,78,Medium,17.9,Yes,Yes,Good,Paid,5,Not Dropout
S05068,15,Male,37,75,High,4.0,No,Yes,Good,Paid,0,Not Dropout
S05069,14,Male,36,30,Low,3.8,No,Yes,Good,Unpaid,4,Dropout
S05070,14,Male,93,60,Medium,10.4,Yes,Yes,Average,Paid,0,Not Dropout
S05071,14,Female,96,39,Medium,19.0,Yes,No,Average,Paid,1,Not Dropout
S05072,11,Female,90,30,Medium,8.1,Yes,No,Poor,Overdue (3+ Months),4,Dropout
S05073,15,Male,37,65,High,16.4,No,Yes,Poor,Overdue (3+ Months),5,Dropout
S05074,18,Female,79,50,Medium,3.8,Yes,No,Good,Unpaid,1,Not Dropout
S05075,15,Female,36,98,High,10.6,Yes,No,Average,Unpaid,5,Dropout
S05076,13,Male,85,66,Low,13.1,No,No,Good,Paid,3,Not Dropout
S05077,17,Female,50,95,Low,7.4,No,No,Average,Overdue (3+ Months),3,Not Dropout
S05078,17,Female,75,74,Medium,7.6,Yes,Yes,Good,Paid,4,Not Dropout
S05079,17,Female,34,87,High,8.7,Yes,Yes,Average,Paid,2,Not Dropout
S05080,11,Male,38,67,Low,16.2,Yes,No,Average,Paid,5,Dropout
S05081,11,Female,88,39,Low,8.7,Yes,Yes,Good,Paid,3,Dropout
S05082,11,Male,61,78,Low,13.8,No,No,Average,Paid,1,Not Dropout
S05083,12,Female,60,95,Low,16.2,No,Yes,Poor,Paid,5,Dropout
S05084,13,Male,48,60,Medium,8.2,Yes,No,Poor,Overdue (3+ Months),1,Not Dropout
S05085,17,Male,61,22,High,18.1,Yes,No,Good,Paid,0,Not Dropout
S05086,17,Female,96,79,High,11.2,Yes,No,Good,Paid,4,Not Dropout
S05087,13,Male,37,82,High,17.5,Yes,Yes,Average,Paid,5,Dropout
S05088,14,Female,34,29,Low,4.4,No,No,Average,Paid,5,Dropout
S05089,12,Female,77,38,High,8.7,Yes,Yes,Average,Overdue (3+ Months),3,Dropout
S05090,18,Female,92,80,Medium,1.2,No,No,Good,Unpaid,4,Not Dropout
S05091,13,Male,54,50,Low,9.9,No,Yes,Good,Paid,0,Not Dropout
S05092,13,Female,38,30,Low,14.1,Yes,No,Poor,Unpaid,2,Dropout
S05093,18,Female,87,88,High,17.4,Yes,No,Good,Paid,1,Not Dropout
S05094,13,Female,37,72,Low,9.7,Yes,Yes,Good,Paid,2,Dropout
S05095,12,Female,95,60,Low,2.5,No,No,Good,Unpaid,2,Not Dropout
S05096,15,Male,48,64,Low,17.5,No,Yes,Average,Paid,5,Not Dropout
S05097,16,Female,53,62,Medium,15.2,No,Yes,Poor,Unpaid,1,Not Dropout
S05098,15,Male,82,96,Low,5.1,No,No,Average,Paid,4,Not Dropout
S05099,12,Female,45,31,Medium,14.6,No,No,Poor,Unpaid,1,Not Dropout
S05100,16,Male,96,54,Medium,7.9,Yes,No,Poor,Paid,0,Not Dropout
S05101,11,Female,70,65,Low,11.4,Yes,Yes,Good,Paid,2,Not Dropout
S05102,16,Female,95,40,High,15.5,No,Yes,Good,Paid,5,Not Dropout
S05103,18,Male,47,41,High,12.1,Yes,Yes,Average,Overdue (3+ Months),3,Dropout
S05104,14,Female,86,72,Medium,11.8,No,Yes,Average,Unpaid,5,Not Dropout
S05105,13,Female,54,92,Low,8.2,Yes,Yes,Good,Overdue (3+ Months),0,Dropout
S05106,11,Female,51,65,Low,3.2,No,No,Good,Unpaid,0,Not Dropout
S05107,18,Male,80,90,Medium,1.7,Yes,Yes,Good,Paid,4,Not Dropout
S05108,14,Female,76,20,High,7.7,No,Yes,Good,Paid,5,Not Dropout
S05109,16,Male,61,43,Medium,7.3,No,Yes,Average,Paid,2,Not Dropout
S05110,11,Male,34,31,Medium,10.6,No,Yes,Good,Paid,3,Not Dropout
S05111,13,Male,92,93,High,14.2,No,Yes,Poor,Paid,1,Not Dropout
S05112,16,Male,32,99,Low,8.4,No,Yes,Average,Unpaid,1,Dropout
S05113,15,Male,66,58,High,2.9,Yes,Yes,Average,Paid,1,Not Dropout
S05114,17,Female,76,35,Low,8.2,Yes,No,Average,Paid,3,Not Dropout
S05115,12,Female,77,94,Low,5.9,No,No,Good,Paid,3,Not Dropout
S05116,12,Male,86,47,High,15.8,Yes,No,Good,Overdue (3+ Months),3,Not Dropout
S05117,17,Male,92,24,Low,18.7,Yes,No,Average,Paid,5,Dropout
S05118,12,Female,66,30,Medium,8.6,Yes,No,Good,Unpaid,4,Dropout
S05119,14,Female,58,21,Low,3.1,No,No,Good,Unpaid,0,Not Dropout
S05120,15,Female,84,98,Medium,10.5,No,No,Average,Unpaid,1,Not Dropout
S05121,18,Female,65,43,High,1.7,Yes,Yes,Average,Paid,4,Dropout
S05122,17,Female,86,96,Medium,11.5,Yes,No,Good,Paid,0,Not Dropout
S05123,11,Female,33,41,High,18.1,No,Yes,Average,Paid,1,Not Dropout
S05124,16,Male,37,94,Low,11.4,Yes,No,Average,Paid,3,Not Dropout
S05125,13,Female,44,40,Low,0.5,Yes,No,Good,Paid,5,Dropout
S05126,11,Male,39,34,Low,14.6,No,Yes,Poor,Paid,3,Dropout
S05127,16,Male,37,77,Medium,10.1,Yes,Yes,Poor,Overdue (3+ Months),0,Dropout
S05128,14,Female,38,90,Medium,3.8,Yes,No,Average,Overdue (3+ Months),3,Not Dropout
S05129,16,Female,74,94,Medium,4.0,No,No,Average,Paid,0,Not Dropout
S05130,18,Male,74,74,Medium,17.3,Yes,No,Average,Paid,4,Not Dropout
S05131,14,Female,82,56,Medium,6.2,Yes,No,Poor,Overdue (3+ Months),3,Not Dropout
S05132,17,Male,56,58,Medium,2.0,Yes,No,Average,Paid,4,Not Dropout
S05133,11,Male,82,80,High,1.6,No,Yes,Good,Paid,1,Not Dropout
S05134,16,Female,31,78,Medium,2.8,Yes,Yes,Poor,Overdue (3+ Months),4,Dropout
S05135,17,Female,74,48,High,15.2,Yes,Yes,Good,Paid,2,Not Dropout
S05136,18,Male,96,94,Medium,6.3,No,No,Good,Paid,2,Not Dropout
S05137,16,Male,83,29,High,14.8,No,No,Average,Paid,4,Not Dropout
S05138,16,Male,53,69,Low,4.7,Yes,No,Poor,Paid,5,Dropout
S05139,11,Male,79,64,High,12.1,No,Yes,Average,Overdue (3+ Months),4,Not Dropout
S05140,11,Female,76,45,High,15.2,No,Yes,Average,Paid,4,Not Dropout
S05141,14,Male,76,83,High,10.8,Yes,No,Good,Paid,5,Not Dropout
S05142,15,Male,44,73,Medium,12.2,No,No,Average,Unpaid,2,Not Dropout
S05143,14,Female,44,89,Low,18.1,Yes,Yes,Poor,Paid,1,Dropout
S05144,13,Male,72,39,Low,2.3,No,No,Poor,Unpaid,5,Dropout
S05145,12,Female,78,32,High,10.8,Yes,No,Good,Unpaid,4,Dropout
S05146,11,Male,40,93,Low,2.3,Yes,No,Average,Paid,1,Not Dropout
S05147,18,Male,35,76,Medium,7.5,No,Yes,Good,Overdue (3+ Months),4,Dropout
S05148,15,Male,96,20,High,0.7,No,Yes,Good,Unpaid,4,Dropout
S05149,17,Female,82,52,High,14.5,Yes,Yes,Average,Overdue (3+ Months),2,Not Dropout
S05150,16,Male,36,39,Low,18.4,No,Yes,Average,Overdue (3+ Months),0,Dropout
S05151,14,Female,90,31,Low,2.2,Yes,Yes,Average,Paid,3,Dropout
S05152,18,Male,43,78,Medium,4.8,Yes,No,Average,Paid,3,Not Dropout
S05153,12,Female,38,57,High,8.6,No,Yes,Good,Paid,0,Not Dropout
S05154,18,Female,97,91,Medium,16.3,Yes,No,Poor,Paid,0,Not Dropout
S05155,13,Male,32,61,Medium,15.6,Yes,Yes,Good,Paid,3,Not Dropout
S05156,13,Female,65,31,Medium,3.6,No,Yes,Good,Paid,1,Not Dropout
S05157,17,Female,49,25,High,15.6,No,No,Poor,Overdue (3+ Months),1,Not Dropout
S05158,17,Male,82,45,Medium,15.3,Yes,Yes,Poor,Unpaid,2,Dropout
S05159,17,Female,60,74,Medium,10.4,Yes,Yes,Poor,Paid,2,Not Dropout
S05160,12,Female,63,43,Low,10.8,Yes,No,Good,Paid,0,Not Dropout
S05161,17,Male,60,100,Medium,7.0,Yes,Yes,Good,Unpaid,1,Not Dropout
S05162,11,Female,69,45,Medium,3.3,No,No,Poor,Unpaid,1,Not Dropout
S05163,17,Female,70,62,High,13.7,No,Yes,Average,Overdue (3+ Months),3,Not Dropout
S05164,18,Female,85,95,Low,0.9,Yes,Yes,Average,Unpaid,5,Dropout
S05165,17,Female,36,21,Medium,17.5,Yes,No,Average,Paid,0,Not Dropout
S05166,13,Female,75,53,Medium,2.5,No,Yes,Poor,Paid,2,Not Dropout
S05167,17,Female,86,73,High,10.8,Yes,No,Average,Paid,5,Not Dropout
S05168,17,Male,56,66,Medium,18.9,Yes,No,Average,Paid,4,Not Dropout
S05169,14,Female,79,53,Medium,8.0,Yes,No,Average,Paid,5,Not Dropout
S05170,17,Female,46,70,Medium,16.3,Yes,Yes,Average,Unpaid,5,Dropout
S05171,13,Male,39,21,Low,9.8,No,No,Average,Paid,0,Not Dropout
S05172,18,Male,44,77,Medium,12.0,Yes,Yes,Good,Paid,2,Not Dropout
S05173,17,Male,77,47,Low,14.3,No,Yes,Good,Paid,3,Not Dropout
S05174,11,Male,66,47,Medium,2.0,No,No,Average,Overdue (3+ Months),2,Not Dropout
S05175,14,Male,65,33,High,15.7,No,No,Average,Unpaid,3,Not Dropout
S05176,16,Male,66,87,Low,17.1,Yes,No,Good,Paid,4,Not Dropout
S05177,13,Male,31,61,High,16.2,Yes,No,Poor,Overdue (3+ Months),5,Dropout
S05178,11,Female,36,34,Low,14.6,Yes,No,Average,Paid,3,Dropout
S05179,17,Male,67,84,Medium,6.4,Yes,Yes,Good,Unpaid,1,Not Dropout
S05180,16,Female,48,87,Low,3.2,Yes,Yes,Average,Paid,2,Not Dropout
S05181,14,Female,82,85,Low,14.5,No,Yes,Good,Unpaid,3,Not Dropout
S05182,16,Female,31,24,Medium,1.5,Yes,Yes,Good,Paid,4,Dropout
S05183,18,Female,87,37,Medium,14.4,No,Yes,Good,Overdue (3+ Months),1,Not Dropout
S05184,16,Female,40,33,Low,9.2,No,Yes,Average,Overdue (3+ Months),2,Dropout
S05185,12,Female,41,56,Medium,19.4,No,No,Good,Paid,2,Not Dropout
S05186,12,Male,55,75,Medium,9.4,Yes,No,Good,Paid,4,Not Dropout
S05187,11,Male,32,37,Medium,18.9,Yes,Yes,Poor,Paid,0,Dropout
S05188,11,Male,62,73,High,9.6,Yes,Yes,Good,Paid,5,Not Dropout
S05189,18,Male,34,96,Low,18.5,Yes,Yes,Average,Unpaid,4,Dropout
S05190,17,Female,70,58,Low,9.4,No,No,Average,Unpaid,5,Not Dropout
S05191,15,Female,98,90,High,2.0,No,No,Average,Paid,5,Not Dropout
S05192,14,Female,53,20,Low,3.7,Yes,No,Average,Paid,0,Not Dropout
S05193,13,Female,61,44,High,4.6,No,No,Good,Paid,5,Not Dropout
S05194,15,Female,50,54,Medium,19.8,Yes,Yes,Average,Paid,5,Not Dropout
S05195,12,Female,72,45,High,1.1,Yes,Yes,Average,Paid,2,Not Dropout
S05196,13,Female,92,22,Medium,8.7,No,Yes,Average,Paid,3,Not Dropout
S05197,11,Female,63,88,High,18.9,No,Yes,Poor,Paid,4,Not Dropout
S05198,18,Female,34,66,High,15.5,No,Yes,Good,Paid,3,Not Dropout
S05199,12,Male,82,76,High,8.1,Yes,Yes,Average,Overdue (3+ Months),2,Not Dropout
S05200,17,Female,30,96,Low,1.0,Yes,No,Good,Paid,2,Not Dropout
S05201,16,Female,75,27,High,16.7,Yes,No,Average,Paid,5,Not Dropout
S05202,18,Male,80,44,Medium,10.9,Yes,No,Average,Paid,2,Not Dropout
S05203,18,Female,89,57,Medium,13.3,Yes,Yes,Poor,Paid,2,Not Dropout
S05204,11,Female,82,69,High,3.2,No,No,Poor,Paid,0,Not Dropout
S05205,18,Female,31,35,Low,17.5,Yes,Yes,Good,Paid,1,Dropout
S05206,12,Female,57,46,Medium,17.5,Yes,Yes,Poor,Paid,4,Dropout
S05207,11,Male,42,57,Low,9.5,Yes,No,Poor,Overdue (3+ Months),3,Dropout
S05208,13,Female,30,26,High,1.6,No,No,Good,Paid,2,Not Dropout
S05209,15,Female,57,35,Medium,18.9,Yes,No,Average,Paid,5,Not Dropout
S05210,16,Female,93,41,High,13.2,Yes,No,Good,Paid,2,Not Dropout
S05211,13,Male,33,62,High,15.3,Yes,Yes,Average,Unpaid,0,Dropout
S05212,15,Male,63,22,Medium,7.2,Yes,No,Good,Unpaid,2,Not Dropout
S05213,15,Female,55,63,Medium,2.3,No,Yes,Average,Overdue (3+ Months),0,Not Dropout
S05214,14,Male,70,24,Low,5.7,Yes,No,Poor,Paid,0,Dropout
S05215,18,Female,31,28,High,19.8,Yes,Yes,Good,Paid,0,Dropout
S05216,11,Male,45,90,High,12.9,Yes,Yes,Poor,Unpaid,5,Dropout
S05217,15,Male,63,29,Medium,5.4,No,Yes,Average,Paid,1,Not Dropout
S05218,14,Female,94,96,Medium,9.1,No,No,Good,Unpaid,2,Not Dropout
S05219,11,Male,86,29,High,18.8,Yes,Yes,Poor,Overdue (3+ Months),2,Dropout
S05220,12,Male,36,33,Low,10.4,Yes,Yes,Good,Paid,0,Dropout
S05221,17,Female,74,99,Low,1.2,No,No,Good,Paid,3,Not Dropout
S05222,17,Male,42,62,High,5.4,Yes,Yes,Poor,Overdue (3+ Months),3,Dropout
S05223,12,Male,76,71,Low,2.6,No,Yes,Good,Paid,1,Not Dropout
S05224,15,Female,96,40,High,17.3,No,Yes,Average,Paid,3,Not Dropout
S05225,12,Male,78,91,Medium,8.8,Yes,Yes,Average,Paid,2,Not Dropout
S05226,11,Female,81,31,High,17.0,No,Yes,Average,Paid,1,Not Dropout
S05227,16,Male,52,54,Medium,18.8,No,Yes,Average,Paid,1,Not Dropout
S05228,14,Male,51,44,High,12.3,Yes,No,Poor,Paid,1,Not Dropout
S05229,14,Male,68,59,Low,1.4,No,No,Average,Overdue (3+ Months),5,Not Dropout
S05230,16,Female,72,50,Medium,0.8,Yes,No,Average,Unpaid,0,Not Dropout
S05231,18,Male,89,82,Medium,10.7,Yes,No,Average,Overdue (3+ Months),1,Not Dropout
S05232,13,Female,39,51,High,5.3,No,Yes,Average,Paid,3,Not Dropout
S05233,16,Female,45,26,Medium,9.7,Yes,No,Poor,Unpaid,1,Dropout
S05234,15,Male,98,44,High,13.8,No,No,Average,Overdue (3+ Months),2,Not Dropout
S05235,18,Female,35,52,Medium,8.4,Yes,Yes,Poor,Overdue (3+ Months),0,Dropout
S05236,11,Male,87,31,Low,18.8,Yes,No,Good,Paid,0,Not Dropout
S05237,16,Female,72,82,Medium,2.3,No,Yes,Average,Paid,0,Not Dropout
S05238,18,Female,69,92,Low,1.8,No,Yes,Good,Paid,1,Not Dropout
S05239,14,Female,61,30,Medium,13.6,No,Yes,Average,Overdue (3+ Months),2,Not Dropout
S05240,14,Female,71,49,Low,13.1,Yes,No,Average,Paid,1,Not Dropout
S05241,16,Male,95,97,High,7.0,Yes,Yes,Poor,Paid,4,Dropout
S05242,16,Female,30,49,Medium,5.5,No,No,Average,Paid,5,Not Dropout
S05243,14,Female,34,62,Medium,15.4,No,No,Average,Unpaid,5,Not Dropout
S05244,17,Female,67,53,High,16.6,No,No,Good,Paid,1,Not Dropout
S05245,14,Female,81,56,Low,17.7,No,No,Average,Paid,1,Not Dropout
S05246,16,Female,88,89,High,10.4,Yes,No,Poor,Paid,3,Not Dropout
S05247,18,Female,84,28,Medium,17.6,Yes,Yes,Average,Unpaid,3,Dropout
S05248,15,Female,57,79,High,10.8,Yes,No,Average,Paid,0,Not Dropout
S05249,16,Male,92,37,Low,13.7,No,Yes,Good,Paid,5,Dropout
S05250,13,Female,76,76,High,15.9,Yes,Yes,Average,Paid,1,Not Dropout
S05251,18,Male,58,90,High,15.7,No,No,Good,Paid,3,Not Dropout
S05252,14,Female,39,75,High,1.3,No,Yes,Average,Overdue (3+ Months),1,Not Dropout
S05253,12,Male,96,94,Medium,18.4,No,No,Average,Paid,3,Not Dropout
S05254,13,Female,85,22,High,15.0,No,Yes,Average,Unpaid,3,Not Dropout
S05255,12,Male,78,80,Medium,17.3,No,No,Good,Paid,5,Not Dropout
S05256,14,Female,90,65,Low,18.6,No,Yes,Average,Paid,0,Not Dropout
S05257,16,Female,93,29,Medium,17.6,No,Yes,Poor,Unpaid,2,Dropout
S05258,12,Male,74,88,Medium,12.1,Yes,Yes,Good,Paid,2,Not Dropout
S05259,14,Female,58,94,Medium,2.7,No,No,Good,Paid,3,Not Dropout
S05260,12,Male,86,76,High,4.2,No,No,Poor,Paid,5,Not Dropout
S05261,14,Female,75,79,Medium,10.3,No,Yes,Average,Paid,5,Not Dropout
S05262,16,Female,39,49,High,6.4,Yes,No,Good,Paid,5,Dropout
S05263,17,Female,85,89,Medium,6.7,No,Yes,Poor,Overdue (3+ Months),5,Dropout
S05264,14,Male,86,22,High,12.8,Yes,No,Poor,Paid,1,Not Dropout
S05265,11,Female,62,90,Low,1.9,No,No,Average,Paid,2,Not Dropout
S05266,13,Female,50,21,High,15.0,No,Yes,Good,Unpaid,3,Not Dropout
S05267,15,Female,50,41,Medium,7.7,Yes,No,Average,Paid,0,Not Dropout
S05268,16,Male,33,54,Low,14.5,No,No,Average,Paid,2,Not Dropout
S05269,12,Male,78,41,Low,6.4,No,Yes,Good,Unpaid,0,Dropout
S05270,17,Female,79,51,Low,15.8,No,No,Average,Paid,5,Not Dropout
S05271,13,Female,72,33,High,12.9,No,No,Good,Unpaid,3,Not Dropout
S05272,15,Male,73,53,Medium,10.8,No,No,Poor,Unpaid,2,Not Dropout
S05273,18,Male,41,25,Low,9.7,Yes,No,Good,Paid,4,Dropout
S05274,17,Male,58,28,Low,1.4,Yes,Yes,Good,Paid,5,Dropout
S05275,11,Male,36,94,Medium,1.0,No,No,Average,Unpaid,4,Not Dropout
S05276,13,Male,39,43,High,0.8,No,Yes,Average,Paid,4,Dropout
S05277,15,Male,65,42,High,1.6,Yes,Yes,Average,Paid,5,Dropout
S05278,18,Female,30,92,Medium,19.6,Yes,Yes,Average,Overdue (3+ Months),0,Dropout
S05279,15,Female,50,43,High,18.1,No,Yes,Poor,Paid,3,Not Dropout
S05280,18,Female,96,60,Low,3.2,Yes,Yes,Good,Paid,0,Not Dropout
S05281,14,Female,89,37,High,15.4,No,No,Good,Paid,2,Not Dropout
S05282,11,Female,82,23,High,9.5,No,No,Average,Paid,4,Not Dropout
S05283,13,Female,65,32,Low,2.0,Yes,No,Poor,Paid,0,Dropout
S05284,17,Female,84,47,Low,4.0,Yes,Yes,Average,Unpaid,0,Dropout
S05285,12,Female,59,96,Low,10.6,Yes,Yes,Good,Overdue (3+ Months),0,Dropout
S05286,15,Female,37,66,High,18.3,No,Yes,Average,Paid,3,Not Dropout
S05287,17,Male,64,32,Medium,14.7,Yes,No,Good,Paid,2,Not Dropout
S05288,15,Male,67,46,High,16.2,No,No,Good,Paid,1,Not Dropout
S05289,15,Female,90,37,High,16.9,No,No,Good,Unpaid,2,Not Dropout
S05290,13,Female,91,85,Low,7.6,Yes,No,Good,Unpaid,4,Dropout
S05291,18,Male,77,100,Medium,16.2,No,No,Poor,Paid,5,Not Dropout
S05292,18,Female,63,91,High,18.8,No,No,Poor,Paid,5,Not Dropout
S05293,16,Female,88,42,High,6.4,No,No,Average,Unpaid,3,Not Dropout
S05294,12,Female,31,90,High,7.8,No,Yes,Poor,Paid,2,Not Dropout
S05295,15,Female,66,33,High,20.0,Yes,No,Poor,Paid,3,Not Dropout
S05296,12,Female,30,100,Low,14.6,Yes,No,Poor,Unpaid,5,Dropout
S05297,17,Female,42,46,High,1.5,No,No,Poor,Unpaid,4,Dropout
S05298,18,Male,70,31,High,16.5,No,No,Good,Unpaid,2,Not Dropout
S05299,18,Male,42,25,High,8.3,Yes,Yes,Average,Paid,5,Dropout
S05300,14,Male,74,86,Medium,11.2,Yes,No,Average,Overdue (3+ Months),1,Not Dropout
S05301,12,Male,95,41,Low,12.3,No,Yes,Poor,Paid,2,Dropout
S05302,16,Female,33,37,Low,17.9,No,Yes,Good,Unpaid,5,Dropout
S05303,17,Female,71,79,High,13.1,Yes,No,Good,Paid,4,Not Dropout
S05304,17,Female,92,26,High,4.8,Yes,Yes,Poor,Unpaid,4,Dropout
S05305,17,Male,85,32,Low,0.7,No,Yes,Poor,Paid,5,Dropout
S05306,13,Female,55,47,High,4.5,No,No,Poor,Paid,5,Not Dropout
S05307,17,Male,92,70,Medium,11.3,Yes,No,Good,Unpaid,5,Not Dropout
S05308,12,Male,96,63,Medium,1.7,No,Yes,Average,Unpaid,5,Not Dropout
S05309,12,Male,92,78,High,18.0,Yes,No,Poor,Overdue (3+ Months),0,Not Dropout
S05310,14,Male,82,49,High,15.0,Yes,No,Good,Overdue (3+ Months),1,Not Dropout
S05311,18,Female,50,21,Low,8.7,No,No,Good,Paid,1,Not Dropout
S05312,13,Female,46,33,Low,7.7,Yes,Yes,Poor,Overdue (3+ Months),3,Dropout
S05313,11,Female,48,84,High,5.7,No,Yes,Average,Paid,1,Not Dropout
S05314,18,Male,91,54,Medium,2.7,Yes,No,Good,Paid,3,Not Dropout
S05315,15,Male,62,88,Low,1.4,Yes,No,Good,Paid,0,Not Dropout
S05316,17,Female,81,96,Low,13.4,No,Yes,Good,Paid,5,Not Dropout
S05317,17,Female,74,79,Low,9.5,No,Yes,Good,Paid,3,Not Dropout
S05318,16,Male,37,38,Low,14.0,Yes,No,Poor,Paid,2,Dropout
S05319,14,Male,37,57,High,19.8,No,No,Good,Paid,5,Not Dropout
S05320,15,Male,91,65,Medium,11.3,Yes,No,Good,Paid,2,Not Dropout
S05321,16,Male,47,43,High,1.8,Yes,Yes,Good,Paid,3,Not Dropout
S05322,14,Female,57,74,Low,7.3,No,No,Average,Paid,1,Not Dropout
S05323,17,Female,92,65,High,12.4,Yes,No,Average,Overdue (3+ Months),4,Not Dropout
S05324,11,Male,55,79,Low,10.9,Yes,No,Average,Paid,2,Not Dropout
S05325,17,Male,73,31,High,0.7,No,Yes,Good,Paid,1,Not Dropout
S05326,13,Female,34,37,High,2.0,No,No,Average,Unpaid,3,Not Dropout
S05327,16,Male,84,38,Low,13.2,No,No,Average,Paid,5,Not Dropout
S05328,18,Male,53,64,Medium,19.0,No,Yes,Average,Paid,4,Not Dropout
S05329,16,Male,62,61,High,8.8,Yes,No,Good,Paid,3,Not Dropout
S05330,14,Female,55,71,High,3.2,No,No,Average,Unpaid,2,Not Dropout
S05331,11,Male,31,26,High,12.2,Yes,Yes,Average,Unpaid,3,Dropout
S05332,15,Female,87,23,Low,2.4,No,No,Average,Unpaid,5,Dropout
S05333,14,Female,76,47,Medium,18.1,No,Yes,Good,Overdue (3+ Months),4,Dropout
S05334,16,Female,51,48,Low,12.0,Yes,No,Average,Paid,1,Not Dropout
S05335,11,Male,85,86,High,11.2,Yes,Yes,Poor,Paid,3,Not Dropout
S05336,14,Male,81,36,Low,14.5,No,No,Average,Paid,5,Not Dropout
S05337,18,Female,67,29,Low,18.1,Yes,No,Good,Paid,4,Dropout
S05338,15,Female,56,25,Medium,1.6,Yes,Yes,Average,Unpaid,1,Dropout
S05339,13,Male,41,50,High,14.5,No,No,Average,Paid,1,Not Dropout
S05340,16,Female,48,40,Low,4.7,No,No,Poor,Overdue (3+ Months),5,Dropout
S05341,15,Female,42,93,Medium,2.7,No,Yes,Poor,Unpaid,2,Dropout
S05342,11,Female,36,28,High,19.4,Yes,Yes,Poor,Overdue (3+ Months),3,Dropout
S05343,18,Male,68,78,High,13.5,No,Yes,Poor,Paid,5,Not Dropout
S05344,13,Female,71,88,Low,19.1,Yes,Yes,Average,Paid,0,Not Dropout
S05345,18,Female,49,80,Low,5.5,No,Yes,Good,Overdue (3+ Months),5,Dropout
S05346,16,Female,45,63,High,1.1,Yes,No,Average,Paid,2,Not Dropout
S05347,11,Male,86,54,Medium,9.3,No,No,Poor,Unpaid,0,Not Dropout
S05348,12,Male,53,39,Medium,10.9,Yes,No,Poor,Paid,5,Dropout
S05349,13,Male,86,67,High,11.5,Yes,No,Good,Overdue (3+ Months),3,Not Dropout
S05350,13,Male,85,27,Low,1.3,No,Yes,Good,Paid,5,Dropout
S05351,18,Male,98,92,Medium,10.5,No,Yes,Average,Paid,2,Not Dropout
S05352,11,Female,47,42,Low,4.6,No,No,Good,Paid,1,Not Dropout
S05353,12,Male,90,85,Medium,0.6,No,Yes,Poor,Paid,0,Not Dropout
S05354,17,Female,56,35,Medium,18.9,No,Yes,Average,Paid,0,Not Dropout
S05355,13,Male,68,99,High,13.0,Yes,Yes,Average,Unpaid,2,Not Dropout
S05356,18,Male,84,50,Low,10.2,No,Yes,Average,Paid,4,Not Dropout
S05357,13,Female,83,83,Medium,6.8,No,No,Poor,Paid,3,Not Dropout
S05358,15,Female,58,82,Medium,1.4,No,Yes,Good,Paid,4,Not Dropout
S05359,17,Male,50,98,High,4.4,Yes,No,Good,Paid,3,Not Dropout
S05360,16,Female,84,78,High,10.1,No,No,Good,Overdue (3+ Months),3,Not Dropout
S05361,16,Female,46,72,Low,19.8,No,Yes,Average,Paid,5,Not Dropout
S05362,13,Male,38,50,Low,5.9,No,No,Good,Unpaid,2,Not Dropout
S05363,17,Male,41,60,Medium,4.6,Yes,Yes,Good,Unpaid,2,Dropout
S05364,16,Male,71,42,Low,12.3,No,Yes,Good,Paid,5,Dropout
S05365,12,Male,59,39,High,19.4,Yes,No,Average,Paid,3,Not Dropout
S05366,16,Female,96,34,High,15.8,Yes,No,Good,Paid,4,Not Dropout
S05367,14,Female,97,65,High,9.5,Yes,Yes,Good,Overdue (3+ Months),2,Not Dropout
S05368,17,Female,62,73,Low,9.8,No,Yes,Poor,Overdue (3+ Months),4,Dropout
S05369,17,Female,81,70,High,3.2,No,No,Poor,Paid,2,Not Dropout
S05370,11,Female,30,46,Low,12.2,Yes,No,Good,Overdue (3+ Months),1,Dropout
S05371,13,Male,85,60,High,18.7,Yes,No,Average,Paid,0,Not Dropout
S05372,11,Male,47,73,Medium,6.4,Yes,Yes,Poor,Overdue (3+ Months),1,Dropout
S05373,11,Male,74,57,Low,0.5,Yes,No,Poor,Paid,2,Not Dropout
S05374,12,Male,98,36,Medium,7.1,No,Yes,Average,Paid,3,Not Dropout
S05375,13,Female,63,41,Medium,1.8,Yes,No,Average,Paid,1,Not Dropout
S05376,13,Female,60,51,Medium,17.6,Yes,No,Average,Paid,1,Not Dropout
S05377,17,Female,39,20,Low,3.7,Yes,No,Average,Paid,3,Dropout
S05378,18,Male,63,79,Low,7.7,Yes,No,Average,Paid,4,Not Dropout
S05379,11,Female,49,75,Medium,8.2,No,Yes,Average,Paid,2,Not Dropout
S05380,18,Female,83,28,High,2.0,No,Yes,Poor,Overdue (3+ Months),4,Dropout
S05381,11,Male,45,93,High,18.2,Yes,No,Average,Paid,5,Not Dropout
S05382,12,Male,83,70,High,16.8,No,Yes,Average,Unpaid,1,Not Dropout
S05383,13,Male,81,69,High,4.0,No,No,Average,Unpaid,0,Not Dropout
S05384,12,Female,86,35,Low,19.8,No,No,Average,Overdue (3+ Months),0,Not Dropout
S05385,11,Female,37,58,Medium,10.8,No,No,Good,Paid,0,Not Dropout
S05386,15,Male,72,95,High,14.9,Yes,Yes,Poor,Paid,5,Dropout
S05387,13,Female,92,59,High,4.0,No,Yes,Average,Paid,4,Not Dropout
S05388,15,Female,96,35,High,6.5,No,No,Average,Unpaid,4,Not Dropout
S05389,13,Male,74,27,Low,7.5,No,Yes,Poor,Paid,0,Dropout
S05390,17,Female,67,32,High,15.5,No,Yes,Good,Overdue (3+ Months),3,Not Dropout
S05391,17,Male,82,41,Medium,2.2,No,Yes,Good,Unpaid,1,Not Dropout
S05392,12,Male,67,36,Low,4.2,No,No,Average,Paid,4,Not Dropout
S05393,16,Male,59,74,Low,14.0,No,No,Poor,Overdue (3+ Months),0,Not Dropout
S05394,16,Female,87,74,High,6.5,No,No,Good,Paid,4,Not Dropout
S05395,15,Female,58,26,Low,1.7,Yes,No,Average,Paid,1,Not Dropout
S05396,17,Male,45,95,Medium,4.7,Yes,Yes,Poor,Paid,5,Dropout
S05397,15,Male,43,51,Medium,6.4,No,Yes,Good,Paid,4,Not Dropout
S05398,14,Female,34,96,Low,16.1,No,No,Good,Overdue (3+ Months),5,Dropout
S05399,14,Male,59,27,High,1.4,Yes,No,Good,Paid,4,Not Dropout
S05400,11,Female,87,50,Medium,9.1,No,Yes,Poor,Paid,1,Not Dropout
S05401,17,Male,97,81,Low,10.0,Yes,Yes,Good,Unpaid,4,Dropout
S05402,18,Female,35,39,Low,16.6,Yes,No,Good,Paid,4,Dropout
S05403,16,Female,61,49,High,6.4,No,No,Good,Paid,0,Not Dropout
S05404,17,Female,57,55,Medium,1.1,No,Yes,Poor,Unpaid,4,Dropout
S05405,17,Female,85,47,High,1.9,No,Yes,Good,Paid,2,Not Dropout
S05406,15,Male,38,61,High,1.3,No,No,Good,Paid,3,Not Dropout
S05407,11,Female,56,34,High,19.9,No,Yes,Good,Paid,4,Not Dropout
S05408,11,Female,44,69,Low,19.8,Yes,Yes,Poor,Paid,4,Dropout
S05409,16,Male,68,58,Low,6.1,Yes,Yes,Poor,Paid,4,Dropout
S05410,14,Female,62,79,Low,2.5,No,Yes,Poor,Paid,4,Dropout
S05411,16,Male,73,48,Low,10.0,No,No,Good,Unpaid,3,Not Dropout
S05412,18,Male,58,68,Low,18.1,No,No,Good,Paid,3,Not Dropout
S05413,17,Male,44,35,Medium,1.4,No,No,Average,Paid,5,Not Dropout
S05414,17,Female,53,98,Low,17.6,No,No,Good,Paid,2,Not Dropout
S05415,18,Male,84,61,High,14.2,Yes,Yes,Average,Paid,2,Not Dropout
S05416,18,Female,84,92,Low,0.8,No,No,Good,Paid,2,Not Dropout
S05417,17,Male,84,30,Low,8.8,No,No,Poor,Paid,2,Not Dropout
S05418,13,Female,60,86,High,15.1,Yes,Yes,Average,Paid,2,Not Dropout
S05419,11,Female,38,31,Medium,8.3,Yes,No,Average,Overdue (3+ Months),4,Dropout
S05420,18,Female,38,88,Low,13.5,No,Yes,Average,Unpaid,1,Dropout
S05421,13,Female,84,95,Medium,15.2,Yes,Yes,Average,Paid,4,Not Dropout
S05422,18,Male,66,20,Low,11.0,No,Yes,Good,Paid,3,Not Dropout
S05423,11,Male,75,45,High,7.4,Yes,No,Poor,Paid,1,Not Dropout
S05424,17,Female,48,55,Low,12.0,Yes,No,Good,Paid,2,Not Dropout
S05425,11,Female,87,87,Medium,7.9,Yes,Yes,Average,Overdue (3+ Months),5,Dropout
S05426,12,Female,85,44,High,11.4,Yes,Yes,Average,Paid,4,Dropout
S05427,15,Male,67,57,Low,18.3,Yes,No,Poor,Paid,1,Not Dropout
S05428,11,Male,74,20,Medium,1.8,No,Yes,Good,Unpaid,3,Not Dropout
S05429,12,Female,73,71,Medium,9.2,No,Yes,Good,Paid,4,Not Dropout
S05430,11,Male,85,85,High,0.7,No,Yes,Poor,Paid,2,Not Dropout
S05431,14,Female,98,29,Low,10.7,Yes,No,Average,Paid,1,Not Dropout
S05432,15,Female,45,89,High,13.6,No,Yes,Average,Paid,0,Not Dropout
S05433,15,Male,71,67,Low,11.0,No,No,Good,Overdue (3+ Months),3,Not Dropout
S05434,14,Male,79,77,Low,6.1,Yes,No,Average,Paid,2,Not Dropout
S05435,11,Female,87,22,Low,5.2,No,Yes,Poor,Paid,4,Dropout
S05436,17,Female,90,93,Medium,14.3,Yes,No,Poor,Paid,5,Not Dropout
S05437,11,Male,97,73,Medium,11.4,No,No,Average,Paid,5,Not Dropout
S05438,17,Female,72,87,Medium,11.5,No,No,Good,Paid,2,Not Dropout
S05439,18,Female,61,22,Low,1.2,Yes,Yes,Poor,Unpaid,1,Dropout
S05440,17,Male,30,98,Medium,11.5,No,No,Good,Paid,5,Not Dropout
S05441,12,Female,58,50,High,7.6,Yes,Yes,Average,Paid,0,Not Dropout
S05442,17,Male,69,40,High,9.8,Yes,Yes,Good,Paid,5,Dropout
S05443,17,Male,50,32,Medium,5.7,No,Yes,Good,Overdue (3+ Months),0,Not Dropout
S05444,11,Male,66,88,Low,1.9,No,Yes,Poor,Paid,0,Not Dropout
S05445,14,Female,62,41,High,19.4,Yes,Yes,Good,Paid,1,Not Dropout
S05446,14,Male,91,90,Medium,17.9,No,Yes,Good,Paid,4,Not Dropout
S05447,11,Female,87,92,Low,5.1,No,No,Good,Paid,1,Not Dropout
S05448,17,Female,85,93,Low,11.5,Yes,Yes,Good,Paid,3,Not Dropout
S05449,16,Female,92,21,Medium,10.8,No,No,Average,Overdue (3+ Months),2,Not Dropout
S05450,14,Female,78,79,Low,0.6,Yes,No,Average,Unpaid,3,Not Dropout
S05451,16,Female,72,99,Low,13.5,No,Yes,Average,Paid,1,Not Dropout
S05452,14,Male,91,60,Medium,18.2,No,Yes,Average,Paid,1,Not Dropout
S05453,15,Female,91,41,High,4.8,Yes,Yes,Good,Unpaid,2,Dropout
S05454,14,Female,49,97,High,13.3,No,No,Poor,Paid,4,Not Dropout
S05455,13,Male,34,68,Low,1.0,No,No,Poor,Paid,1,Not Dropout
S05456,13,Male,95,98,High,19.5,Yes,Yes,Good,Paid,4,Not Dropout
S05457,14,Female,43,68,Medium,19.6,No,Yes,Average,Paid,5,Not Dropout
S05458,13,Female,43,59,High,18.5,Yes,No,Poor,Overdue (3+ Months),0,Dropout
S05459,11,Male,88,30,Low,3.1,No,Yes,Good,Unpaid,1,Dropout
S05460,15,Male,49,53,Medium,10.9,No,No,Good,Overdue (3+ Months),1,Not Dropout
S05461,17,Female,40,26,Medium,2.6,Yes,Yes,Average,Unpaid,1,Dropout
S05462,11,Female,74,100,Low,16.1,Yes,No,Average,Paid,0,Not Dropout
S05463,18,Female,77,99,High,9.9,No,No,Good,Unpaid,0,Not Dropout
S05464,14,Female,43,21,Medium,13.2,No,Yes,Average,Paid,3,Not Dropout
S05465,12,Female,80,67,Medium,8.0,Yes,No,Poor,Paid,0,Not Dropout
S05466,16,Male,44,32,Medium,14.5,Yes,No,Good,Paid,1,Not Dropout
S05467,13,Male,59,61,High,4.2,No,Yes,Average,Unpaid,0,Not Dropout
S05468,11,Female,62,21,High,3.5,Yes,No,Good,Overdue (3+ Months),3,Not Dropout
S05469,16,Male,96,82,Low,9.0,Yes,Yes,Good,Unpaid,3,Dropout
S05470,13,Male,92,43,Medium,5.2,Yes,No,Good,Paid,1,Not Dropout
S05471,13,Male,74,73,High,3.9,Yes,No,Average,Paid,1,Not Dropout
S05472,12,Female,46,75,Low,19.4,No,No,Good,Unpaid,2,Not Dropout
S05473,11,Male,85,74,Medium,15.5,Yes,No,Average,Paid,0,Not Dropout
S05474,15,Male,91,90,Medium,13.6,Yes,No,Poor,Paid,0,Not Dropout
S05475,13,Female,47,57,Medium,0.9,No,Yes,Good,Paid,5,Not Dropout
S05476,18,Female,41,30,Low,11.7,Yes,No,Average,Paid,1,Dropout
S05477,13,Male,95,97,High,6.0,No,Yes,Good,Unpaid,0,Not Dropout
S05478,13,Male,75,72,High,7.1,No,Yes,Average,Paid,1,Not Dropout
S05479,11,Female,90,57,Medium,8.7,Yes,Yes,Good,Paid,3,Not Dropout
S05480,18,Male,34,95,Medium,15.1,No,Yes,Poor,Paid,2,Not Dropout
S05481,13,Male,33,24,Low,11.0,Yes,Yes,Good,Paid,1,Dropout
S05482,11,Female,48,31,Medium,12.2,No,No,Average,Paid,3,Not Dropout
S05483,16,Female,36,27,High,10.3,No,Yes,Average,Paid,3,Not Dropout
S05484,13,Male,95,37,Low,16.6,No,No,Average,Paid,5,Not Dropout
S05485,18,Male,51,35,Low,0.8,No,No,Poor,Paid,1,Not Dropout
S05486,14,Female,81,91,High,19.1,No,No,Good,Paid,3,Not Dropout
S05487,16,Female,61,24,Low,17.3,Yes,Yes,Poor,Paid,5,Dropout
S05488,11,Female,40,96,Low,5.6,Yes,No,Good,Paid,1,Not Dropout
S05489,12,Female,63,68,Low,18.3,Yes,No,Average,Paid,1,Not Dropout
S05490,13,Female,72,60,Medium,9.3,No,Yes,Poor,Paid,1,Not Dropout
S05491,12,Male,86,99,Low,10.2,Yes,Yes,Poor,Unpaid,3,Dropout
S05492,13,Female,73,86,Low,7.5,No,Yes,Poor,Unpaid,1,Dropout
S05493,17,Male,83,29,Low,2.0,No,No,Good,Paid,0,Not Dropout
S05494,13,Male,55,77,Low,2.6,No,No,Good,Unpaid,3,Not Dropout
S05495,12,Male,38,27,High,13.0,Yes,No,Good,Paid,2,Not Dropout
S05496,12,Female,55,53,Medium,17.5,Yes,Yes,Poor,Paid,1,Not Dropout
S05497,12,Male,51,90,High,8.5,Yes,No,Poor,Paid,3,Not Dropout
S05498,17,Male,70,93,Medium,19.2,Yes,No,Good,Paid,0,Not Dropout
S05499,13,Female,49,54,Low,4.8,No,Yes,Average,Paid,5,Not Dropout
S05500,14,Female,30,63,High,4.5,No,Yes,Average,Unpaid,0,Not Dropout
S05501,12,Male,86,84,Medium,15.2,No,Yes,Poor,Unpaid,3,Not Dropout
S05502,17,Male,48,41,Low,9.2,Yes,Yes,Average,Paid,2,Dropout
S05503,18,Male,51,74,High,4.8,Yes,Yes,Average,Unpaid,5,Dropout
S05504,16,Female,42,47,Medium,11.7,No,No,Poor,Paid,0,Not Dropout
S05505,15,Female,98,27,High,16.1,No,No,Poor,Paid,3,Not Dropout
S05506,17,Female,43,20,Low,6.7,No,No,Good,Paid,5,Dropout
S05507,18,Female,39,34,High,18.7,Yes,Yes,Poor,Paid,0,Dropout
S05508,11,Male,45,57,Medium,16.1,No,Yes,Average,Overdue (3+ Months),2,Not Dropout
S05509,12,Female,67,22,High,12.8,No,No,Good,Paid,5,Not Dropout
S05510,12,Male,68,85,Low,16.6,Yes,No,Good,Paid,0,Not Dropout
S05511,13,Male,71,69,Low,17.2,No,Yes,Good,Paid,4,Not Dropout
S05512,11,Female,57,54,High,7.2,No,No,Average,Overdue (3+ Months),2,Not Dropout
S05513,18,Female,58,79,High,13.2,Yes,Yes,Poor,Overdue (3+ Months),2,Dropout
S05514,12,Female,42,74,Medium,12.8,Yes,No,Poor,Unpaid,0,Dropout
S05515,18,Female,31,23,Medium,8.3,Yes,Yes,Poor,Paid,5,Dropout
S05516,14,Female,84,36,High,10.1,No,Yes,Good,Paid,4,Not Dropout
S05517,12,Male,86,71,High,3.1,Yes,No,Good,Unpaid,3,Not Dropout
S05518,16,Male,52,80,Low,17.3,Yes,Yes,Average,Overdue (3+ Months),2,Dropout
S05519,12,Male,87,97,High,16.5,Yes,No,Average,Paid,1,Not Dropout
S05520,14,Male,86,24,Medium,14.8,No,Yes,Good,Paid,2,Not Dropout
S05521,11,Male,30,24,Medium,7.6,No,Yes,Good,Overdue (3+ Months),4,Dropout
S05522,14,Female,49,78,Low,1.3,No,Yes,Average,Unpaid,1,Not Dropout
S05523,12,Male,66,32,Low,16.7,Yes,Yes,Average,Paid,0,Dropout
S05524,14,Female,49,75,Low,11.2,No,No,Average,Overdue (3+ Months),5,Not Dropout
S05525,12,Male,79,23,Medium,12.9,No,Yes,Average,Paid,2,Not Dropout
S05526,13,Female,44,78,High,5.6,No,No,Good,Paid,2,Not Dropout
S05527,11,Female,59,63,High,16.5,No,Yes,Good,Paid,4,Not Dropout
S05528,11,Female,64,20,Low,1.9,No,Yes,Good,Overdue (3+ Months),1,Dropout
S05529,13,Female,95,54,High,2.8,Yes,Yes,Good,Unpaid,5,Dropout
S05530,14,Male,49,90,High,17.7,No,No,Poor,Overdue (3+ Months),2,Not Dropout
S05531,12,Female,35,96,High,12.1,No,No,Poor,Unpaid,4,Dropout
S05532,11,Female,45,31,Low,18.4,Yes,No,Poor,Overdue (3+ Months),3,Dropout
S05533,13,Male,79,100,High,2.9,No,No,Average,Paid,4,Not Dropout
S05534,17,Male,78,88,Medium,7.0,Yes,Yes,Average,Overdue (3+ Months),2,Not Dropout
S05535,16,Female,79,96,Medium,4.1,Yes,Yes,Poor,Paid,5,Dropout
S05536,18,Male,98,25,High,13.5,No,Yes,Good,Paid,4,Not Dropout
S05537,12,Male,55,78,High,1.8,Yes,No,Poor,Paid,1,Not Dropout
S05538,12,Male,58,70,Medium,11.8,No,Yes,Good,Paid,1,Not Dropout
S05539,18,Male,62,70,High,10.8,No,Yes,Good,Unpaid,1,Not Dropout
S05540,15,Female,51,81,Medium,10.2,No,Yes,Poor,Unpaid,3,Not Dropout
S05541,12,Female,62,91,Low,11.9,No,Yes,Good,Unpaid,2,Not Dropout
S05542,14,Male,90,37,High,8.2,Yes,Yes,Good,Paid,4,Dropout
S05543,17,Male,67,36,High,17.0,No,No,Poor,Paid,4,Not Dropout
S05544,12,Female,43,87,Low,18.8,Yes,No,Poor,Paid,0,Dropout
S05545,15,Female,98,24,Medium,5.4,Yes,No,Average,Paid,2,Not Dropout
S05546,16,Male,98,75,Medium,5.1,Yes,Yes,Average,Paid,2,Not Dropout
S05547,15,Female,48,69,High,15.4,Yes,No,Poor,Paid,2,Not Dropout
S05548,14,Male,73,49,Medium,15.6,Yes,No,Good,Paid,2,Not Dropout
S05549,15,Female,79,61,Medium,8.3,Yes,No,Good,Paid,1,Not Dropout
S05550,11,Male,67,86,Medium,10.9,Yes,No,Poor,Paid,0,Not Dropout
S05551,15,Male,72,93,Medium,16.8,No,Yes,Average,Paid,3,Not Dropout
S05552,15,Female,63,34,Low,6.6,No,No,Average,Unpaid,4,Dropout
S05553,11,Female,60,70,Low,14.9,Yes,Yes,Good,Paid,5,Dropout
S05554,18,Male,67,61,High,12.6,No,Yes,Good,Unpaid,0,Not Dropout
S05555,14,Male,96,66,High,2.2,No,No,Good,Unpaid,4,Not Dropout
S05556,13,Male,38,62,High,18.9,No,Yes,Poor,Paid,0,Not Dropout
S05557,13,Female,69,98,Low,5.5,No,Yes,Good,Unpaid,5,Dropout
S05558,15,Female,64,22,Low,4.7,No,Yes,Good,Overdue (3+ Months),4,Dropout
S05559,15,Female,57,24,Low,8.0,Yes,No,Poor,Paid,2,Dropout
S05560,12,Female,73,43,Medium,7.9,No,No,Good,Paid,4,Not Dropout
S05561,16,Male,62,97,Low,6.4,Yes,No,Good,Paid,2,Not Dropout
S05562,17,Female,44,26,Low,6.2,Yes,No,Average,Unpaid,1,Dropout
S05563,11,Male,97,48,High,15.5,No,No,Average,Unpaid,3,Not Dropout
S05564,18,Male,69,41,Medium,10.6,Yes,Yes,Good,Paid,0,Not Dropout
S05565,12,Female,98,20,Low,3.8,No,Yes,Good,Paid,0,Not Dropout
S05566,13,Male,67,58,Low,2.7,Yes,No,Good,Unpaid,2,Not Dropout
S05567,17,Male,97,64,High,15.1,No,No,Average,Paid,2,Not Dropout
S05568,11,Female,84,67,Low,16.2,Yes,No,Average,Overdue (3+ Months),2,Not Dropout
S05569,14,Female,84,65,High,19.6,No,No,Average,Paid,3,Not Dropout
S05570,16,Male,71,85,High,14.0,Yes,No,Poor,Paid,3,Not Dropout
S05571,17,Male,49,39,Medium,9.4,No,No,Average,Unpaid,4,Not Dropout
S05572,15,Male,74,53,High,7.3,Yes,Yes,Good,Paid,4,Not Dropout
S05573,12,Female,72,70,Low,13.3,Yes,No,Average,Paid,3,Not Dropout
S05574,12,Male,38,71,High,11.8,No,No,Average,Paid,3,Not Dropout
S05575,16,Male,45,59,High,13.0,Yes,Yes,Poor,Paid,4,Dropout
S05576,15,Male,74,48,Low,19.2,No,No,Average,Paid,4,Not Dropout
S05577,15,Male,83,73,Medium,13.8,Yes,No,Good,Unpaid,1,Not Dropout
S05578,16,Male,65,77,High,5.5,Yes,No,Good,Paid,4,Not Dropout
S05579,17,Female,59,52,Medium,18.4,No,Yes,Good,Paid,2,Not Dropout
S05580,11,Female,68,90,Low,14.6,No,No,Average,Paid,2,Not Dropout
S05581,18,Female,84,99,Low,15.9,Yes,No,Average,Paid,3,Not Dropout
S05582,11,Male,68,44,High,4.1,Yes,Yes,Good,Paid,0,Not Dropout
S05583,11,Female,45,33,Low,5.4,No,Yes,Good,Paid,2,Not Dropout
S05584,13,Male,56,47,Low,5.2,No,No,Good,Paid,2,Not Dropout
S05585,11,Female,42,82,Medium,4.3,No,No,Good,Unpaid,4,Not Dropout
S05586,11,Female,87,47,Medium,13.8,No,No,Poor,Overdue (3+ Months),4,Dropout
S05587,13,Female,48,24,Low,17.9,Yes,No,Good,Paid,0,Not Dropout
S05588,15,Male,61,60,Medium,2.5,Yes,No,Poor,Paid,3,Not Dropout
S05589,16,Male,37,47,Medium,12.7,Yes,No,Average,Paid,2,Not Dropout
S05590,12,Male,31,38,High,6.7,Yes,No,Average,Paid,5,Dropout
S05591,11,Female,35,46,Medium,10.0,Yes,No,Average,Paid,5,Dropout
S05592,13,Female,86,45,High,14.9,No,Yes,Good,Unpaid,0,Not Dropout
S05593,11,Male,33,45,Medium,1.9,Yes,Yes,Average,Overdue (3+ Months),4,Dropout
S05594,17,Male,96,32,Low,6.0,No,No,Average,Paid,5,Not Dropout
S05595,17,Female,38,69,High,10.9,No,No,Average,Paid,1,Not Dropout
S05596,12,Female,93,86,Low,7.7,Yes,No,Poor,Unpaid,3,Dropout
S05597,14,Female,82,42,High,5.1,Yes,Yes,Average,Paid,2,Not Dropout
S05598,14,Male,34,49,Low,15.6,No,No,Average,Overdue (3+ Months),3,Dropout
S05599,17,Male,72,37,High,3.4,No,No,Average,Paid,4,Not Dropout
S05600,18,Female,98,95,Low,10.7,Yes,No,Good,Paid,5,Not Dropout
S05601,15,Male,82,77,Low,19.1,Yes,Yes,Poor,Paid,4,Dropout
S05602,17,Male,61,89,High,3.9,No,Yes,Poor,Paid,2,Not Dropout
S05603,18,Male,67,41,High,19.3,No,Yes,Average,Paid,0,Not Dropout
S05604,15,Female,74,61,High,17.2,No,No,Good,Unpaid,1,Not Dropout
S05605,15,Female,95,44,Medium,6.3,Yes,Yes,Good,Paid,3,Not Dropout
S05606,15,Male,81,31,Low,9.5,Yes,Yes,Good,Overdue (3+ Months),5,Dropout
S05607,14,Male,61,70,Medium,16.5,Yes,Yes,Good,Paid,1,Not Dropout
S05608,15,Female,58,37,Low,8.7,No,No,Good,Paid,0,Not Dropout
S05609,18,Male,72,82,High,18.7,No,No,Good,Paid,4,Not Dropout
S05610,16,Male,71,45,Medium,3.2,Yes,No,Average,Overdue (3+ Months),3,Not Dropout
S05611,15,Female,89,75,Low,3.3,No,No,Good,Overdue (3+ Months),4,Not Dropout
S05612,16,Male,73,66,Low,1.8,No,Yes,Average,Paid,1,Not Dropout
S05613,18,Female,32,41,Low,16.5,Yes,Yes,Average,Unpaid,3,Dropout
S05614,11,Male,41,85,High,12.2,Yes,No,Good,Paid,0,Not Dropout
S05615,17,Female,34,24,Medium,17.6,Yes,Yes,Poor,Paid,3,Dropout
S05616,13,Male,88,78,Low,9.2,No,Yes,Good,Paid,1,Not Dropout
S05617,16,Male,95,93,Low,4.5,No,Yes,Average,Paid,5,Not Dropout
S05618,18,Male,71,74,Medium,12.6,Yes,Yes,Poor,Overdue (3+ Months),2,Dropout
S05619,13,Female,30,65,Medium,7.5,Yes,No,Poor,Paid,2,Not Dropout
S05620,14,Female,70,48,Low,1.6,Yes,No,Average,Paid,4,Dropout
S05621,18,Male,34,82,Low,4.2,No,No,Average,Paid,1,Not Dropout
S05622,12,Male,61,86,Medium,1.1,No,Yes,Average,Overdue (3+ Months),1,Not Dropout
S05623,17,Female,64,63,High,4.7,No,No,Average,Paid,1,Not Dropout
S05624,17,Female,50,30,Low,1.8,Yes,Yes,Average,Paid,0,Dropout
S05625,14,Male,49,54,Medium,7.7,Yes,Yes,Average,Overdue (3+ Months),2,Not Dropout
S05626,11,Female,33,30,Low,4.6,No,Yes,Average,Unpaid,2,Dropout
S05627,17,Male,72,23,High,19.1,Yes,No,Good,Paid,0,Not Dropout
S05628,13,Male,33,58,Medium,1.9,No,Yes,Good,Paid,4,Not Dropout
S05629,17,Female,76,77,Low,9.3,No,No,Average,Unpaid,3,Not Dropout
S05630,12,Male,39,21,Medium,2.6,No,Yes,Good,Paid,4,Dropout
S05631,14,Male,32,57,High,14.7,No,Yes,Average,Paid,1,Not Dropout
S05632,15,Male,43,71,Medium,17.8,No,Yes,Poor,Paid,1,Not Dropout
S05633,12,Male,37,55,Medium,15.2,No,No,Average,Paid,5,Not Dropout
S05634,17,Male,92,59,High,9.6,No,Yes,Average,Paid,0,Not Dropout
S05635,18,Female,69,100,Medium,10.6,No,No,Average,Paid,2,Not Dropout
S05636,13,Male,54,48,High,12.2,No,No,Poor,Paid,4,Not Dropout
S05637,18,Male,96,34,Medium,10.7,No,Yes,Good,Overdue (3+ Months),0,Not Dropout
S05638,18,Male,98,84,Low,19.2,Yes,No,Average,Paid,1,Not Dropout
S05639,15,Female,90,93,Medium,13.2,No,Yes,Good,Overdue (3+ Months),0,Not Dropout
S05640,17,Female,45,88,Medium,8.5,Yes,Yes,Good,Overdue (3+ Months),2,Not Dropout
S05641,13,Female,30,23,Medium,10.7,No,Yes,Good,Paid,1,Not Dropout
S05642,13,Male,65,77,High,14.7,No,Yes,Good,Paid,2,Not Dropout
S05643,14,Female,40,87,High,15.3,No,No,Average,Paid,0,Not Dropout
S05644,11,Male,42,25,Low,15.8,No,No,Poor,Paid,0,Dropout
S05645,14,Female,43,73,Low,5.5,No,No,Good,Unpaid,3,Not Dropout
S05646,17,Female,51,23,Medium,9.5,Yes,Yes,Poor,Paid,0,Dropout
S05647,13,Male,74,92,Medium,11.8,No,No,Good,Overdue (3+ Months),3,Not Dropout
S05648,13,Female,33,72,High,17.9,No,Yes,Poor,Paid,2,Not Dropout
S05649,12,Female,32,27,High,15.0,Yes,No,Average,Paid,0,Not Dropout
S05650,11,Female,97,62,Medium,3.5,Yes,No,Good,Paid,3,Not Dropout
S05651,17,Male,33,69,Low,19.5,Yes,No,Good,Paid,4,Dropout
S05652,13,Female,96,40,Low,6.8,Yes,Yes,Average,Unpaid,5,Dropout
S05653,15,Female,86,59,Low,12.1,No,Yes,Good,Overdue (3+ Months),2,Not Dropout
S05654,13,Male,68,37,Low,5.5,Yes,No,Good,Paid,4,Dropout
S05655,11,Male,63,23,High,14.7,No,Yes,Average,Paid,3,Not Dropout
S05656,11,Male,71,31,Medium,10.2,Yes,Yes,Good,Overdue (3+ Months),3,Dropout
S05657,17,Male,56,89,Low,19.3,Yes,No,Good,Paid,2,Not Dropout
S05658,16,Male,87,58,Medium,2.4,No,No,Poor,Paid,3,Not Dropout
S05659,15,Male,44,40,Medium,6.2,Yes,No,Good,Unpaid,5,Dropout
S05660,15,Female,32,74,Low,10.5,No,No,Good,Paid,3,Not Dropout
S05661,11,Male,58,81,Medium,6.8,No,Yes,Good,Unpaid,2,Not Dropout
S05662,17,Male,83,41,Low,19.8,Yes,No,Good,Paid,5,Dropout
S05663,13,Female,39,87,Low,12.7,No,No,Good,Paid,0,Not Dropout
S05664,12,Female,76,45,Low,6.1,No,No,Average,Overdue (3+ Months),5,Dropout
S05665,14,Female,91,40,High,1.8,No,No,Good,Paid,0,Not Dropout
S05666,15,Female,66,85,High,5.5,No,Yes,Average,Paid,1,Not Dropout
S05667,14,Female,77,38,Medium,5.4,No,No,Good,Paid,0,Not Dropout
S05668,17,Male,93,46,High,4.3,No,Yes,Good,Paid,2,Not Dropout
S05669,17,Male,83,34,Low,17.3,Yes,No,Good,Unpaid,1,Dropout
S05670,13,Male,52,65,Medium,10.9,Yes,No,Good,Paid,1,Not Dropout
S05671,13,Male,82,87,High,1.0,Yes,No,Good,Overdue (3+ Months),2,Not Dropout
S05672,15,Female,77,99,High,16.7,Yes,Yes,Average,Paid,3,Not Dropout
S05673,15,Female,87,77,Low,4.7,No,Yes,Average,Paid,0,Not Dropout
S05674,11,Female,52,49,High,19.2,No,No,Average,Paid,1,Not Dropout
S05675,17,Female,65,23,High,12.3,Yes,No,Poor,Paid,0,Not Dropout
S05676,15,Male,68,40,High,12.9,No,Yes,Poor,Paid,4,Dropout
S05677,14,Male,62,93,High,9.8,Yes,No,Good,Paid,1,Not Dropout
S05678,15,Male,41,43,Medium,3.6,No,No,Good,Overdue (3+ Months),5,Dropout
S05679,18,Male,95,59,High,8.6,No,No,Poor,Paid,0,Not Dropout
S05680,15,Female,63,58,Low,14.9,Yes,No,Good,Paid,3,Not Dropout
S05681,15,Male,81,39,Low,13.5,No,Yes,Good,Paid,3,Not Dropout
S05682,13,Male,76,33,Low,17.6,No,Yes,Average,Paid,5,Dropout
S05683,15,Female,95,88,Low,10.2,No,Yes,Poor,Overdue (3+ Months),2,Dropout
S05684,16,Female,47,34,Medium,2.0,Yes,No,Good,Paid,2,Not Dropout
S05685,16,Female,98,21,Medium,10.8,Yes,Yes,Average,Paid,2,Not Dropout
S05686,15,Male,51,87,High,16.5,Yes,No,Good,Paid,1,Not Dropout
S05687,17,Male,79,54,Medium,13.0,Yes,Yes,Average,Unpaid,0,Not Dropout
S05688,15,Female,70,79,High,1.9,Yes,Yes,Good,Paid,0,Not Dropout
S05689,16,Male,56,48,Medium,14.0,No,Yes,Good,Paid,4,Not Dropout
S05690,18,Female,44,90,High,5.3,No,No,Good,Paid,0,Not Dropout
S05691,13,Male,55,66,Medium,19.3,Yes,No,Average,Unpaid,1,Not Dropout
S05692,14,Male,50,73,Low,13.0,No,No,Poor,Paid,0,Not Dropout
S05693,18,Female,79,29,Medium,6.5,Yes,Yes,Good,Paid,3,Not Dropout
S05694,13,Female,95,55,Low,10.2,No,Yes,Poor,Unpaid,2,Dropout
S05695,14,Female,43,92,Medium,6.3,Yes,No,Good,Paid,1,Not Dropout
S05696,13,Female,64,50,Low,3.1,No,Yes,Average,Unpaid,5,Dropout
S05697,15,Female,46,90,Low,2.4,Yes,No,Good,Unpaid,5,Dropout
S05698,14,Female,97,60,Medium,18.8,Yes,Yes,Average,Overdue (3+ Months),4,Dropout
S05699,13,Male,68,24,Medium,18.7,Yes,Yes,Good,Overdue (3+ Months),5,Dropout
S05700,18,Female,44,61,Medium,1.0,No,No,Good,Overdue (3+ Months),0,Not Dropout
S05701,18,Male,59,95,Low,0.7,No,Yes,Good,Unpaid,2,Not Dropout
S05702,11,Female,36,38,Low,5.4,Yes,No,Poor,Paid,5,Dropout
S05703,18,Female,54,98,Medium,3.9,Yes,No,Poor,Paid,0,Not Dropout
S05704,16,Male,64,25,High,13.7,Yes,No,Average,Overdue (3+ Months),2,Not Dropout
S05705,14,Female,69,92,Low,0.8,Yes,No,Average,Paid,4,Not Dropout
S05706,11,Female,30,52,High,19.7,Yes,No,Poor,Paid,5,Dropout
S05707,13,Female,42,93,Medium,8.1,Yes,No,Good,Paid,3,Not Dropout
S05708,18,Male,71,67,Low,6.1,No,No,Average,Paid,2,Not Dropout
S05709,14,Female,74,27,Medium,10.8,No,Yes,Poor,Paid,5,Dropout
S05710,11,Male,64,70,Low,4.2,Yes,No,Average,Overdue (3+ Months),3,Not Dropout
S05711,13,Male,90,91,Low,19.3,No,No,Good,Paid,3,Not Dropout
S05712,11,Male,67,61,Medium,0.7,Yes,Yes,Good,Paid,3,Not Dropout
S05713,18,Female,56,90,Low,1.1,No,Yes,Good,Paid,0,Not Dropout
S05714,16,Male,80,88,Low,14.5,Yes,Yes,Poor,Overdue (3+ Months),2,Dropout
S05715,17,Male,51,90,High,18.0,Yes,Yes,Poor,Unpaid,2,Dropout
S05716,15,Male,68,57,Low,8.7,No,Yes,Good,Paid,3,Not Dropout
S05717,12,Female,95,66,High,12.7,No,Yes,Good,Paid,5,Not Dropout
S05718,18,Female,70,44,High,16.3,No,No,Average,Unpaid,3,Not Dropout
S05719,12,Female,70,53,High,2.2,Yes,No,Poor,Paid,4,Not Dropout
S05720,15,Male,51,91,Low,8.3,No,No,Poor,Paid,2,Not Dropout
S05721,16,Male,47,91,High,6.7,No,No,Poor,Paid,2,Not Dropout
S05722,15,Female,53,24,Medium,13.9,No,No,Good,Unpaid,4,Not Dropout
S05723,15,Female,86,61,Medium,8.7,No,No,Average,Paid,4,Not Dropout
S05724,12,Female,76,52,Medium,18.5,No,No,Good,Paid,5,Not Dropout
S05725,13,Male,51,99,High,16.3,No,No,Good,Paid,0,Not Dropout
S05726,18,Female,51,61,Medium,5.9,Yes,No,Good,Paid,2,Not Dropout
S05727,11,Male,38,67,High,15.5,No,No,Average,Unpaid,0,Not Dropout
S05728,17,Male,85,47,Medium,1.6,Yes,Yes,Good,Paid,1,Not Dropout
S05729,15,Female,35,72,High,12.2,Yes,Yes,Average,Paid,3,Not Dropout
S05730,13,Female,43,81,High,12.0,Yes,No,Average,Unpaid,3,Not Dropout
S05731,17,Female,43,32,Medium,7.1,Yes,No,Poor,Paid,5,Dropout
S05732,17,Female,80,64,Medium,8.8,Yes,No,Good,Paid,1,Not Dropout
S05733,12,Female,98,53,Medium,12.9,No,Yes,Average,Overdue (3+ Months),0,Not Dropout
S05734,12,Female,77,73,Low,3.4,Yes,No,Average,Unpaid,4,Dropout
S05735,17,Male,47,27,Medium,16.9,Yes,Yes,Average,Paid,2,Not Dropout
S05736,17,Female,69,84,Medium,2.1,No,Yes,Good,Paid,2,Not Dropout
S05737,13,Male,36,39,Low,11.1,Yes,No,Good,Paid,4,Dropout
S05738,13,Male,47,50,Low,18.3,Yes,Yes,Good,Paid,4,Dropout
S05739,13,Male,98,34,Medium,19.0,Yes,Yes,Poor,Paid,5,Dropout
S05740,13,Male,89,21,Medium,8.6,Yes,No,Average,Paid,3,Not Dropout
S05741,15,Female,57,44,High,7.6,No,Yes,Good,Paid,0,Not Dropout
S05742,15,Female,44,30,Low,1.5,Yes,No,Good,Paid,1,Dropout
S05743,15,Female,48,83,Low,18.4,Yes,No,Average,Paid,4,Not Dropout
S05744,16,Female,91,24,High,4.0,Yes,Yes,Good,Paid,4,Dropout
S05745,14,Female,50,38,High,14.8,Yes,No,Good,Overdue (3+ Months),4,Dropout
S05746,17,Female,91,20,High,11.7,Yes,No,Average,Paid,3,Not Dropout
S05747,12,Male,93,79,Medium,15.0,No,Yes,Average,Unpaid,0,Not Dropout
S05748,12,Female,69,29,Low,3.4,No,No,Good,Overdue (3+ Months),2,Not Dropout
S05749,15,Male,37,83,Medium,8.1,No,Yes,Good,Paid,1,Not Dropout
S05750,16,Female,89,37,Low,5.0,Yes,Yes,Good,Paid,3,Dropout
S05751,15,Male,64,97,Medium,8.3,No,No,Average,Unpaid,2,Not Dropout
S05752,18,Female,45,74,Medium,6.8,No,Yes,Good,Paid,0,Not Dropout
S05753,15,Female,95,32,High,16.9,No,No,Poor,Paid,4,Not Dropout
S05754,17,Female,36,20,High,17.4,No,Yes,Average,Paid,1,Not Dropout
S05755,14,Male,33,68,High,18.5,No,No,Good,Paid,5,Not Dropout
S05756,18,Male,81,69,Low,1.9,No,No,Good,Paid,4,Not Dropout
S05757,13,Male,76,83,Medium,4.3,Yes,Yes,Average,Paid,0,Not Dropout
S05758,13,Female,57,60,Medium,13.9,Yes,Yes,Good,Overdue (3+ Months),1,Not Dropout
S05759,18,Male,91,92,Low,11.0,Yes,Yes,Average,Unpaid,0,Dropout
S05760,16,Female,89,70,Medium,11.3,Yes,No,Average,Paid,0,Not Dropout
S05761,13,Female,78,47,High,1.8,Yes,No,Average,Paid,2,Not Dropout
S05762,17,Female,97,33,Low,11.0,No,Yes,Average,Paid,3,Not Dropout
S05763,17,Female,37,54,High,17.6,Yes,No,Good,Unpaid,3,Not Dropout
S05764,18,Female,64,86,Medium,13.7,No,Yes,Average,Paid,2,Not Dropout
S05765,18,Male,49,82,High,19.0,Yes,Yes,Average,Paid,2,Not Dropout
S05766,14,Male,92,87,Low,4.9,Yes,No,Poor,Paid,4,Dropout
S05767,11,Female,84,61,Low,7.8,Yes,No,Good,Paid,3,Not Dropout
S05768,17,Female,53,68,Medium,17.1,No,No,Good,Paid,1,Not Dropout
S05769,16,Female,69,60,Low,1.4,No,Yes,Average,Unpaid,1,Not Dropout
S05770,11,Female,32,84,Medium,10.2,No,No,Poor,Overdue (3+ Months),2,Not Dropout
S05771,13,Male,81,49,Medium,8.5,Yes,Yes,Poor,Unpaid,3,Dropout
S05772,13,Female,44,78,Medium,7.6,No,Yes,Good,Overdue (3+ Months),0,Not Dropout
S05773,13,Male,58,74,High,4.9,Yes,Yes,Average,Overdue (3+ Months),3,Not Dropout
S05774,13,Male,68,62,Medium,16.7,No,Yes,Average,Paid,0,Not Dropout
S05775,15,Male,34,62,High,19.8,Yes,No,Average,Paid,0,Not Dropout
S05776,14,Male,78,68,Low,16.4,No,Yes,Good,Paid,0,Not Dropout
S05777,18,Male,69,39,High,13.9,Yes,Yes,Average,Unpaid,4,Dropout
S05778,18,Female,58,64,High,2.2,Yes,Yes,Good,Paid,1,Not Dropout
S05779,18,Male,31,92,Medium,1.6,No,Yes,Good,Paid,2,Not Dropout
S05780,13,Female,93,85,Medium,10.3,No,No,Poor,Paid,4,Not Dropout
S05781,15,Female,41,73,Low,9.8,No,Yes,Good,Unpaid,0,Dropout
S05782,11,Male,38,39,High,10.8,Yes,No,Average,Paid,3,Not Dropout
S05783,15,Male,47,28,Medium,1.8,No,Yes,Average,Paid,4,Not Dropout
S05784,15,Male,45,93,Low,4.9,No,Yes,Poor,Paid,4,Dropout
S05785,16,Male,61,79,Medium,9.5,No,No,Good,Paid,2,Not Dropout
S05786,16,Female,82,100,High,0.7,Yes,Yes,Average,Overdue (3+ Months),1,Not Dropout
S05787,18,Female,80,92,Low,17.0,Yes,Yes,Average,Overdue (3+ Months),2,Dropout
S05788,18,Male,62,50,Medium,15.0,Yes,Yes,Poor,Paid,4,Dropout
S05789,14,Male,87,20,Medium,7.9,No,Yes,Average,Paid,1,Not Dropout
S05790,14,Male,72,65,Medium,12.1,No,Yes,Average,Paid,3,Not Dropout
S05791,14,Male,85,30,Medium,7.6,Yes,Yes,Good,Unpaid,1,Dropout
S05792,15,Female,76,59,Medium,18.3,No,Yes,Average,Paid,0,Not Dropout
S05793,15,Female,59,76,Medium,11.0,Yes,No,Poor,Paid,4,Not Dropout
S05794,12,Male,85,58,Low,19.3,No,Yes,Average,Paid,3,Not Dropout
S05795,17,Female,59,34,High,15.9,No,Yes,Average,Paid,5,Not Dropout
S05796,17,Female,84,85,Medium,3.7,No,Yes,Good,Paid,0,Not Dropout
S05797,14,Male,34,55,Low,11.7,Yes,No,Poor,Unpaid,0,Dropout
S05798,12,Male,32,77,Medium,6.8,Yes,Yes,Poor,Paid,0,Dropout
S05799,15,Male,37,99,High,6.1,No,No,Good,Paid,2,Not Dropout
S05800,15,Female,74,97,Low,15.5,No,Yes,Average,Paid,3,Not Dropout
S05801,18,Female,31,36,Medium,6.7,Yes,Yes,Average,Paid,1,Dropout
S05802,12,Male,72,89,Medium,10.8,Yes,Yes,Good,Paid,5,Not Dropout
S05803,13,Female,85,55,High,14.5,Yes,No,Poor,Unpaid,3,Not Dropout
S05804,16,Male,45,90,High,0.5,No,Yes,Good,Paid,1,Not Dropout
S05805,15,Female,60,94,High,7.9,No,Yes,Average,Paid,5,Not Dropout
S05806,18,Female,51,33,Medium,7.9,Yes,Yes,Poor,Paid,4,Dropout
S05807,17,Male,63,94,High,8.2,No,No,Average,Paid,5,Not Dropout
S05808,15,Male,52,75,Low,19.9,No,No,Good,Paid,3,Not Dropout
S05809,15,Male,98,25,Medium,18.3,No,Yes,Good,Paid,1,Not Dropout
S05810,12,Female,39,85,Medium,10.3,No,No,Good,Paid,1,Not Dropout
S05811,15,Female,54,54,Low,12.7,No,Yes,Poor,Paid,2,Not Dropout
S05812,11,Female,97,95,Low,12.7,Yes,Yes,Poor,Paid,5,Dropout
S05813,18,Male,48,52,Low,19.8,No,Yes,Average,Overdue (3+ Months),1,Not Dropout
S05814,15,Female,80,82,Low,18.0,Yes,No,Poor,Paid,4,Dropout
S05815,11,Male,53,21,Low,14.2,Yes,No,Good,Paid,3,Not Dropout
S05816,17,Female,67,30,Medium,14.5,No,No,Average,Unpaid,4,Not Dropout
S05817,13,Male,37,65,Low,14.9,Yes,No,Good,Paid,2,Not Dropout
S05818,11,Male,49,77,High,16.5,No,No,Good,Paid,1,Not Dropout
S05819,18,Male,30,44,Medium,13.6,Yes,No,Good,Unpaid,2,Dropout
S05820,16,Female,74,67,Low,2.8,No,Yes,Good,Paid,0,Not Dropout
S05821,13,Male,51,52,High,11.4,No,Yes,Poor,Unpaid,2,Not Dropout
S05822,16,Female,87,65,High,17.6,Yes,No,Average,Paid,2,Not Dropout
S05823,12,Male,41,91,High,19.0,Yes,No,Average,Paid,3,Not Dropout
S05824,12,Female,64,80,Medium,16.1,Yes,No,Average,Paid,2,Not Dropout
S05825,14,Male,33,79,Low,2.4,No,No,Average,Overdue (3+ Months),5,Dropout
S05826,13,Male,78,44,Medium,9.1,No,Yes,Average,Unpaid,0,Not Dropout
S05827,15,Male,92,78,High,6.0,No,Yes,Poor,Paid,0,Not Dropout
S05828,13,Male,97,87,High,15.1,Yes,Yes,Average,Paid,3,Not Dropout
S05829,12,Female,57,39,High,14.6,No,Yes,Good,Paid,1,Not Dropout
S05830,16,Female,31,56,Medium,10.8,No,No,Poor,Paid,2,Not Dropout
S05831,16,Male,89,91,Medium,11.1,Yes,No,Good,Unpaid,0,Not Dropout
S05832,16,Female,51,68,High,15.1,No,Yes,Good,Paid,1,Not Dropout
S05833,13,Female,46,97,Low,3.6,Yes,Yes,Poor,Paid,0,Dropout
S05834,14,Male,65,52,High,14.5,No,No,Average,Paid,5,Not Dropout
S05835,13,Male,44,92,High,6.8,Yes,No,Average,Paid,4,Not Dropout
S05836,15,Male,88,31,Low,3.5,Yes,Yes,Average,Unpaid,4,Dropout
S05837,16,Male,66,23,High,11.1,Yes,Yes,Good,Paid,3,Not Dropout
S05838,15,Male,78,29,High,16.8,No,Yes,Average,Paid,1,Not Dropout
S05839,11,Male,92,82,Medium,0.8,Yes,No,Good,Paid,4,Not Dropout
S05840,12,Female,68,47,Low,16.7,No,Yes,Poor,Paid,0,Dropout
S05841,14,Male,51,33,Medium,18.1,Yes,Yes,Average,Paid,4,Dropout
S05842,13,Male,79,46,Low,3.9,Yes,Yes,Good,Paid,4,Dropout
S05843,17,Male,84,80,Medium,19.9,No,No,Good,Overdue (3+ Months),5,Not Dropout
S05844,16,Male,89,20,High,18.9,Yes,Yes,Average,Paid,4,Dropout
S05845,14,Female,67,47,High,14.8,No,No,Good,Paid,1,Not Dropout
S05846,16,Male,91,86,Low,1.8,Yes,No,Average,Paid,3,Not Dropout
S05847,12,Female,95,97,Medium,1.2,Yes,No,Average,Unpaid,0,Not Dropout
S05848,17,Male,78,26,Medium,8.6,Yes,No,Poor,Paid,2,Not Dropout
S05849,11,Male,32,51,Medium,17.8,No,No,Average,Unpaid,5,Not Dropout
S05850,16,Male,67,57,Medium,18.7,Yes,Yes,Good,Unpaid,0,Not Dropout
S05851,12,Male,44,95,Medium,15.6,No,No,Good,Unpaid,2,Not Dropout
S05852,16,Male,40,60,Medium,3.9,Yes,Yes,Average,Overdue (3+ Months),2,Dropout
S05853,11,Female,54,85,High,8.3,No,Yes,Average,Overdue (3+ Months),5,Not Dropout
S05854,14,Male,60,31,High,12.0,No,Yes,Poor,Paid,2,Not Dropout
S05855,13,Male,70,83,Low,17.9,Yes,No,Good,Paid,2,Not Dropout
S05856,12,Female,71,59,High,8.0,No,No,Poor,Paid,2,Not Dropout
S05857,16,Male,86,21,Low,7.7,No,Yes,Poor,Paid,1,Dropout
S05858,18,Male,50,97,High,9.8,No,No,Good,Paid,0,Not Dropout
S05859,13,Male,86,88,Low,18.9,No,Yes,Average,Paid,4,Not Dropout
S05860,14,Female,79,97,Low,15.3,Yes,No,Average,Unpaid,0,Not Dropout
S05861,11,Female,67,81,Medium,5.3,Yes,No,Average,Paid,3,Not Dropout
S05862,13,Male,95,76,Medium,17.5,Yes,Yes,Poor,Paid,0,Not Dropout
S05863,11,Male,83,69,Medium,1.3,Yes,Yes,Good,Paid,0,Not Dropout
S05864,13,Male,44,54,Medium,13.2,No,No,Good,Paid,2,Not Dropout
S05865,12,Female,81,54,Low,17.8,Yes,No,Poor,Unpaid,4,Dropout
S05866,18,Male,40,69,High,15.5,Yes,Yes,Average,Overdue (3+ Months),4,Dropout
S05867,11,Male,71,51,Medium,18.8,Yes,No,Average,Paid,1,Not Dropout
S05868,14,Male,93,91,High,9.8,No,No,Average,Paid,1,Not Dropout
S05869,15,Female,32,60,Low,12.3,No,No,Poor,Paid,2,Not Dropout
S05870,13,Male,88,93,Medium,4.4,Yes,Yes,Good,Paid,4,Not Dropout
S05871,16,Female,76,83,Low,12.1,Yes,Yes,Average,Paid,2,Not Dropout
S05872,17,Female,34,65,Medium,3.6,Yes,No,Good,Paid,0,Not Dropout
S05873,12,Female,78,30,Medium,4.9,No,No,Good,Unpaid,5,Not Dropout
S05874,16,Male,77,37,Low,7.4,Yes,No,Good,Paid,3,Not Dropout
S05875,16,Female,87,20,High,11.8,Yes,Yes,Good,Overdue (3+ Months),3,Dropout
S05876,15,Female,56,57,Medium,12.6,No,No,Average,Paid,5,Not Dropout
S05877,11,Male,36,26,High,3.6,No,Yes,Average,Unpaid,0,Dropout
S05878,12,Female,93,23,Medium,13.6,Yes,Yes,Good,Paid,1,Not Dropout
S05879,16,Female,58,53,High,15.6,Yes,Yes,Poor,Paid,5,Dropout
S05880,18,Male,76,85,Low,16.7,No,No,Average,Paid,0,Not Dropout
S05881,16,Female,83,43,High,19.7,Yes,Yes,Good,Paid,3,Not Dropout
S05882,17,Male,96,36,Medium,15.8,Yes,Yes,Average,Paid,0,Not Dropout
S05883,13,Male,40,32,High,4.9,Yes,No,Average,Overdue (3+ Months),5,Dropout
S05884,17,Female,48,73,Low,10.1,No,Yes,Average,Paid,5,Not Dropout
S05885,15,Male,97,89,High,5.1,Yes,Yes,Average,Unpaid,5,Dropout
S05886,11,Female,45,65,High,1.4,No,Yes,Average,Unpaid,3,Not Dropout
S05887,11,Male,83,68,Medium,14.7,No,No,Poor,Paid,1,Not Dropout
S05888,15,Male,89,47,Low,3.0,Yes,Yes,Average,Paid,0,Dropout
S05889,13,Male,72,74,High,6.3,No,No,Good,Paid,1,Not Dropout
S05890,17,Male,64,37,Medium,10.8,Yes,Yes,Poor,Paid,3,Dropout
S05891,12,Female,49,46,High,1.0,Yes,No,Poor,Paid,1,Not Dropout
S05892,12,Male,56,86,Low,13.8,Yes,Yes,Good,Unpaid,3,Dropout
S05893,16,Female,45,50,Medium,12.3,Yes,Yes,Average,Paid,5,Not Dropout
S05894,12,Male,96,87,Medium,7.9,No,No,Good,Unpaid,1,Not Dropout
S05895,14,Male,92,52,Medium,9.6,No,No,Average,Paid,2,Not Dropout
S05896,13,Female,97,33,Low,0.6,No,No,Good,Paid,2,Not Dropout
S05897,16,Male,86,80,Low,19.5,No,Yes,Good,Paid,1,Not Dropout
S05898,12,Female,42,96,Medium,12.6,Yes,Yes,Average,Paid,0,Not Dropout
S05899,13,Male,68,47,High,16.9,Yes,Yes,Average,Paid,5,Dropout
S05900,11,Male,72,37,Medium,14.1,No,No,Average,Paid,4,Not Dropout
S05901,12,Female,72,20,Low,6.2,No,No,Average,Paid,5,Not Dropout
S05902,17,Male,86,38,High,1.0,Yes,Yes,Good,Paid,3,Not Dropout
S05903,16,Male,76,65,High,9.7,No,Yes,Good,Paid,1,Not Dropout
S05904,18,Male,89,68,Medium,11.3,Yes,No,Good,Unpaid,3,Not Dropout
S05905,15,Male,64,59,High,0.9,No,Yes,Average,Overdue (3+ Months),5,Not Dropout
S05906,18,Female,95,69,Low,13.7,Yes,Yes,Good,Paid,0,Not Dropout
S05907,15,Female,48,95,Low,14.8,No,No,Good,Paid,2,Not Dropout
S05908,11,Female,74,40,High,8.1,Yes,Yes,Good,Paid,2,Not Dropout
S05909,13,Male,83,69,Medium,17.3,Yes,No,Good,Paid,3,Not Dropout
S05910,15,Female,56,78,Low,5.5,Yes,Yes,Poor,Paid,4,Dropout
S05911,17,Male,37,44,Low,18.9,Yes,Yes,Average,Paid,3,Dropout
S05912,18,Female,70,28,High,9.3,No,Yes,Average,Paid,5,Not Dropout
S05913,12,Male,38,63,Low,10.8,Yes,Yes,Average,Paid,0,Dropout
S05914,11,Female,78,78,High,6.7,Yes,No,Good,Paid,1,Not Dropout
S05915,12,Male,47,73,High,17.2,No,No,Good,Paid,4,Not Dropout
S05916,16,Female,97,51,Medium,6.4,Yes,Yes,Poor,Unpaid,0,Dropout
S05917,11,Male,71,40,Low,19.0,Yes,No,Good,Unpaid,5,Dropout
S05918,13,Female,48,80,Medium,17.8,Yes,No,Poor,Paid,4,Not Dropout
S05919,13,Male,30,71,High,12.2,Yes,No,Good,Unpaid,1,Not Dropout
S05920,17,Male,64,57,Low,7.3,No,Yes,Good,Paid,2,Not Dropout
S05921,18,Male,69,27,Medium,12.4,Yes,Yes,Poor,Paid,1,Dropout
S05922,15,Male,88,46,Low,12.0,No,Yes,Average,Paid,1,Not Dropout
S05923,15,Female,59,89,Low,2.4,No,Yes,Good,Paid,0,Not Dropout
S05924,18,Male,66,44,Low,10.1,No,No,Average,Paid,4,Not Dropout
S05925,16,Female,76,51,Medium,15.7,Yes,Yes,Average,Paid,4,Not Dropout
S05926,12,Male,64,87,Low,9.9,Yes,Yes,Average,Paid,5,Dropout
S05927,11,Male,88,63,High,3.2,No,No,Average,Unpaid,3,Not Dropout
S05928,13,Female,38,73,Low,14.8,No,No,Average,Unpaid,5,Dropout
S05929,15,Female,51,20,High,17.5,No,Yes,Good,Overdue (3+ Months),4,Dropout
S05930,15,Male,86,44,Medium,4.1,Yes,Yes,Average,Paid,1,Not Dropout
S05931,16,Male,68,35,Low,1.0,No,Yes,Average,Overdue (3+ Months),2,Dropout
S05932,14,Male,55,52,Medium,5.0,Yes,No,Average,Unpaid,3,Not Dropout
S05933,18,Male,94,62,Medium,16.8,No,No,Good,Paid,0,Not Dropout
S05934,15,Male,95,67,High,12.5,Yes,No,Average,Overdue (3+ Months),2,Not Dropout
S05935,16,Male,45,56,Medium,19.7,Yes,No,Poor,Overdue (3+ Months),3,Not Dropout
S05936,16,Male,74,89,Low,9.1,No,Yes,Average,Paid,1,Not Dropout
S05937,16,Male,56,38,Low,13.4,Yes,No,Poor,Paid,1,Dropout
S05938,18,Female,37,53,Medium,5.8,Yes,No,Good,Paid,0,Not Dropout
S05939,13,Male,40,33,High,16.6,No,No,Average,Overdue (3+ Months),5,Dropout
S05940,14,Female,38,55,Medium,14.8,Yes,Yes,Average,Overdue (3+ Months),1,Dropout
S05941,14,Female,76,68,High,9.8,No,Yes,Good,Unpaid,2,Not Dropout
S05942,16,Female,86,30,Medium,18.1,Yes,Yes,Average,Paid,4,Dropout
S05943,13,Female,87,82,Low,3.3,No,Yes,Average,Paid,5,Not Dropout
S05944,11,Male,53,57,Low,9.5,Yes,Yes,Poor,Paid,5,Dropout
S05945,13,Male,95,52,Low,19.4,No,No,Average,Paid,1,Not Dropout
S05946,14,Female,85,26,Low,14.7,No,Yes,Poor,Paid,0,Dropout
S05947,17,Male,34,71,Low,6.1,No,No,Poor,Unpaid,4,Dropout
S05948,17,Male,33,26,High,13.2,No,Yes,Good,Unpaid,5,Dropout
S05949,16,Female,86,21,High,9.1,No,No,Average,Paid,5,Not Dropout
S05950,15,Male,75,63,Medium,19.5,No,Yes,Poor,Paid,1,Not Dropout
S05951,16,Male,80,82,Low,15.6,Yes,No,Poor,Paid,3,Not Dropout
S05952,18,Female,75,94,Medium,8.1,Yes,Yes,Poor,Paid,0,Not Dropout
S05953,18,Male,61,39,Low,11.9,No,Yes,Average,Paid,0,Not Dropout
S05954,13,Male,46,74,Medium,19.7,No,Yes,Good,Paid,1,Not Dropout
S05955,14,Female,34,38,Low,4.1,No,No,Poor,Paid,5,Dropout
S05956,13,Female,43,60,Low,2.8,Yes,Yes,Average,Paid,0,Dropout
S05957,12,Male,63,82,High,19.7,Yes,Yes,Good,Paid,1,Not Dropout
S05958,16,Female,30,77,Medium,3.6,No,Yes,Average,Overdue (3+ Months),5,Dropout
S05959,18,Female,93,55,Low,12.0,Yes,No,Average,Unpaid,4,Dropout
S05960,11,Male,90,31,Low,15.4,No,Yes,Average,Unpaid,1,Dropout
S05961,14,Male,44,47,Low,17.7,Yes,Yes,Good,Paid,5,Dropout
S05962,14,Female,84,22,High,3.0,No,Yes,Poor,Paid,1,Not Dropout
S05963,11,Female,82,85,Low,19.2,No,No,Good,Unpaid,4,Not Dropout
S05964,16,Female,86,34,Medium,11.8,Yes,Yes,Good,Overdue (3+ Months),0,Dropout
S05965,13,Female,89,75,Low,9.9,Yes,Yes,Poor,Paid,4,Dropout
S05966,18,Male,35,52,Medium,5.3,No,No,Good,Paid,2,Not Dropout
S05967,12,Male,43,32,High,18.0,Yes,Yes,Average,Unpaid,2,Dropout
S05968,12,Male,67,30,High,2.0,No,Yes,Average,Paid,4,Not Dropout
S05969,13,Male,57,53,Low,19.9,No,No,Good,Unpaid,2,Not Dropout
S05970,18,Male,45,31,Medium,10.5,No,Yes,Average,Paid,1,Not Dropout
S05971,11,Female,31,73,High,11.1,Yes,No,Average,Paid,2,Not Dropout
S05972,17,Female,39,74,Medium,19.6,No,No,Poor,Paid,1,Not Dropout
S05973,16,Male,52,91,Low,16.5,Yes,No,Average,Overdue (3+ Months),2,Not Dropout
S05974,18,Female,82,88,High,19.6,No,Yes,Good,Paid,2,Not Dropout
S05975,15,Female,62,93,Low,5.3,Yes,Yes,Average,Paid,2,Not Dropout
S05976,18,Female,39,48,Medium,15.4,No,Yes,Average,Paid,4,Dropout
S05977,13,Male,73,74,Medium,4.4,No,Yes,Average,Paid,1,Not Dropout
S05978,14,Male,93,92,Medium,6.3,No,No,Good,Paid,2,Not Dropout
S05979,15,Female,66,33,Low,5.6,Yes,No,Average,Paid,4,Dropout
S05980,12,Male,76,67,High,2.9,Yes,No,Average,Paid,4,Not Dropout
S05981,18,Male,70,79,Low,16.3,No,Yes,Average,Overdue (3+ Months),0,Not Dropout
S05982,12,Female,90,30,Medium,1.1,No,Yes,Good,Paid,5,Not Dropout
S05983,17,Male,41,64,Medium,5.0,Yes,Yes,Average,Overdue (3+ Months),3,Dropout
S05984,12,Male,69,41,Low,14.9,Yes,No,Poor,Overdue (3+ Months),1,Dropout
S05985,18,Male,54,56,Low,9.8,No,Yes,Average,Paid,2,Not Dropout
S05986,12,Male,95,42,Low,3.2,Yes,No,Good,Paid,5,Dropout
S05987,14,Male,97,99,Low,18.5,No,No,Poor,Overdue (3+ Months),0,Not Dropout
S05988,12,Male,96,62,Medium,18.6,No,Yes,Average,Paid,4,Not Dropout
S05989,18,Male,91,21,Medium,11.8,No,No,Good,Paid,0,Not Dropout
S05990,16,Female,44,83,Medium,1.1,No,Yes,Poor,Unpaid,2,Dropout
S05991,14,Male,36,61,High,14.5,No,Yes,Average,Paid,0,Not Dropout
S05992,17,Female,79,47,High,7.4,No,No,Average,Overdue (3+ Months),3,Not Dropout
S05993,12,Male,54,22,Medium,11.5,No,No,Good,Unpaid,0,Not Dropout
S05994,11,Male,39,43,Low,1.6,Yes,No,Good,Overdue (3+ Months),5,Dropout
S05995,11,Female,87,92,Low,4.1,Yes,Yes,Average,Paid,2,Not Dropout
S05996,11,Male,78,41,Low,4.3,Yes,Yes,Good,Paid,3,Dropout
S05997,12,Female,52,99,Medium,10.2,No,No,Average,Paid,5,Not Dropout
S05998,13,Male,45,20,High,17.3,No,Yes,Poor,Paid,4,Dropout
S05999,13,Female,92,75,High,3.1,No,Yes,Good,Paid,0,Not Dropout
S06000,14,Male,42,51,Low,1.4,No,No,Average,Unpaid,0,Not Dropout
S06001,17,Male,50,48,Low,2.4,Yes,No,Average,Paid,4,Dropout
S06002,11,Male,90,90,Low,17.8,Yes,No,Good,Unpaid,4,Dropout
S06003,11,Male,43,57,High,6.1,Yes,No,Average,Unpaid,4,Dropout
S06004,18,Male,40,39,High,6.2,No,Yes,Poor,Paid,5,Dropout
S06005,11,Male,33,50,High,7.7,No,Yes,Average,Overdue (3+ Months),1,Not Dropout
S06006,16,Male,43,44,High,10.5,Yes,No,Good,Paid,1,Not Dropout
S06007,12,Male,31,41,Low,8.5,Yes,No,Good,Paid,5,Dropout
S06008,16,Male,83,72,High,14.2,No,Yes,Poor,Overdue (3+ Months),5,Dropout
S06009,14,Male,73,52,High,4.1,No,Yes,Average,Paid,0,Not Dropout
S06010,11,Female,71,60,High,12.8,No,Yes,Good,Unpaid,0,Not Dropout
S06011,17,Female,37,93,Low,17.3,Yes,No,Average,Overdue (3+ Months),1,Dropout
S06012,14,Female,45,45,Low,3.5,Yes,Yes,Poor,Paid,4,Dropout
S06013,15,Male,88,53,High,5.6,Yes,Yes,Average,Paid,2,Not Dropout
S06014,18,Male,80,100,High,10.5,No,Yes,Average,Paid,5,Not Dropout
S06015,16,Female,53,21,Medium,17.3,Yes,Yes,Average,Overdue (3+ Months),1,Dropout
S06016,17,Male,83,48,High,4.9,No,No,Poor,Overdue (3+ Months),2,Not Dropout
S06017,15,Female,45,73,Low,13.6,Yes,No,Good,Paid,4,Not Dropout
S06018,18,Female,63,97,Low,15.7,Yes,Yes,Average,Paid,3,Not Dropout
S06019,18,Female,32,92,Low,11.8,Yes,Yes,Good,Overdue (3+ Months),1,Dropout
S06020,12,Female,65,50,Medium,6.0,No,No,Good,Paid,2,Not Dropout
S06021,13,Female,75,60,Medium,2.3,Yes,Yes,Poor,Paid,4,Dropout
S06022,17,Male,49,100,Low,11.7,No,Yes,Average,Unpaid,0,Not Dropout
S06023,14,Male,36,67,High,5.5,Yes,No,Poor,Unpaid,4,Dropout
S06024,11,Female,51,66,Low,1.9,Yes,Yes,Good,Paid,1,Not Dropout
S06025,14,Male,72,33,High,17.8,No,Yes,Poor,Unpaid,5,Dropout
S06026,15,Male,97,26,High,17.6,Yes,No,Average,Unpaid,2,Not Dropout
S06027,11,Male,61,88,High,5.0,Yes,No,Poor,Paid,5,Not Dropout
S06028,11,Female,46,91,High,9.1,No,Yes,Average,Unpaid,0,Not Dropout
S06029,14,Male,39,67,Low,14.4,No,Yes,Average,Unpaid,2,Dropout
S06030,15,Male,31,79,Low,15.8,No,No,Good,Paid,2,Not Dropout
S06031,16,Male,59,76,Low,3.6,Yes,Yes,Poor,Overdue (3+ Months),1,Dropout
S06032,17,Male,65,80,Medium,13.5,No,No,Average,Paid,1,Not Dropout
S06033,15,Male,89,98,High,11.3,No,No,Average,Paid,0,Not Dropout
S06034,16,Female,49,24,High,9.2,Yes,Yes,Good,Overdue (3+ Months),5,Dropout
S06035,17,Male,52,89,Low,19.8,Yes,Yes,Poor,Paid,2,Dropout
S06036,12,Male,65,68,Medium,14.1,No,Yes,Good,Paid,4,Not Dropout
S06037,11,Male,75,68,Low,6.0,Yes,Yes,Good,Overdue (3+ Months),5,Dropout
S06038,18,Female,35,46,High,19.9,No,Yes,Good,Paid,5,Dropout
S06039,15,Female,44,93,High,0.7,No,Yes,Good,Paid,4,Not Dropout
S06040,17,Female,89,50,Low,6.4,No,No,Average,Paid,2,Not Dropout
S06041,14,Female,48,56,High,18.5,Yes,No,Good,Paid,3,Not Dropout
S06042,15,Male,44,85,Medium,1.1,No,No,Good,Paid,5,Not Dropout
S06043,11,Female,87,79,Medium,2.2,No,Yes,Average,Unpaid,2,Not Dropout
S06044,17,Male,96,51,High,15.8,Yes,No,Good,Paid,1,Not Dropout
S06045,16,Female,70,58,High,4.6,Yes,No,Average,Paid,4,Not Dropout
S06046,11,Female,38,31,High,5.4,No,Yes,Poor,Paid,0,Dropout
S06047,16,Male,84,54,High,18.9,No,Yes,Good,Paid,2,Not Dropout
S06048,14,Female,81,54,High,8.0,No,Yes,Poor,Unpaid,0,Not Dropout
S06049,11,Male,82,61,Medium,12.3,No,Yes,Poor,Paid,1,Not Dropout
S06050,12,Male,90,42,Medium,14.1,No,Yes,Poor,Unpaid,5,Dropout
S06051,15,Male,79,69,Medium,9.1,Yes,Yes,Good,Paid,1,Not Dropout
S06052,15,Male,62,65,Low,5.2,Yes,Yes,Average,Paid,3,Not Dropout
S06053,13,Female,89,60,Medium,17.4,No,No,Average,Paid,1,Not Dropout
S06054,11,Male,35,87,Medium,14.8,Yes,Yes,Average,Paid,5,Dropout
S06055,14,Female,85,100,Low,5.9,No,No,Average,Paid,4,Not Dropout
S06056,11,Female,88,70,High,10.6,No,Yes,Average,Overdue (3+ Months),2,Not Dropout
S06057,15,Male,93,96,Medium,18.6,Yes,No,Average,Paid,2,Not Dropout
S06058,17,Male,59,86,Low,4.3,Yes,No,Average,Overdue (3+ Months),1,Not Dropout
S06059,11,Male,92,29,High,8.6,Yes,Yes,Average,Paid,2,Not Dropout
S06060,12,Male,67,37,Medium,8.3,No,No,Average,Unpaid,0,Not Dropout
S06061,12,Female,60,65,Medium,18.6,Yes,No,Good,Paid,0,Not Dropout
S06062,16,Male,98,32,Medium,2.5,Yes,Yes,Average,Paid,0,Not Dropout
S06063,14,Male,38,46,Medium,13.9,Yes,No,Good,Paid,5,Dropout
S06064,12,Female,55,77,Medium,16.6,Yes,Yes,Average,Paid,0,Not Dropout
S06065,18,Female,94,62,High,20.0,No,Yes,Average,Paid,2,Not Dropout
S06066,13,Male,44,65,Medium,9.0,Yes,Yes,Good,Paid,2,Not Dropout
S06067,12,Female,38,85,High,11.7,Yes,No,Poor,Paid,5,Dropout
S06068,18,Female,95,63,Medium,15.7,Yes,No,Good,Paid,2,Not Dropout
S06069,13,Female,86,66,High,8.8,No,No,Average,Paid,5,Not Dropout
S06070,13,Male,31,34,Low,12.6,Yes,No,Poor,Paid,2,Dropout
S06071,16,Male,47,81,Medium,19.7,No,Yes,Good,Paid,5,Not Dropout
S06072,16,Female,68,37,Medium,9.3,Yes,No,Average,Unpaid,5,Dropout
S06073,14,Male,49,73,High,1.7,Yes,Yes,Average,Paid,4,Not Dropout
S06074,16,Male,35,98,Medium,1.4,Yes,Yes,Average,Paid,2,Not Dropout
S06075,18,Male,51,33,High,8.3,No,Yes,Poor,Unpaid,0,Dropout
S06076,18,Male,75,76,Low,6.0,Yes,No,Good,Paid,2,Not Dropout
S06077,17,Male,86,68,High,11.4,Yes,No,Average,Paid,1,Not Dropout
S06078,17,Male,39,62,Low,11.7,Yes,No,Average,Paid,2,Not Dropout
S06079,17,Male,81,77,Medium,13.9,Yes,Yes,Poor,Overdue (3+ Months),1,Dropout
S06080,13,Male,84,99,Low,19.4,No,No,Average,Unpaid,2,Not Dropout
S06081,15,Male,88,94,High,12.4,No,No,Average,Overdue (3+ Months),3,Not Dropout
S06082,16,Female,57,90,High,5.0,Yes,No,Good,Paid,5,Not Dropout
S06083,13,Male,86,22,Low,9.3,No,No,Average,Paid,0,Not Dropout
S06084,16,Male,42,74,High,17.7,Yes,Yes,Average,Overdue (3+ Months),2,Dropout
S06085,17,Female,68,39,High,19.6,No,No,Good,Paid,1,Not Dropout
S06086,13,Female,74,78,Low,13.9,Yes,No,Good,Paid,3,Not Dropout
S06087,14,Female,79,44,Medium,9.9,No,Yes,Good,Overdue (3+ Months),4,Dropout
S06088,14,Female,34,52,Medium,10.6,No,No,Poor,Unpaid,1,Not Dropout
S06089,12,Male,77,74,Medium,13.7,No,Yes,Good,Paid,3,Not Dropout
S06090,18,Male,78,44,Low,11.0,No,No,Good,Paid,2,Not Dropout
S06091,16,Male,85,65,Medium,2.3,No,No,Average,Paid,1,Not Dropout
S06092,16,Female,82,100,Low,8.0,Yes,Yes,Good,Paid,2,Not Dropout
S06093,12,Male,74,73,Low,10.9,Yes,Yes,Average,Overdue (3+ Months),5,Dropout
S06094,14,Female,88,25,High,17.9,No,Yes,Good,Paid,0,Not Dropout
S06095,17,Male,52,99,Low,1.7,No,Yes,Average,Paid,5,Not Dropout
S06096,17,Female,69,99,Medium,2.3,No,Yes,Average,Unpaid,5,Not Dropout
S06097,12,Male,39,36,High,1.6,Yes,No,Good,Paid,2,Not Dropout
S06098,13,Female,71,55,High,16.4,Yes,No,Good,Paid,5,Not Dropout
S06099,17,Female,49,99,Medium,3.2,Yes,Yes,Poor,Paid,5,Dropout
S06100,16,Male,51,96,Medium,2.4,No,Yes,Average,Paid,4,Not Dropout
S06101,18,Female,65,24,Medium,4.6,Yes,No,Average,Paid,1,Not Dropout
S06102,14,Female,82,38,Low,17.8,Yes,Yes,Average,Unpaid,1,Dropout
S06103,13,Male,38,50,Medium,8.5,Yes,No,Good,Paid,2,Not Dropout
S06104,16,Female,43,58,Medium,2.7,No,No,Poor,Unpaid,3,Not Dropout
S06105,11,Female,76,48,High,12.5,Yes,No,Average,Unpaid,0,Not Dropout
S06106,14,Male,50,74,High,10.5,No,Yes,Poor,Paid,0,Not Dropout
S06107,17,Male,48,93,High,10.2,No,Yes,Average,Paid,5,Not Dropout
S06108,11,Female,68,83,Low,19.8,Yes,Yes,Good,Overdue (3+ Months),5,Dropout
S06109,11,Female,98,72,Medium,5.2,Yes,Yes,Average,Paid,0,Not Dropout
S06110,11,Male,43,22,High,8.3,No,Yes,Average,Unpaid,1,Dropout
S06111,16,Male,36,58,Low,8.5,Yes,Yes,Good,Overdue (3+ Months),3,Dropout
S06112,15,Male,60,82,High,13.7,Yes,No,Good,Unpaid,2,Not Dropout
S06113,17,Male,60,32,High,16.8,No,No,Average,Overdue (3+ Months),3,Not Dropout
S06114,14,Female,73,64,Medium,11.4,Yes,Yes,Good,Paid,5,Not Dropout
S06115,12,Male,60,37,High,4.3,Yes,Yes,Poor,Paid,4,Dropout
S06116,16,Male,46,90,High,14.9,No,Yes,Average,Paid,4,Not Dropout
S06117,13,Male,89,82,High,14.1,Yes,Yes,Good,Paid,2,Not Dropout
S06118,18,Female,60,68,Medium,19.5,Yes,Yes,Good,Paid,5,Not Dropout
S06119,13,Female,80,97,Low,11.2,No,Yes,Average,Paid,2,Not Dropout
S06120,16,Male,82,94,High,3.2,No,Yes,Average,Paid,2,Not Dropout
S06121,12,Male,61,75,Medium,19.4,Yes,No,Good,Unpaid,3,Not Dropout
S06122,12,Female,34,29,Medium,7.9,Yes,Yes,Good,Overdue (3+ Months),4,Dropout
S06123,17,Male,77,96,High,19.7,Yes,Yes,Good,Paid,4,Not Dropout
S06124,15,Male,53,53,Medium,14.9,No,No,Good,Paid,0,Not Dropout
S06125,15,Male,90,51,Low,7.5,Yes,No,Poor,Paid,0,Not Dropout
S06126,17,Male,43,24,High,4.1,Yes,No,Average,Unpaid,0,Dropout
S06127,14,Male,52,43,Medium,17.5,No,Yes,Average,Unpaid,3,Not Dropout
S06128,15,Female,48,55,Medium,13.9,Yes,No,Poor,Overdue (3+ Months),2,Not Dropout
S06129,14,Female,80,93,High,13.9,No,Yes,Good,Paid,1,Not Dropout
S06130,11,Female,89,41,High,10.4,No,No,Poor,Paid,2,Not Dropout
S06131,12,Female,63,90,Low,16.7,No,No,Average,Unpaid,3,Not Dropout
S06132,14,Female,67,95,High,11.4,No,Yes,Good,Overdue (3+ Months),4,Not Dropout
S06133,16,Male,38,40,Low,6.0,Yes,No,Average,Paid,2,Dropout
S06134,16,Female,57,34,High,8.8,Yes,Yes,Good,Unpaid,2,Dropout
S06135,15,Male,41,84,Medium,3.8,Yes,No,Good,Unpaid,3,Not Dropout
S06136,13,Female,35,28,Medium,11.6,No,Yes,Average,Paid,5,Dropout
S06137,18,Female,31,29,Medium,5.9,Yes,Yes,Poor,Paid,3,Dropout
S06138,14,Female,94,98,Medium,9.9,No,No,Average,Overdue (3+ Months),2,Not Dropout
S06139,18,Male,71,83,High,15.2,Yes,No,Good,Overdue (3+ Months),4,Not Dropout
S06140,11,Female,92,48,Medium,14.1,No,Yes,Good,Paid,0,Not Dropout
S06141,17,Male,92,73,Medium,13.2,No,No,Average,Unpaid,2,Not Dropout
S06142,12,Male,81,65,High,9.8,No,Yes,Poor,Unpaid,3,Not Dropout
S06143,16,Male,57,26,Low,17.3,Yes,No,Average,Paid,2,Not Dropout
S06144,14,Female,33,34,Medium,10.5,No,No,Poor,Overdue (3+ Months),2,Dropout
S06145,17,Female,35,96,High,8.2,No,No,Average,Paid,5,Not Dropout
S06146,14,Female,86,40,Medium,17.8,No,Yes,Poor,Overdue (3+ Months),2,Dropout
S06147,12,Female,82,79,Medium,17.7,Yes,Yes,Average,Paid,4,Not Dropout
S06148,12,Female,43,97,Low,11.2,No,No,Poor,Paid,3,Not Dropout
S06149,12,Male,39,92,High,9.1,Yes,No,Average,Unpaid,3,Not Dropout
S06150,13,Male,37,78,High,1.6,No,No,Good,Overdue (3+ Months),5,Not Dropout
S06151,13,Female,72,71,Low,2.0,No,No,Average,Paid,0,Not Dropout
S06152,18,Male,65,66,High,11.6,No,Yes,Average,Paid,1,Not Dropout
S06153,12,Female,50,53,Low,10.2,No,Yes,Average,Paid,3,Not Dropout
S06154,15,Male,37,22,Low,16.2,No,Yes,Average,Paid,1,Dropout
S06155,11,Female,81,44,Low,13.6,Yes,Yes,Good,Paid,5,Dropout
S06156,13,Female,90,37,High,5.2,No,No,Average,Paid,2,Not Dropout
S06157,11,Male,57,57,High,10.5,No,No,Average,Paid,3,Not Dropout
S06158,13,Female,67,32,High,16.1,No,No,Average,Paid,2,Not Dropout
S06159,17,Female,84,24,High,15.1,Yes,Yes,Good,Unpaid,3,Dropout
S06160,17,Male,69,27,Medium,16.0,No,No,Good,Paid,2,Not Dropout
S06161,18,Female,44,63,High,6.1,Yes,Yes,Good,Paid,4,Dropout
S06162,17,Male,36,78,Medium,14.7,Yes,No,Poor,Unpaid,0,Dropout
S06163,14,Female,72,41,Medium,7.2,No,No,Poor,Paid,4,Not Dropout
S06164,12,Female,97,21,Medium,11.7,No,No,Good,Unpaid,1,Not Dropout
S06165,11,Female,76,32,Low,17.0,Yes,No,Average,Paid,1,Not Dropout
S06166,13,Male,55,61,Medium,14.4,Yes,No,Good,Overdue (3+ Months),0,Not Dropout
S06167,16,Female,48,97,Low,12.4,No,Yes,Average,Paid,0,Not Dropout
S06168,15,Male,76,74,Medium,6.1,Yes,No,Average,Paid,0,Not Dropout
S06169,11,Female,45,23,Low,6.9,No,No,Good,Paid,0,Not Dropout
S06170,11,Female,37,34,High,12.7,No,No,Average,Paid,4,Not Dropout
S06171,11,Male,52,63,Medium,19.0,No,Yes,Good,Paid,4,Not Dropout
S06172,15,Female,41,100,Low,13.9,Yes,No,Average,Paid,0,Not Dropout
S06173,15,Male,31,28,Low,5.3,Yes,No,Average,Overdue (3+ Months),4,Dropout
S06174,16,Male,93,47,Medium,18.2,No,No,Average,Paid,4,Not Dropout
S06175,11,Female,36,94,Medium,19.5,Yes,Yes,Good,Paid,1,Not Dropout
S06176,14,Male,30,91,High,19.3,Yes,Yes,Poor,Overdue (3+ Months),1,Dropout
S06177,12,Female,64,55,Medium,10.0,No,No,Poor,Paid,3,Not Dropout
S06178,12,Male,61,31,Low,17.5,Yes,Yes,Good,Overdue (3+ Months),4,Dropout
S06179,11,Female,80,94,Low,17.4,Yes,Yes,Good,Overdue (3+ Months),2,Dropout
S06180,16,Male,85,57,Low,17.5,No,No,Good,Paid,0,Not Dropout
S06181,13,Female,73,70,Medium,7.5,Yes,No,Good,Paid,0,Not Dropout
S06182,15,Female,96,74,Medium,3.4,No,No,Average,Paid,1,Not Dropout
S06183,11,Male,83,21,Medium,1.1,No,No,Good,Unpaid,2,Not Dropout
S06184,18,Female,59,65,Medium,13.4,No,Yes,Good,Overdue (3+ Months),5,Not Dropout
S06185,16,Female,64,42,Medium,9.7,No,Yes,Average,Paid,3,Not Dropout
S06186,14,Male,35,96,High,8.8,Yes,Yes,Good,Paid,0,Not Dropout
S06187,12,Male,72,63,Low,16.2,No,Yes,Average,Overdue (3+ Months),4,Dropout
S06188,13,Female,38,60,High,19.9,Yes,Yes,Poor,Unpaid,0,Dropout
S06189,16,Male,46,85,Low,16.3,No,Yes,Average,Paid,5,Not Dropout
S06190,16,Female,88,64,Medium,2.7,Yes,No,Average,Overdue (3+ Months),5,Not Dropout
S06191,17,Male,49,33,High,19.0,Yes,No,Average,Unpaid,3,Not Dropout
S06192,16,Female,91,32,Low,18.7,No,Yes,Average,Paid,4,Dropout
S06193,18,Female,41,81,High,4.1,No,No,Average,Paid,4,Not Dropout
S06194,18,Male,60,93,Medium,12.6,No,Yes,Poor,Paid,3,Not Dropout
S06195,18,Female,80,73,Low,9.7,Yes,Yes,Average,Paid,5,Dropout
S06196,16,Female,65,57,Medium,1.6,Yes,Yes,Good,Paid,5,Not Dropout
S06197,18,Female,35,89,Low,10.9,No,No,Good,Overdue (3+ Months),3,Not Dropout
S06198,15,Male,98,26,Medium,16.3,Yes,Yes,Average,Paid,0,Not Dropout
S06199,16,Male,59,50,High,16.4,No,Yes,Average,Overdue (3+ Months),0,Not Dropout
S06200,13,Female,44,56,Medium,1.4,No,No,Poor,Unpaid,4,Dropout
S06201,14,Male,35,25,Medium,16.8,No,Yes,Average,Paid,3,Not Dropout
S06202,18,Male,61,33,Medium,10.5,No,No,Average,Unpaid,5,Not Dropout
S06203,16,Male,50,85,Medium,1.6,Yes,No,Average,Overdue (3+ Months),5,Not Dropout
S06204,17,Female,64,20,High,5.4,No,Yes,Good,Unpaid,0,Not Dropout
S06205,15,Male,42,46,Medium,8.9,Yes,No,Good,Unpaid,2,Dropout
S06206,15,Female,96,30,Low,17.6,No,Yes,Good,Paid,4,Dropout
S06207,11,Female,92,75,Low,15.2,Yes,No,Average,Paid,4,Not Dropout
S06208,14,Male,40,50,Low,6.1,Yes,No,Average,Paid,0,Not Dropout
S06209,13,Male,77,78,Medium,13.5,No,Yes,Poor,Paid,1,Not Dropout
S06210,12,Male,84,72,Medium,9.9,Yes,Yes,Poor,Paid,2,Not Dropout
S06211,15,Male,83,47,Medium,5.9,No,No,Good,Paid,3,Not Dropout
S06212,17,Male,90,42,Medium,19.3,Yes,No,Good,Overdue (3+ Months),1,Not Dropout
S06213,13,Female,50,48,Medium,6.3,No,Yes,Good,Unpaid,5,Dropout
S06214,13,Male,82,78,Low,1.0,No,No,Average,Paid,0,Not Dropout
S06215,17,Male,44,83,Low,1.8,Yes,No,Average,Overdue (3+ Months),1,Dropout
S06216,12,Female,81,34,Low,7.3,No,Yes,Good,Paid,5,Dropout
S06217,12,Male,42,91,Low,1.8,Yes,No,Average,Paid,2,Not Dropout
S06218,17,Female,53,97,High,15.8,Yes,Yes,Poor,Unpaid,0,Dropout
S06219,11,Female,36,88,Medium,13.6,Yes,Yes,Average,Unpaid,1,Dropout
S06220,17,Female,55,95,Low,19.9,Yes,No,Poor,Paid,1,Not Dropout
S06221,13,Female,65,37,Medium,2.0,No,No,Poor,Paid,2,Not Dropout
S06222,12,Female,68,82,Medium,3.1,Yes,Yes,Poor,Paid,2,Not Dropout
S06223,14,Female,86,95,Low,16.4,Yes,No,Average,Paid,5,Not Dropout
S06224,16,Male,63,65,Low,10.5,Yes,Yes,Good,Unpaid,0,Dropout
S06225,12,Male,43,52,Medium,19.9,Yes,No,Good,Paid,4,Not Dropout
S06226,13,Male,64,83,Medium,2.9,No,No,Poor,Overdue (3+ Months),1,Not Dropout
S06227,16,Female,35,27,High,16.8,No,No,Good,Paid,4,Not Dropout
S06228,12,Female,35,73,Low,5.3,No,No,Poor,Paid,0,Not Dropout
S06229,17,Male,65,26,Medium,17.6,No,No,Poor,Paid,4,Not Dropout
S06230,12,Male,32,21,Medium,18.3,No,No,Good,Paid,2,Not Dropout
S06231,13,Male,71,26,High,3.5,Yes,No,Average,Unpaid,4,Dropout
S06232,15,Female,48,64,Low,18.4,No,Yes,Average,Paid,4,Not Dropout
S06233,17,Female,69,72,High,11.6,Yes,Yes,Good,Unpaid,1,Not Dropout
S06234,14,Male,77,80,Medium,3.3,Yes,Yes,Good,Paid,3,Not Dropout
S06235,16,Female,91,89,High,5.8,No,Yes,Good,Paid,2,Not Dropout
S06236,14,Female,92,58,High,13.9,No,No,Average,Paid,1,Not Dropout
S06237,12,Female,68,89,Low,13.1,Yes,Yes,Poor,Paid,4,Dropout
S06238,17,Female,63,66,High,14.6,Yes,Yes,Good,Paid,1,Not Dropout
S06239,14,Male,51,61,High,5.4,No,Yes,Average,Paid,1,Not Dropout
S06240,11,Male,66,80,Low,8.9,Yes,No,Good,Paid,5,Not Dropout
S06241,11,Female,71,63,Low,7.8,Yes,No,Good,Unpaid,2,Not Dropout
S06242,18,Female,30,63,High,19.2,Yes,Yes,Good,Overdue (3+ Months),2,Dropout
S06243,17,Male,83,50,High,12.5,No,No,Average,Paid,0,Not Dropout
S06244,17,Male,87,91,Low,4.6,No,Yes,Average,Paid,3,Not Dropout
S06245,15,Male,54,59,Medium,19.6,Yes,No,Average,Overdue (3+ Months),0,Not Dropout
S06246,16,Female,59,95,Medium,5.9,Yes,No,Average,Paid,3,Not Dropout
S06247,12,Male,76,55,High,3.4,Yes,No,Poor,Paid,2,Not Dropout
S06248,11,Male,91,51,Low,15.2,No,No,Average,Paid,3,Not Dropout
S06249,12,Female,66,84,Medium,11.1,Yes,Yes,Good,Paid,5,Not Dropout
S06250,16,Female,73,92,Medium,11.7,Yes,No,Good,Paid,0,Not Dropout
S06251,17,Male,63,67,Low,4.1,No,No,Poor,Paid,4,Not Dropout
S06252,17,Female,69,61,Low,5.9,Yes,Yes,Poor,Unpaid,2,Dropout
S06253,12,Female,93,63,Low,6.2,No,Yes,Good,Paid,0,Not Dropout
S06254,14,Female,54,37,Low,12.4,Yes,Yes,Poor,Overdue (3+ Months),5,Dropout
S06255,11,Male,62,53,Low,5.4,No,Yes,Good,Unpaid,2,Not Dropout
S06256,13,Male,64,35,Low,18.0,No,Yes,Poor,Unpaid,2,Dropout
S06257,12,Male,83,98,High,8.1,No,Yes,Poor,Paid,0,Not Dropout
S06258,17,Female,30,35,Low,8.5,No,Yes,Average,Unpaid,4,Dropout
S06259,11,Male,31,88,Medium,8.1,Yes,Yes,Poor,Paid,1,Dropout
S06260,15,Female,42,23,High,6.6,Yes,No,Good,Paid,5,Dropout
S06261,18,Male,89,55,High,3.7,Yes,Yes,Good,Paid,2,Not Dropout
S06262,12,Male,73,45,High,15.2,No,No,Good,Overdue (3+ Months),2,Not Dropout
S06263,13,Male,70,22,Low,14.6,Yes,Yes,Average,Unpaid,5,Dropout
S06264,11,Female,44,34,Medium,10.3,No,Yes,Good,Unpaid,2,Dropout
S06265,18,Female,93,26,High,9.7,No,Yes,Average,Paid,1,Not Dropout
S06266,11,Female,71,35,High,18.7,No,No,Average,Paid,2,Not Dropout
S06267,12,Male,49,42,High,13.2,No,No,Poor,Paid,5,Not Dropout
S06268,13,Female,47,74,Medium,5.0,No,Yes,Average,Unpaid,4,Not Dropout
S06269,12,Female,91,35,High,14.5,Yes,Yes,Good,Paid,2,Not Dropout
S06270,15,Female,79,74,Medium,15.2,No,Yes,Poor,Paid,4,Not Dropout
S06271,17,Male,82,92,Low,13.0,No,Yes,Poor,Paid,5,Dropout
S06272,15,Female,73,50,High,14.7,Yes,No,Good,Paid,4,Not Dropout
S06273,17,Male,61,26,Medium,7.5,Yes,Yes,Average,Paid,1,Not Dropout
S06274,15,Female,36,89,Medium,10.2,Yes,Yes,Poor,Paid,1,Dropout
S06275,12,Male,74,38,Medium,14.7,Yes,No,Good,Unpaid,2,Not Dropout
S06276,16,Male,47,79,Low,1.8,Yes,Yes,Poor,Overdue (3+ Months),3,Dropout
S06277,17,Male,44,86,Low,9.2,No,No,Average,Unpaid,5,Dropout
S06278,14,Male,36,78,High,7.8,No,No,Average,Paid,3,Not Dropout
S06279,18,Male,56,87,Low,17.9,Yes,Yes,Average,Paid,3,Not Dropout
S06280,17,Male,88,95,Low,12.5,Yes,Yes,Average,Paid,1,Not Dropout
S06281,18,Female,58,71,High,3.8,Yes,No,Average,Overdue (3+ Months),2,Not Dropout
S06282,12,Female,91,36,High,4.8,Yes,No,Average,Paid,2,Not Dropout
S06283,16,Male,95,35,Low,5.3,No,No,Good,Unpaid,0,Not Dropout
S06284,15,Female,35,42,High,9.2,Yes,Yes,Good,Unpaid,2,Dropout
S06285,15,Male,63,27,Medium,16.7,No,No,Good,Paid,3,Not Dropout
S06286,13,Female,77,72,Low,10.0,No,Yes,Good,Overdue (3+ Months),1,Not Dropout
S06287,18,Female,63,64,Medium,9.9,Yes,Yes,Good,Paid,1,Not Dropout
S06288,18,Female,50,85,Low,15.9,Yes,No,Good,Overdue (3+ Months),5,Dropout
S06289,18,Female,85,68,Low,5.6,No,No,Good,Paid,2,Not Dropout
S06290,12,Male,32,88,Medium,18.7,Yes,Yes,Poor,Paid,3,Dropout
S06291,11,Male,77,29,High,12.3,Yes,Yes,Average,Paid,2,Not Dropout
S06292,18,Male,58,57,Medium,15.1,No,No,Average,Unpaid,3,Not Dropout
S06293,15,Male,82,36,Medium,16.1,No,Yes,Poor,Unpaid,3,Dropout
S06294,15,Male,45,26,High,9.4,Yes,No,Poor,Paid,3,Not Dropout
S06295,11,Female,57,32,High,18.6,No,No,Good,Paid,2,Not Dropout
S06296,18,Male,80,57,Medium,4.7,Yes,Yes,Good,Paid,3,Not Dropout
S06297,12,Female,53,53,Low,12.8,No,No,Poor,Paid,1,Not Dropout
S06298,13,Female,80,54,Medium,10.2,Yes,No,Good,Paid,3,Not Dropout
S06299,18,Male,95,30,Medium,11.9,No,No,Good,Paid,1,Not Dropout
S06300,12,Female,60,77,High,16.7,No,Yes,Good,Overdue (3+ Months),3,Not Dropout
S06301,18,Male,98,60,High,17.6,Yes,Yes,Good,Paid,1,Not Dropout
S06302,12,Female,93,77,Low,13.5,No,No,Good,Unpaid,4,Not Dropout
S06303,15,Male,72,89,Medium,3.2,No,Yes,Good,Paid,2,Not Dropout
S06304,15,Male,73,87,High,5.6,Yes,Yes,Good,Paid,2,Not Dropout
S06305,12,Male,71,80,Medium,17.9,Yes,Yes,Poor,Overdue (3+ Months),0,Dropout
S06306,13,Male,97,66,High,5.9,No,Yes,Good,Overdue (3+ Months),2,Not Dropout
S06307,17,Male,47,45,Medium,7.6,Yes,Yes,Average,Paid,4,Dropout
S06308,15,Female,59,21,Low,3.5,No,No,Average,Overdue (3+ Months),3,Not Dropout
S06309,12,Female,50,94,Low,1.3,No,No,Poor,Paid,0,Not Dropout
S06310,17,Female,61,62,Medium,7.1,No,No,Average,Paid,0,Not Dropout
S06311,18,Female,91,43,High,17.8,Yes,No,Average,Unpaid,3,Not Dropout
S06312,14,Female,46,83,Low,15.5,Yes,No,Poor,Paid,1,Not Dropout
S06313,14,Female,51,71,High,0.8,No,No,Good,Paid,0,Not Dropout
S06314,14,Female,76,56,High,13.9,No,Yes,Good,Paid,4,Not Dropout
S06315,14,Female,81,40,High,4.7,No,Yes,Average,Paid,5,Not Dropout
S06316,12,Male,71,90,Low,5.8,Yes,No,Good,Paid,5,Not Dropout
S06317,12,Female,36,23,Medium,4.9,No,No,Good,Unpaid,5,Dropout
S06318,11,Male,72,92,High,5.2,Yes,No,Average,Unpaid,2,Not Dropout
S06319,12,Female,76,87,High,6.3,No,Yes,Average,Unpaid,3,Not Dropout
S06320,16,Male,90,40,Low,6.8,No,No,Good,Paid,4,Not Dropout
S06321,16,Female,56,39,Low,19.1,Yes,No,Average,Overdue (3+ Months),1,Dropout
S06322,14,Male,73,47,Low,2.3,Yes,Yes,Average,Unpaid,0,Dropout
S06323,13,Female,40,36,Medium,3.8,No,Yes,Average,Unpaid,5,Dropout
S06324,12,Male,55,23,Medium,3.0,Yes,No,Good,Paid,1,Not Dropout
S06325,18,Male,87,26,Medium,19.0,No,No,Average,Overdue (3+ Months),4,Not Dropout
S06326,11,Female,41,80,Medium,8.6,Yes,Yes,Poor,Overdue (3+ Months),4,Dropout
S06327,11,Male,47,32,Low,12.7,Yes,No,Average,Paid,5,Dropout
S06328,13,Male,78,48,High,4.4,No,Yes,Good,Overdue (3+ Months),2,Not Dropout
S06329,17,Male,41,55,Low,11.9,Yes,Yes,Poor,Paid,1,Dropout
S06330,13,Male,34,66,Medium,16.3,No,No,Good,Overdue (3+ Months),1,Not Dropout
S06331,16,Male,36,49,Low,6.2,Yes,Yes,Good,Paid,3,Dropout
S06332,16,Female,93,81,Low,18.6,No,Yes,Poor,Unpaid,1,Dropout
S06333,15,Male,65,61,High,9.6,No,No,Poor,Paid,0,Not Dropout
S06334,16,Female,61,43,High,4.3,No,No,Good,Unpaid,3,Not Dropout
S06335,17,Male,54,24,Medium,0.6,No,No,Good,Paid,0,Not Dropout
S06336,17,Male,57,47,Low,7.9,Yes,No,Good,Paid,2,Not Dropout
S06337,12,Female,88,97,High,5.4,Yes,No,Good,Paid,2,Not Dropout
S06338,18,Female,86,93,High,4.5,Yes,Yes,Average,Paid,3,Not Dropout
S06339,12,Male,47,44,Medium,8.2,Yes,No,Good,Unpaid,1,Not Dropout
S06340,13,Male,31,74,Medium,4.2,No,No,Good,Paid,1,Not Dropout
S06341,16,Female,93,34,High,10.8,Yes,Yes,Poor,Paid,5,Dropout
S06342,16,Female,43,95,Low,0.7,No,No,Good,Paid,0,Not Dropout
S06343,11,Female,77,34,High,11.5,No,Yes,Poor,Paid,5,Dropout
S06344,14,Female,86,66,High,19.3,No,Yes,Average,Unpaid,3,Not Dropout
S06345,13,Male,87,39,Low,2.0,Yes,Yes,Good,Paid,4,Dropout
S06346,12,Male,55,53,Medium,5.2,Yes,Yes,Good,Paid,4,Not Dropout
S06347,14,Female,70,62,Medium,10.4,No,No,Poor,Overdue (3+ Months),1,Not Dropout
S06348,14,Male,36,64,High,0.9,No,No,Good,Paid,0,Not Dropout
S06349,17,Male,47,61,Medium,8.8,No,Yes,Average,Unpaid,3,Not Dropout
S06350,12,Male,31,82,High,19.5,Yes,Yes,Poor,Paid,5,Dropout
S06351,18,Female,82,57,High,6.6,No,No,Good,Unpaid,5,Not Dropout
S06352,18,Male,66,36,Medium,15.2,No,Yes,Good,Paid,2,Not Dropout
S06353,14,Male,62,38,Medium,16.0,No,Yes,Good,Unpaid,0,Not Dropout
S06354,12,Female,68,96,High,3.4,No,Yes,Good,Overdue (3+ Months),2,Not Dropout
S06355,15,Male,81,65,High,18.8,No,Yes,Good,Overdue (3+ Months),4,Not Dropout
S06356,11,Male,44,44,Medium,19.4,No,No,Poor,Paid,0,Not Dropout
S06357,12,Female,87,56,Medium,1.6,Yes,Yes,Poor,Unpaid,0,Dropout
S06358,15,Female,58,68,High,8.2,Yes,No,Good,Paid,1,Not Dropout
S06359,13,Female,91,90,High,6.2,Yes,No,Average,Unpaid,4,Not Dropout
S06360,18,Male,91,99,High,18.2,Yes,Yes,Good,Paid,3,Not Dropout
S06361,16,Female,97,50,Low,4.1,Yes,No,Average,Unpaid,2,Not Dropout
S06362,12,Male,59,21,High,15.7,No,Yes,Average,Paid,0,Not Dropout
S06363,11,Male,97,27,High,7.5,No,No,Good,Paid,1,Not Dropout
S06364,11,Female,36,94,Low,6.4,Yes,Yes,Average,Overdue (3+ Months),1,Dropout
S06365,13,Male,31,32,Low,16.8,Yes,No,Poor,Paid,0,Dropout
S06366,17,Female,81,76,Medium,19.5,Yes,Yes,Average,Paid,2,Not Dropout
S06367,13,Female,60,26,Medium,12.0,No,Yes,Average,Paid,1,Not Dropout
S06368,16,Female,67,93,Low,5.8,No,Yes,Good,Paid,5,Not Dropout
S06369,14,Male,83,87,High,11.5,Yes,Yes,Good,Overdue (3+ Months),4,Dropout
S06370,16,Male,97,74,Medium,18.9,No,Yes,Average,Unpaid,3,Not Dropout
S06371,13,Male,79,65,Low,4.6,No,Yes,Average,Paid,2,Not Dropout
S06372,13,Male,96,53,Low,17.7,Yes,No,Good,Paid,2,Not Dropout
S06373,17,Female,72,73,Medium,9.7,Yes,No,Average,Paid,3,Not Dropout
S06374,13,Male,68,28,High,17.4,Yes,No,Good,Paid,0,Not Dropout
S06375,12,Female,91,42,Medium,10.5,Yes,Yes,Poor,Paid,5,Dropout
S06376,12,Female,84,76,Medium,2.1,Yes,Yes,Average,Paid,2,Not Dropout
S06377,11,Male,91,81,Low,5.5,No,No,Poor,Paid,1,Not Dropout
S06378,11,Male,61,45,High,10.8,Yes,Yes,Poor,Paid,2,Dropout
S06379,11,Female,91,43,Low,9.4,Yes,No,Poor,Paid,5,Dropout
S06380,16,Female,49,61,High,3.2,Yes,No,Good,Paid,0,Not Dropout
S06381,18,Female,84,75,Low,12.2,Yes,Yes,Poor,Unpaid,0,Dropout
S06382,13,Male,44,67,Low,13.6,Yes,No,Average,Overdue (3+ Months),2,Dropout
S06383,13,Male,31,59,Medium,19.0,No,Yes,Poor,Paid,4,Dropout
S06384,11,Male,85,46,Medium,4.6,No,Yes,Poor,Unpaid,1,Dropout
S06385,16,Female,50,25,High,7.4,Yes,No,Good,Paid,2,Not Dropout
S06386,15,Female,57,33,High,8.7,No,Yes,Good,Unpaid,1,Not Dropout
S06387,14,Female,93,30,Low,4.4,Yes,No,Average,Overdue (3+ Months),3,Dropout
S06388,16,Female,80,47,High,16.6,No,No,Average,Unpaid,2,Not Dropout
S06389,15,Male,78,56,Medium,16.2,No,No,Good,Unpaid,0,Not Dropout
S06390,18,Female,38,61,High,10.2,No,Yes,Average,Paid,0,Not Dropout
S06391,14,Male,45,74,Low,9.3,Yes,Yes,Average,Paid,4,Dropout
S06392,14,Male,87,75,Medium,10.6,Yes,No,Poor,Paid,4,Not Dropout
S06393,14,Female,95,26,Medium,15.4,Yes,Yes,Good,Paid,3,Not Dropout
S06394,11,Male,66,72,High,13.0,No,Yes,Good,Unpaid,3,Not Dropout
S06395,16,Male,61,95,Low,6.4,Yes,No,Good,Paid,4,Not Dropout
S06396,14,Female,40,33,High,8.6,No,No,Average,Paid,5,Not Dropout
S06397,16,Female,72,100,High,11.3,No,Yes,Average,Paid,0,Not Dropout
S06398,15,Male,66,51,Medium,13.5,Yes,No,Good,Paid,1,Not Dropout
S06399,15,Female,86,99,Low,10.6,No,No,Average,Unpaid,3,Not Dropout
S06400,13,Male,47,98,High,12.6,Yes,Yes,Good,Paid,0,Not Dropout
S06401,16,Female,79,53,Medium,7.8,No,No,Poor,Paid,4,Not Dropout
S06402,11,Male,70,61,Low,10.1,Yes,No,Good,Paid,2,Not Dropout
S06403,12,Female,49,89,Low,11.0,Yes,No,Average,Paid,5,Not Dropout
S06404,17,Female,87,45,Medium,10.2,No,No,Average,Unpaid,1,Not Dropout
S06405,17,Male,60,67,Low,17.2,No,Yes,Average,Paid,1,Not Dropout
S06406,13,Male,53,32,Low,0.9,Yes,Yes,Average,Paid,5,Dropout
S06407,15,Female,78,57,Medium,4.8,No,No,Good,Paid,5,Not Dropout
S06408,16,Male,34,45,High,3.4,Yes,No,Good,Unpaid,2,Dropout
S06409,13,Female,35,95,Medium,19.6,No,No,Poor,Unpaid,3,Not Dropout
S06410,17,Female,93,55,Medium,19.7,No,No,Poor,Paid,3,Not Dropout
S06411,16,Male,40,69,Medium,17.5,Yes,Yes,Good,Unpaid,0,Dropout
S06412,14,Male,85,72,Medium,3.5,No,Yes,Average,Paid,2,Not Dropout
S06413,14,Female,64,29,Low,8.3,Yes,Yes,Average,Paid,1,Dropout
S06414,17,Female,90,50,High,3.9,Yes,No,Average,Paid,0,Not Dropout
S06415,18,Male,72,70,Low,8.8,Yes,Yes,Average,Paid,0,Not Dropout
S06416,12,Male,46,20,Low,18.1,Yes,No,Poor,Unpaid,5,Dropout
S06417,18,Male,97,57,High,13.6,Yes,No,Good,Unpaid,4,Not Dropout
S06418,18,Female,46,76,High,12.1,Yes,No,Poor,Paid,3,Not Dropout
S06419,14,Male,60,74,Medium,3.2,No,Yes,Good,Paid,3,Not Dropout
S06420,17,Male,72,22,High,16.6,Yes,No,Average,Paid,3,Not Dropout
S06421,14,Female,77,64,Low,18.1,No,Yes,Good,Paid,3,Not Dropout
S06422,15,Female,70,38,Medium,3.9,No,Yes,Good,Paid,5,Not Dropout
S06423,16,Female,55,29,Low,19.9,Yes,No,Average,Paid,4,Dropout
S06424,15,Male,70,78,Low,10.4,Yes,Yes,Average,Paid,3,Not Dropout
S06425,14,Male,33,74,Medium,1.5,Yes,Yes,Good,Paid,3,Not Dropout
S06426,17,Female,52,36,High,0.7,No,Yes,Average,Overdue (3+ Months),2,Not Dropout
S06427,12,Female,33,99,Low,15.0,Yes,Yes,Average,Paid,2,Dropout
S06428,17,Male,77,29,Low,19.5,Yes,No,Good,Unpaid,5,Dropout
S06429,16,Female,98,69,Medium,8.4,Yes,Yes,Average,Unpaid,3,Not Dropout
S06430,16,Male,71,98,High,9.0,No,No,Average,Paid,4,Not Dropout
S06431,11,Male,96,72,Medium,14.7,No,Yes,Average,Unpaid,3,Not Dropout
S06432,11,Female,43,21,Medium,5.1,Yes,Yes,Poor,Unpaid,0,Dropout
S06433,16,Female,64,78,High,12.1,Yes,Yes,Good,Paid,0,Not Dropout
S06434,12,Female,31,39,High,19.4,No,Yes,Average,Paid,2,Not Dropout
S06435,17,Male,92,97,Medium,15.1,No,Yes,Average,Paid,3,Not Dropout
S06436,17,Female,69,89,High,2.5,Yes,No,Good,Unpaid,0,Not Dropout
S06437,12,Male,65,61,Medium,9.4,No,No,Average,Paid,5,Not Dropout
S06438,13,Male,35,60,Low,13.4,No,No,Good,Paid,3,Not Dropout
S06439,12,Female,32,26,Low,3.7,No,Yes,Poor,Unpaid,5,Dropout
S06440,12,Female,86,85,High,6.5,Yes,No,Good,Paid,2,Not Dropout
S06441,13,Female,37,21,Medium,8.3,No,No,Good,Overdue (3+ Months),4,Dropout
S06442,15,Female,92,91,High,14.1,No,No,Good,Paid,3,Not Dropout
S06443,14,Male,98,78,Medium,1.6,No,Yes,Poor,Paid,5,Not Dropout
S06444,12,Female,39,78,High,6.6,Yes,No,Poor,Paid,2,Not Dropout
S06445,11,Female,43,32,High,4.2,No,Yes,Good,Unpaid,5,Dropout
S06446,14,Male,67,81,Low,18.8,No,Yes,Poor,Paid,5,Dropout
S06447,18,Female,65,79,High,11.6,Yes,No,Good,Paid,1,Not Dropout
S06448,12,Male,86,89,Low,12.3,No,Yes,Average,Paid,5,Not Dropout
S06449,15,Female,40,47,High,7.9,Yes,No,Average,Paid,1,Not Dropout
S06450,18,Female,49,79,Low,1.3,Yes,Yes,Good,Paid,5,Dropout
S06451,18,Male,58,63,Low,10.3,Yes,No,Average,Paid,3,Not Dropout
S06452,16,Female,62,53,Medium,16.2,No,No,Average,Paid,0,Not Dropout
S06453,16,Male,81,72,High,4.5,No,No,Average,Unpaid,2,Not Dropout
S06454,16,Male,56,41,High,1.1,No,No,Average,Unpaid,0,Not Dropout
S06455,15,Male,72,67,Low,7.4,Yes,No,Average,Paid,0,Not Dropout
S06456,18,Female,39,64,Low,11.7,No,No,Good,Paid,0,Not Dropout
S06457,16,Male,67,51,High,0.5,No,No,Average,Paid,0,Not Dropout
S06458,16,Female,31,61,Medium,18.3,No,No,Good,Paid,3,Not Dropout
S06459,14,Female,32,84,Low,0.8,Yes,Yes,Average,Unpaid,0,Dropout
S06460,18,Male,84,26,Medium,7.0,Yes,Yes,Good,Paid,2,Not Dropout
S06461,11,Male,33,60,High,13.8,No,Yes,Good,Overdue (3+ Months),2,Not Dropout
S06462,16,Female,67,80,Medium,15.3,No,Yes,Poor,Paid,1,Not Dropout
S06463,11,Male,39,99,Medium,17.1,No,Yes,Good,Unpaid,3,Not Dropout
S06464,15,Male,81,89,Low,13.8,No,Yes,Poor,Paid,4,Dropout
S06465,13,Female,34,41,Medium,7.5,No,No,Average,Paid,3,Not Dropout
S06466,15,Male,36,61,Medium,5.3,Yes,Yes,Average,Paid,3,Not Dropout
S06467,12,Female,78,26,Low,19.4,Yes,No,Good,Paid,1,Not Dropout
S06468,18,Male,50,99,Medium,0.8,No,Yes,Poor,Paid,3,Not Dropout
S06469,13,Female,68,100,High,7.8,Yes,No,Good,Unpaid,3,Not Dropout
S06470,17,Female,93,29,Low,2.7,No,Yes,Average,Unpaid,1,Dropout
S06471,16,Female,70,51,Medium,9.1,Yes,No,Good,Unpaid,5,Not Dropout
S06472,18,Male,54,79,High,9.1,Yes,Yes,Poor,Paid,1,Not Dropout
S06473,18,Male,65,95,Medium,0.5,No,Yes,Average,Paid,5,Not Dropout
S06474,14,Female,33,94,Low,4.3,Yes,No,Average,Paid,3,Not Dropout
S06475,14,Male,50,71,Low,16.8,No,No,Average,Paid,5,Not Dropout
S06476,18,Female,88,39,Medium,12.7,Yes,No,Good,Unpaid,2,Not Dropout
S06477,15,Female,90,66,Medium,18.9,No,Yes,Good,Paid,3,Not Dropout
S06478,16,Female,90,50,Low,1.3,Yes,No,Average,Unpaid,0,Not Dropout
S06479,15,Female,95,63,Medium,2.6,No,No,Average,Paid,3,Not Dropout
S06480,11,Male,81,25,Medium,1.6,Yes,Yes,Average,Paid,3,Not Dropout
S06481,12,Female,32,70,Low,9.5,No,No,Average,Overdue (3+ Months),3,Not Dropout
S06482,17,Male,78,52,Low,12.8,Yes,Yes,Poor,Unpaid,4,Dropout
S06483,13,Male,30,80,High,9.6,Yes,Yes,Average,Paid,0,Not Dropout
S06484,15,Female,93,58,Low,12.5,Yes,No,Poor,Overdue (3+ Months),0,Dropout
S06485,15,Female,40,85,Low,2.9,Yes,No,Average,Paid,1,Not Dropout
S06486,14,Female,45,97,Medium,14.2,No,Yes,Poor,Paid,1,Not Dropout
S06487,13,Male,88,44,Medium,17.5,No,Yes,Average,Unpaid,3,Not Dropout
S06488,16,Female,30,72,High,8.4,Yes,No,Good,Paid,1,Not Dropout
S06489,15,Female,41,28,High,8.5,No,No,Average,Paid,4,Not Dropout
S06490,16,Male,83,66,Low,2.7,Yes,No,Average,Overdue (3+ Months),0,Not Dropout
S06491,13,Male,98,89,Low,9.4,Yes,No,Good,Paid,3,Not Dropout
S06492,16,Female,66,47,Medium,11.8,No,No,Poor,Paid,5,Not Dropout
S06493,13,Male,76,39,High,9.5,No,Yes,Poor,Paid,5,Dropout
S06494,13,Male,45,78,High,13.0,No,Yes,Average,Unpaid,4,Not Dropout
S06495,18,Male,36,97,High,12.6,No,Yes,Poor,Unpaid,1,Dropout
S06496,18,Male,73,52,High,8.7,No,No,Average,Paid,0,Not Dropout
S06497,17,Male,91,68,Medium,9.4,Yes,No,Poor,Paid,2,Not Dropout
S06498,13,Female,34,49,Low,7.9,No,No,Average,Overdue (3+ Months),3,Dropout
S06499,11,Female,35,32,Medium,4.0,No,No,Average,Overdue (3+ Months),1,Not Dropout
S06500,13,Male,72,96,Medium,9.3,Yes,Yes,Average,Paid,2,Not Dropout
S06501,15,Male,68,51,High,4.6,Yes,Yes,Poor,Paid,5,Dropout
S06502,13,Female,87,90,Low,7.7,No,Yes,Good,Overdue (3+ Months),4,Dropout
S06503,17,Female,91,55,Medium,5.7,No,Yes,Good,Paid,2,Not Dropout
S06504,18,Male,33,95,Low,16.1,Yes,No,Average,Paid,5,Dropout
S06505,16,Female,51,95,High,3.1,No,Yes,Good,Paid,0,Not Dropout
S06506,12,Female,58,100,Medium,5.2,Yes,No,Good,Overdue (3+ Months),2,Not Dropout
S06507,15,Female,66,90,Medium,19.6,No,Yes,Good,Paid,3,Not Dropout
S06508,12,Male,65,93,High,1.2,No,No,Poor,Paid,2,Not Dropout
S06509,16,Female,69,93,High,18.6,No,Yes,Good,Overdue (3+ Months),2,Not Dropout
S06510,12,Female,71,27,Medium,11.6,No,Yes,Poor,Unpaid,3,Dropout
S06511,18,Male,74,75,Low,5.0,Yes,No,Average,Paid,4,Not Dropout
S06512,12,Male,76,70,Low,11.8,No,No,Average,Paid,4,Not Dropout
S06513,17,Female,80,70,High,8.0,No,No,Good,Paid,2,Not Dropout
S06514,14,Female,68,22,High,15.9,Yes,No,Average,Overdue (3+ Months),0,Not Dropout
S06515,12,Female,76,85,High,7.7,Yes,No,Good,Unpaid,3,Not Dropout
S06516,18,Male,47,22,Medium,17.4,No,No,Poor,Paid,1,Not Dropout
S06517,16,Male,65,78,Low,12.5,No,Yes,Average,Paid,3,Not Dropout
S06518,13,Female,74,65,Low,6.5,Yes,Yes,Average,Unpaid,2,Dropout
S06519,18,Male,36,30,Medium,8.6,Yes,Yes,Average,Paid,3,Dropout
S06520,14,Female,38,61,Low,12.0,Yes,No,Good,Paid,4,Dropout
S06521,13,Male,33,27,Medium,6.9,No,Yes,Average,Unpaid,3,Dropout
S06522,18,Female,77,84,Medium,3.1,Yes,No,Poor,Paid,1,Not Dropout
S06523,12,Female,54,32,High,1.3,No,Yes,Good,Overdue (3+ Months),2,Not Dropout
S06524,11,Female,73,64,High,4.2,Yes,No,Average,Paid,3,Not Dropout
S06525,14,Male,65,33,Low,18.3,No,Yes,Good,Unpaid,2,Dropout
S06526,13,Male,97,60,High,14.4,Yes,No,Good,Unpaid,2,Not Dropout
S06527,13,Male,96,32,Low,1.8,No,Yes,Average,Paid,3,Not Dropout
S06528,17,Male,40,48,Low,2.8,Yes,Yes,Average,Overdue (3+ Months),0,Dropout
S06529,13,Female,81,63,Low,11.4,No,No,Good,Unpaid,0,Not Dropout
S06530,14,Male,39,62,Low,14.5,Yes,No,Good,Paid,1,Not Dropout
S06531,13,Female,55,47,Low,9.8,Yes,No,Good,Paid,5,Dropout
S06532,18,Female,54,26,High,14.2,Yes,Yes,Poor,Overdue (3+ Months),2,Dropout
S06533,18,Male,52,38,Low,1.8,Yes,Yes,Good,Paid,4,Dropout
S06534,18,Female,69,83,Low,5.4,No,Yes,Poor,Paid,3,Not Dropout
S06535,18,Female,96,40,Low,19.4,No,No,Good,Paid,2,Not Dropout
S06536,16,Male,59,70,Medium,12.2,No,No,Good,Paid,5,Not Dropout
S06537,18,Female,44,84,Medium,7.7,Yes,No,Poor,Overdue (3+ Months),4,Dropout
S06538,14,Male,36,73,Low,6.9,Yes,Yes,Poor,Paid,3,Dropout
S06539,14,Male,37,90,Low,7.4,No,No,Good,Paid,1,Not Dropout
S06540,15,Male,44,91,Low,3.2,Yes,No,Average,Paid,4,Dropout
S06541,13,Male,67,47,Low,1.0,No,Yes,Average,Paid,3,Not Dropout
S06542,12,Male,56,36,Low,8.8,No,No,Good,Unpaid,2,Not Dropout
S06543,14,Female,83,49,High,10.3,No,No,Average,Unpaid,5,Not Dropout
S06544,17,Male,97,88,Medium,7.6,No,Yes,Good,Paid,0,Not Dropout
S06545,13,Female,30,78,Low,14.7,No,No,Poor,Paid,4,Dropout
S06546,15,Male,78,83,Medium,3.5,No,Yes,Good,Paid,4,Not Dropout
S06547,15,Male,97,66,Low,4.2,No,Yes,Good,Unpaid,5,Dropout
S06548,14,Male,33,80,Medium,19.9,Yes,Yes,Good,Unpaid,5,Dropout
S06549,16,Female,52,44,High,19.4,Yes,Yes,Good,Paid,4,Dropout
S06550,15,Male,75,53,Low,3.1,Yes,Yes,Average,Paid,3,Not Dropout
S06551,18,Male,86,84,Medium,3.8,Yes,No,Good,Unpaid,4,Not Dropout
S06552,16,Female,82,41,Low,7.9,Yes,No,Poor,Overdue (3+ Months),2,Dropout
S06553,17,Female,87,26,High,6.7,Yes,No,Good,Paid,1,Not Dropout
S06554,14,Male,91,90,Low,1.5,Yes,Yes,Average,Paid,1,Not Dropout
S06555,17,Male,56,21,Low,15.6,No,No,Good,Paid,2,Not Dropout
S06556,16,Male,78,44,Low,5.9,No,Yes,Average,Paid,3,Not Dropout
S06557,16,Female,64,60,Medium,16.3,Yes,No,Good,Paid,4,Not Dropout
S06558,15,Male,97,49,Low,7.7,No,No,Good,Paid,3,Not Dropout
S06559,14,Female,78,39,Medium,3.8,No,No,Poor,Overdue (3+ Months),4,Dropout
S06560,16,Male,35,22,High,7.2,No,No,Good,Unpaid,3,Not Dropout
S06561,13,Female,33,27,Medium,2.3,No,Yes,Good,Paid,2,Not Dropout
S06562,15,Female,92,61,Low,13.8,Yes,No,Average,Paid,0,Not Dropout
S06563,11,Male,88,74,Medium,11.3,Yes,Yes,Poor,Overdue (3+ Months),1,Dropout
S06564,12,Male,74,32,Medium,19.0,No,Yes,Good,Paid,3,Not Dropout
S06565,17,Male,39,38,High,12.2,Yes,No,Average,Overdue (3+ Months),4,Dropout
S06566,11,Male,62,35,Low,19.4,Yes,No,Good,Paid,5,Dropout
S06567,18,Female,39,98,High,3.9,No,Yes,Good,Paid,1,Not Dropout
S06568,16,Male,84,56,Medium,17.5,No,No,Poor,Unpaid,5,Not Dropout
S06569,17,Male,32,44,High,10.3,No,Yes,Good,Paid,0,Not Dropout
S06570,13,Male,55,39,Medium,14.0,Yes,Yes,Good,Paid,2,Not Dropout
S06571,17,Male,49,81,High,6.8,Yes,Yes,Poor,Paid,5,Dropout
S06572,17,Male,68,73,Low,10.6,No,No,Good,Unpaid,3,Not Dropout
S06573,13,Female,59,94,Low,4.8,Yes,Yes,Average,Paid,2,Not Dropout
S06574,12,Female,33,29,High,7.9,Yes,Yes,Average,Unpaid,0,Dropout
S06575,15,Female,62,26,Low,2.3,Yes,Yes,Average,Paid,3,Dropout
S06576,16,Female,95,44,Medium,20.0,No,No,Average,Overdue (3+ Months),4,Not Dropout
S06577,12,Male,45,90,Low,5.5,Yes,No,Average,Paid,3,Not Dropout
S06578,11,Female,78,90,Low,10.9,Yes,Yes,Poor,Overdue (3+ Months),2,Dropout
S06579,15,Male,73,42,High,14.8,Yes,Yes,Average,Paid,1,Not Dropout
S06580,18,Male,31,89,Low,3.6,No,No,Good,Paid,5,Not Dropout
S06581,13,Female,81,29,Low,19.9,No,No,Good,Paid,2,Not Dropout
S06582,16,Male,94,69,Medium,5.4,No,No,Average,Unpaid,2,Not Dropout
S06583,16,Male,32,68,High,3.9,No,Yes,Poor,Paid,2,Not Dropout
S06584,12,Male,38,30,High,0.7,Yes,No,Good,Paid,3,Not Dropout
S06585,15,Male,60,50,Medium,4.2,Yes,No,Poor,Overdue (3+ Months),5,Dropout
S06586,11,Female,33,22,Low,4.7,No,No,Good,Paid,2,Not Dropout
S06587,12,Female,97,50,High,9.0,Yes,Yes,Poor,Paid,5,Dropout
S06588,17,Male,84,85,Medium,12.0,No,Yes,Good,Paid,1,Not Dropout
S06589,12,Male,68,35,High,14.3,No,Yes,Average,Unpaid,0,Not Dropout
S06590,17,Female,78,47,Medium,4.4,Yes,No,Average,Paid,5,Not Dropout
S06591,15,Female,78,68,High,11.7,Yes,No,Average,Paid,5,Not Dropout
S06592,18,Male,48,82,Low,8.1,Yes,No,Average,Paid,0,Not Dropout
S06593,16,Female,52,78,High,16.3,Yes,Yes,Good,Paid,0,Not Dropout
S06594,16,Female,79,76,High,6.2,No,Yes,Poor,Overdue (3+ Months),4,Dropout
S06595,13,Male,45,80,High,11.0,Yes,No,Good,Paid,0,Not Dropout
S06596,18,Male,84,38,Medium,14.3,Yes,Yes,Average,Paid,3,Not Dropout
S06597,16,Female,77,36,Medium,9.9,No,No,Good,Paid,2,Not Dropout
S06598,11,Male,45,58,Low,6.4,No,No,Average,Paid,3,Not Dropout
S06599,18,Female,90,58,Low,10.2,Yes,Yes,Good,Unpaid,4,Dropout
S06600,18,Male,54,84,Low,18.4,No,Yes,Average,Unpaid,1,Not Dropout
S06601,16,Female,46,43,Low,13.1,Yes,Yes,Average,Paid,5,Dropout
S06602,18,Female,92,65,Medium,16.2,Yes,Yes,Average,Paid,5,Not Dropout
S06603,18,Male,68,97,Medium,3.2,No,No,Average,Paid,1,Not Dropout
S06604,14,Female,70,100,Low,5.1,No,Yes,Average,Paid,1,Not Dropout
S06605,13,Female,63,49,Medium,5.5,Yes,No,Good,Overdue (3+ Months),1,Not Dropout
S06606,14,Female,38,37,Low,5.4,Yes,Yes,Poor,Paid,1,Dropout
S06607,15,Female,72,77,Low,3.8,Yes,No,Average,Overdue (3+ Months),5,Dropout
S06608,17,Male,48,64,Low,8.0,Yes,Yes,Average,Overdue (3+ Months),3,Dropout
S06609,13,Male,66,38,Medium,7.3,Yes,Yes,Good,Paid,5,Dropout
S06610,17,Male,90,25,Low,16.1,No,Yes,Average,Unpaid,3,Dropout
S06611,17,Male,38,76,High,16.4,No,Yes,Average,Paid,1,Not Dropout
S06612,18,Male,61,34,High,13.4,Yes,No,Good,Overdue (3+ Months),1,Not Dropout
S06613,15,Male,35,23,Low,10.5,No,Yes,Good,Paid,1,Dropout
S06614,13,Male,56,70,High,15.0,No,Yes,Average,Overdue (3+ Months),1,Not Dropout
S06615,16,Female,49,78,Medium,7.2,No,Yes,Average,Paid,5,Not Dropout
S06616,16,Female,78,25,Low,11.3,Yes,No,Average,Unpaid,5,Dropout
S06617,14,Male,34,32,Low,4.4,Yes,Yes,Good,Unpaid,0,Dropout
S06618,13,Male,92,20,High,19.5,Yes,Yes,Good,Unpaid,4,Dropout
S06619,12,Male,33,80,High,5.2,No,No,Poor,Paid,0,Not Dropout
S06620,11,Female,98,62,High,6.9,No,Yes,Average,Unpaid,4,Not Dropout
S06621,14,Female,42,30,High,9.6,No,No,Poor,Paid,2,Not Dropout
S06622,15,Female,36,78,High,6.9,No,Yes,Good,Unpaid,2,Not Dropout
S06623,13,Male,79,34,Low,7.0,No,No,Average,Paid,5,Not Dropout
S06624,14,Male,55,24,Low,18.4,No,No,Good,Paid,0,Not Dropout
S06625,18,Male,94,56,Low,7.2,No,No,Good,Paid,1,Not Dropout
S06626,14,Female,36,30,Low,16.9,No,Yes,Good,Paid,2,Dropout
S06627,12,Female,52,74,Low,3.6,Yes,Yes,Good,Paid,0,Not Dropout
S06628,12,Female,79,80,High,0.9,No,Yes,Average,Paid,1,Not Dropout
S06629,18,Male,53,47,Low,5.9,Yes,No,Average,Overdue (3+ Months),5,Dropout
S06630,12,Male,76,41,Medium,8.7,No,No,Average,Overdue (3+ Months),1,Not Dropout
S06631,17,Male,47,69,High,4.7,Yes,Yes,Poor,Paid,1,Not Dropout
S06632,13,Female,73,79,Low,8.4,No,Yes,Average,Unpaid,0,Not Dropout
S06633,17,Female,93,58,Low,8.3,No,No,Poor,Paid,3,Not Dropout
S06634,13,Female,86,44,High,1.3,Yes,Yes,Good,Overdue (3+ Months),2,Dropout
S06635,17,Female,47,39,Medium,16.6,No,Yes,Poor,Overdue (3+ Months),4,Dropout
S06636,13,Male,50,56,Low,11.3,No,No,Poor,Paid,1,Not Dropout
S06637,12,Female,66,63,High,5.0,No,No,Average,Paid,0,Not Dropout
S06638,15,Male,73,62,Medium,16.1,Yes,No,Good,Paid,4,Not Dropout
S06639,18,Female,60,44,Medium,14.7,No,Yes,Good,Overdue (3+ Months),4,Dropout
S06640,15,Male,67,62,High,3.6,No,Yes,Average,Paid,3,Not Dropout
S06641,15,Female,60,57,High,3.0,Yes,Yes,Good,Paid,1,Not Dropout
S06642,17,Male,75,86,Low,2.8,Yes,Yes,Poor,Paid,3,Dropout
S06643,14,Female,96,40,Medium,7.6,No,Yes,Poor,Paid,2,Not Dropout
S06644,15,Female,92,39,Medium,11.5,Yes,No,Poor,Unpaid,1,Dropout
S06645,13,Female,98,29,Low,10.1,Yes,Yes,Poor,Overdue (3+ Months),5,Dropout
S06646,18,Male,96,35,High,8.3,Yes,No,Poor,Paid,2,Not Dropout
S06647,11,Female,76,25,Low,10.4,Yes,No,Good,Paid,0,Not Dropout
S06648,16,Female,51,92,Low,10.0,No,No,Average,Paid,1,Not Dropout
S06649,11,Male,79,77,Low,2.6,No,Yes,Average,Overdue (3+ Months),4,Dropout
S06650,13,Female,31,98,High,9.9,No,No,Average,Paid,1,Not Dropout
S06651,17,Female,57,25,Low,1.5,Yes,Yes,Good,Overdue (3+ Months),1,Dropout
S06652,17,Male,52,60,Medium,5.4,No,No,Good,Paid,5,Not Dropout
S06653,17,Female,59,26,High,2.7,Yes,No,Good,Paid,1,Not Dropout
S06654,18,Female,60,25,Medium,0.6,No,Yes,Good,Paid,5,Not Dropout
S06655,15,Female,54,83,High,16.0,No,No,Poor,Unpaid,1,Not Dropout
S06656,12,Female,38,22,Low,9.1,No,No,Good,Paid,3,Not Dropout
S06657,12,Female,74,55,High,4.6,No,Yes,Good,Unpaid,1,Not Dropout
S06658,18,Male,67,63,Medium,19.1,No,Yes,Poor,Paid,2,Not Dropout
S06659,14,Male,94,30,Low,2.3,Yes,No,Average,Paid,2,Not Dropout
S06660,18,Female,78,22,Low,6.1,Yes,No,Good,Unpaid,5,Dropout
S06661,15,Male,52,46,Low,13.0,Yes,No,Poor,Paid,3,Dropout
S06662,13,Male,92,84,Medium,4.4,No,No,Average,Paid,4,Not Dropout
S06663,16,Female,45,55,Medium,8.1,Yes,Yes,Poor,Paid,0,Not Dropout
S06664,14,Male,85,41,Low,16.8,Yes,Yes,Average,Paid,3,Dropout
S06665,16,Male,55,87,Medium,7.1,No,Yes,Average,Unpaid,3,Not Dropout
S06666,13,Female,72,54,High,8.2,No,No,Good,Paid,1,Not Dropout
S06667,18,Female,55,82,High,2.9,No,Yes,Poor,Unpaid,4,Dropout
S06668,11,Female,94,21,Low,3.1,Yes,Yes,Average,Paid,0,Dropout
S06669,16,Female,77,24,High,10.6,Yes,No,Average,Overdue (3+ Months),2,Not Dropout
S06670,11,Male,86,92,Medium,19.3,No,Yes,Good,Paid,0,Not Dropout
S06671,18,Male,60,41,Medium,13.2,Yes,No,Poor,Overdue (3+ Months),0,Dropout
S06672,16,Female,59,40,High,16.4,No,No,Good,Unpaid,4,Not Dropout
S06673,15,Female,72,30,High,10.1,No,Yes,Poor,Paid,1,Not Dropout
S06674,18,Male,86,33,Low,13.7,Yes,Yes,Good,Paid,3,Dropout
S06675,18,Male,45,68,High,3.6,No,Yes,Good,Paid,0,Not Dropout
S06676,17,Female,49,36,Low,12.7,No,Yes,Average,Unpaid,2,Dropout
S06677,17,Female,64,87,Medium,16.1,No,Yes,Average,Unpaid,5,Not Dropout
S06678,13,Male,53,31,Medium,14.0,No,Yes,Good,Paid,5,Not Dropout
S06679,17,Female,62,95,Low,1.1,No,No,Poor,Overdue (3+ Months),1,Not Dropout
S06680,17,Male,69,33,High,15.4,No,No,Good,Paid,0,Not Dropout
S06681,14,Female,55,36,High,2.1,Yes,No,Average,Paid,1,Not Dropout
S06682,17,Male,40,77,Medium,11.3,Yes,No,Good,Paid,5,Not Dropout
S06683,16,Male,56,24,Low,12.1,No,Yes,Average,Unpaid,0,Dropout
S06684,18,Female,76,26,High,6.1,Yes,Yes,Poor,Unpaid,0,Dropout
S06685,14,Male,85,44,Low,19.8,No,No,Poor,Overdue (3+ Months),4,Dropout
S06686,13,Female,77,43,Medium,16.2,No,No,Average,Paid,4,Not Dropout
S06687,14,Female,34,92,Low,5.3,No,No,Average,Unpaid,1,Not Dropout
S06688,17,Female,84,44,Medium,16.6,No,No,Poor,Paid,2,Not Dropout
S06689,15,Female,57,76,Medium,12.9,Yes,Yes,Good,Paid,3,Not Dropout
S06690,11,Male,43,66,High,19.0,Yes,Yes,Average,Paid,0,Not Dropout
S06691,18,Male,42,99,Medium,13.3,Yes,Yes,Average,Paid,0,Not Dropout
S06692,15,Male,36,40,Low,5.4,Yes,No,Average,Paid,2,Dropout
S06693,17,Female,34,43,Medium,15.4,No,No,Good,Paid,3,Not Dropout
S06694,18,Male,47,36,Low,19.3,No,No,Average,Paid,4,Not Dropout
S06695,14,Male,66,64,Medium,18.6,Yes,No,Good,Paid,0,Not Dropout
S06696,17,Male,46,40,Low,10.9,Yes,Yes,Good,Paid,2,Dropout
S06697,17,Female,58,49,High,3.9,Yes,Yes,Good,Paid,5,Dropout
S06698,18,Male,75,38,Medium,19.9,No,No,Poor,Unpaid,3,Not Dropout
S06699,16,Male,31,94,Low,16.1,Yes,No,Average,Paid,5,Dropout
S06700,13,Male,78,60,High,18.9,Yes,No,Good,Paid,1,Not Dropout
S06701,14,Female,58,53,Medium,2.7,Yes,No,Average,Paid,2,Not Dropout
S06702,17,Male,56,24,High,19.8,Yes,Yes,Average,Paid,5,Dropout
S06703,11,Female,68,39,High,15.3,Yes,No,Poor,Overdue (3+ Months),2,Dropout
S06704,16,Male,75,78,High,10.4,Yes,Yes,Good,Paid,4,Not Dropout
S06705,18,Male,82,29,Low,13.5,No,Yes,Average,Unpaid,5,Dropout
S06706,16,Female,52,100,High,12.7,Yes,Yes,Average,Paid,1,Not Dropout
S06707,16,Male,60,84,High,1.1,Yes,Yes,Average,Paid,2,Not Dropout
S06708,13,Female,43,37,Low,4.8,No,Yes,Average,Paid,1,Dropout
S06709,16,Male,36,94,High,18.3,Yes,No,Good,Paid,5,Not Dropout
S06710,11,Male,52,100,Low,7.0,No,Yes,Good,Unpaid,5,Dropout
S06711,13,Female,61,39,Low,14.1,No,No,Good,Paid,5,Not Dropout
S06712,15,Female,43,48,Medium,16.2,No,No,Good,Unpaid,4,Dropout
S06713,11,Female,82,37,High,2.7,No,Yes,Poor,Paid,1,Not Dropout
S06714,13,Male,57,27,Medium,3.9,Yes,No,Average,Paid,1,Not Dropout
S06715,13,Female,88,44,Low,10.0,No,No,Good,Paid,4,Not Dropout
S06716,15,Male,69,28,Low,10.0,No,No,Good,Paid,5,Not Dropout
S06717,16,Male,66,43,Medium,10.5,No,No,Average,Paid,2,Not Dropout
S06718,15,Female,97,58,Medium,5.1,No,Yes,Poor,Paid,3,Not Dropout
S06719,18,Male,72,57,High,16.6,No,Yes,Good,Paid,1,Not Dropout
S06720,13,Female,61,68,Low,1.9,Yes,Yes,Good,Paid,4,Dropout
S06721,17,Male,32,46,Low,18.1,No,Yes,Good,Paid,5,Dropout
S06722,17,Female,85,96,High,17.0,No,Yes,Poor,Paid,0,Not Dropout
S06723,14,Male,90,50,Low,19.3,Yes,No,Good,Overdue (3+ Months),5,Dropout
S06724,15,Female,31,81,Medium,2.6,Yes,No,Good,Paid,5,Not Dropout
S06725,15,Female,62,60,Medium,14.4,No,No,Good,Paid,0,Not Dropout
S06726,14,Male,35,65,Medium,14.5,Yes,No,Average,Paid,2,Not Dropout
S06727,15,Female,92,75,High,9.0,No,Yes,Good,Paid,0,Not Dropout
S06728,12,Male,70,91,Low,5.8,Yes,No,Average,Paid,4,Not Dropout
S06729,15,Male,55,88,High,3.3,Yes,No,Good,Paid,0,Not Dropout
S06730,12,Male,49,67,Low,19.4,No,Yes,Poor,Unpaid,4,Dropout
S06731,15,Female,86,94,Low,18.9,Yes,Yes,Good,Unpaid,0,Dropout
S06732,15,Male,90,91,Medium,7.7,Yes,Yes,Good,Paid,0,Not Dropout
S06733,17,Male,55,86,Low,7.8,Yes,Yes,Good,Paid,4,Dropout
S06734,14,Male,56,67,Low,9.2,No,Yes,Good,Paid,2,Not Dropout
S06735,14,Male,95,82,High,18.6,No,Yes,Poor,Unpaid,2,Not Dropout
S06736,15,Male,69,25,Low,3.9,Yes,Yes,Poor,Paid,0,Dropout
S06737,12,Male,91,56,High,9.2,No,Yes,Average,Paid,2,Not Dropout
S06738,12,Male,89,23,High,5.4,No,No,Poor,Paid,0,Not Dropout
S06739,18,Male,30,50,Low,6.1,No,No,Average,Paid,5,Not Dropout
S06740,16,Male,60,73,Medium,9.9,Yes,No,Average,Paid,0,Not Dropout
S06741,17,Female,33,51,Medium,10.9,Yes,No,Poor,Overdue (3+ Months),0,Dropout
S06742,17,Female,35,38,Low,8.9,Yes,No,Average,Overdue (3+ Months),0,Dropout
S06743,16,Female,63,87,Medium,9.0,No,No,Average,Paid,2,Not Dropout
S06744,18,Male,36,29,Medium,5.4,Yes,No,Good,Paid,2,Not Dropout
S06745,11,Male,78,39,Medium,8.9,No,Yes,Good,Paid,0,Not Dropout
S06746,18,Female,63,97,High,11.5,Yes,No,Average,Paid,0,Not Dropout
S06747,15,Female,83,48,High,4.8,No,Yes,Good,Overdue (3+ Months),2,Not Dropout
S06748,11,Female,51,69,Medium,17.4,Yes,Yes,Good,Paid,2,Not Dropout
S06749,14,Female,69,52,High,14.3,No,No,Good,Paid,3,Not Dropout
S06750,13,Male,94,90,Low,12.8,Yes,No,Average,Paid,3,Not Dropout
S06751,11,Male,90,23,High,16.0,Yes,Yes,Good,Unpaid,0,Dropout
S06752,11,Female,58,94,Medium,3.4,No,No,Average,Paid,5,Not Dropout
S06753,14,Female,47,45,Medium,8.4,No,No,Average,Unpaid,5,Not Dropout
S06754,15,Female,53,42,High,18.7,No,Yes,Good,Unpaid,4,Dropout
S06755,15,Female,39,45,High,2.6,Yes,No,Good,Paid,0,Not Dropout
S06756,12,Male,59,61,Medium,14.4,No,No,Average,Paid,1,Not Dropout
S06757,15,Female,63,58,Medium,19.7,No,No,Poor,Overdue (3+ Months),1,Not Dropout
S06758,16,Male,89,38,Medium,6.3,Yes,No,Average,Paid,0,Not Dropout
S06759,18,Male,54,65,Low,8.2,No,Yes,Average,Paid,5,Not Dropout
S06760,18,Male,98,49,Low,3.4,Yes,Yes,Good,Paid,5,Dropout
S06761,18,Male,68,39,High,15.5,No,Yes,Good,Unpaid,4,Dropout
S06762,16,Male,47,92,Medium,9.2,No,Yes,Average,Paid,1,Not Dropout
S06763,14,Female,82,56,Medium,18.2,Yes,Yes,Average,Paid,1,Not Dropout
S06764,16,Male,54,40,Medium,0.9,No,Yes,Good,Paid,3,Not Dropout
S06765,13,Female,84,83,Medium,15.0,No,Yes,Poor,Paid,4,Not Dropout
S06766,11,Male,71,39,High,6.3,Yes,Yes,Poor,Paid,3,Dropout
S06767,16,Male,48,60,Medium,7.7,No,Yes,Poor,Paid,2,Not Dropout
S06768,17,Male,37,29,Medium,2.2,Yes,Yes,Good,Paid,5,Dropout
S06769,17,Female,90,29,High,19.7,No,Yes,Average,Paid,0,Not Dropout
S06770,17,Female,44,78,Medium,12.1,No,No,Average,Overdue (3+ Months),5,Not Dropout
S06771,16,Male,87,47,Medium,15.6,No,No,Poor,Unpaid,0,Not Dropout
S06772,11,Male,67,86,Low,13.5,No,No,Good,Paid,0,Not Dropout
S06773,14,Female,64,60,Medium,6.1,No,No,Average,Unpaid,5,Not Dropout
S06774,17,Male,72,71,Low,19.6,No,Yes,Good,Unpaid,1,Not Dropout
S06775,18,Female,77,30,Low,0.6,No,No,Good,Unpaid,1,Not Dropout
S06776,18,Female,90,55,High,6.2,No,No,Good,Overdue (3+ Months),0,Not Dropout
S06777,15,Male,95,23,Medium,7.1,No,No,Good,Unpaid,4,Not Dropout
S06778,16,Male,54,44,High,2.2,No,No,Good,Paid,2,Not Dropout
S06779,16,Male,90,58,Low,15.5,No,Yes,Average,Paid,4,Not Dropout
S06780,12,Female,31,33,Medium,6.5,No,No,Average,Paid,2,Not Dropout
S06781,16,Female,43,89,Medium,17.2,Yes,Yes,Poor,Paid,5,Dropout
S06782,14,Male,47,36,Medium,19.3,No,No,Good,Paid,2,Not Dropout
S06783,18,Male,78,23,High,13.2,No,Yes,Good,Paid,5,Not Dropout
S06784,11,Female,44,54,Medium,8.7,Yes,Yes,Average,Paid,2,Not Dropout
S06785,11,Male,34,36,Low,16.3,Yes,Yes,Average,Paid,3,Dropout
S06786,18,Male,77,39,Low,16.9,Yes,No,Average,Paid,4,Dropout
S06787,17,Female,45,46,Low,4.9,Yes,No,Average,Unpaid,0,Dropout
S06788,11,Male,51,20,Low,16.3,No,No,Average,Paid,3,Not Dropout
S06789,15,Female,57,98,Medium,8.3,Yes,Yes,Average,Paid,0,Not Dropout
S06790,11,Female,89,59,Medium,17.1,No,Yes,Good,Paid,5,Not Dropout
S06791,15,Female,62,36,High,4.3,Yes,No,Average,Paid,1,Not Dropout
S06792,13,Female,76,49,High,2.1,Yes,No,Poor,Paid,2,Not Dropout
S06793,11,Male,81,38,High,4.7,Yes,No,Poor,Paid,0,Not Dropout
S06794,12,Male,45,68,High,8.5,Yes,Yes,Good,Paid,4,Not Dropout
S06795,11,Male,62,97,High,5.4,Yes,No,Average,Paid,1,Not Dropout
S06796,15,Female,87,94,Medium,2.6,Yes,Yes,Average,Unpaid,0,Not Dropout
S06797,15,Female,48,25,High,5.7,Yes,No,Poor,Overdue (3+ Months),0,Dropout
S06798,12,Female,33,29,High,16.0,No,No,Good,Overdue (3+ Months),4,Dropout
S06799,14,Female,51,31,Low,13.6,No,No,Good,Paid,3,Not Dropout
S06800,11,Male,39,98,Low,14.7,Yes,No,Average,Paid,4,Dropout
S06801,18,Female,53,65,Medium,11.0,No,Yes,Poor,Paid,0,Not Dropout
S06802,12,Female,93,97,Medium,4.4,Yes,Yes,Average,Paid,2,Not Dropout
S06803,11,Female,66,60,High,3.4,Yes,No,Average,Paid,2,Not Dropout
S06804,15,Male,82,50,Low,15.4,Yes,Yes,Poor,Overdue (3+ Months),1,Dropout
S06805,12,Male,31,99,High,18.4,No,No,Poor,Paid,3,Not Dropout
S06806,13,Female,62,35,High,7.2,No,Yes,Poor,Paid,2,Not Dropout
S06807,12,Male,39,84,Low,13.1,No,No,Average,Paid,4,Not Dropout
S06808,15,Male,46,40,Low,1.1,No,No,Good,Paid,4,Not Dropout
S06809,14,Male,61,98,Low,6.5,No,Yes,Average,Paid,2,Not Dropout
S06810,16,Male,58,63,High,15.6,Yes,No,Average,Paid,0,Not Dropout
S06811,15,Female,66,51,High,17.5,No,Yes,Good,Unpaid,0,Not Dropout
S06812,15,Male,63,37,High,18.2,No,Yes,Poor,Overdue (3+ Months),0,Dropout
S06813,16,Male,87,82,Low,14.9,Yes,Yes,Poor,Paid,0,Dropout
S06814,13,Male,96,68,Medium,0.5,Yes,No,Average,Paid,1,Not Dropout
S06815,15,Male,64,42,Medium,3.6,No,Yes,Average,Unpaid,4,Dropout
S06816,12,Male,42,78,Medium,1.5,Yes,No,Average,Unpaid,5,Dropout
S06817,16,Male,89,94,Medium,7.9,No,No,Poor,Overdue (3+ Months),3,Not Dropout
S06818,13,Female,85,76,High,9.5,Yes,Yes,Poor,Paid,2,Not Dropout
S06819,14,Male,48,33,High,11.0,Yes,No,Average,Unpaid,2,Not Dropout
S06820,11,Male,31,73,Medium,19.2,Yes,No,Poor,Paid,0,Not Dropout
S06821,16,Male,46,53,Low,1.8,Yes,Yes,Good,Paid,0,Not Dropout
S06822,13,Male,44,24,Low,1.0,No,No,Average,Paid,2,Not Dropout
S06823,12,Female,87,55,High,10.7,No,No,Average,Overdue (3+ Months),1,Not Dropout
S06824,16,Male,39,81,High,5.6,Yes,Yes,Poor,Paid,5,Dropout
S06825,17,Female,38,89,High,19.7,Yes,No,Poor,Overdue (3+ Months),3,Dropout
S06826,12,Male,48,76,High,8.3,Yes,No,Poor,Paid,3,Not Dropout
S06827,13,Female,87,96,High,6.0,Yes,No,Good,Paid,5,Not Dropout
S06828,11,Female,66,75,Medium,10.9,No,No,Average,Paid,0,Not Dropout
S06829,15,Male,41,43,Medium,1.2,No,No,Good,Paid,0,Not Dropout
S06830,14,Male,65,49,Medium,8.3,Yes,Yes,Average,Paid,3,Not Dropout
S06831,11,Female,94,76,Medium,0.6,Yes,Yes,Good,Unpaid,0,Not Dropout
S06832,12,Female,90,35,Low,0.8,No,Yes,Good,Paid,3,Not Dropout
S06833,17,Female,44,92,Low,7.4,No,No,Poor,Unpaid,2,Dropout
S06834,17,Female,44,56,Medium,4.1,Yes,Yes,Good,Unpaid,4,Dropout
S06835,15,Female,77,97,High,19.3,Yes,Yes,Average,Paid,0,Not Dropout
S06836,11,Female,70,95,Low,3.1,No,No,Good,Overdue (3+ Months),2,Not Dropout
S06837,12,Female,49,54,Medium,3.1,Yes,No,Average,Unpaid,1,Not Dropout
S06838,13,Male,65,66,Medium,14.2,Yes,No,Average,Unpaid,0,Not Dropout
S06839,11,Male,72,55,High,2.1,No,No,Poor,Unpaid,3,Not Dropout
S06840,17,Male,49,73,Low,3.5,Yes,No,Average,Paid,3,Not Dropout
S06841,18,Female,55,76,High,1.1,No,No,Average,Paid,4,Not Dropout
S06842,18,Male,81,78,Medium,6.7,Yes,Yes,Good,Paid,5,Not Dropout
S06843,18,Female,33,62,High,10.7,No,No,Good,Overdue (3+ Months),4,Not Dropout
S06844,15,Male,83,26,Low,9.7,Yes,No,Good,Paid,1,Not Dropout
S06845,16,Male,57,42,High,8.2,No,No,Good,Paid,3,Not Dropout
S06846,13,Male,63,100,High,7.8,No,No,Poor,Overdue (3+ Months),3,Not Dropout
S06847,15,Female,39,80,Low,14.3,No,No,Poor,Paid,4,Dropout
S06848,15,Male,93,37,Medium,12.9,Yes,No,Good,Paid,2,Not Dropout
S06849,16,Male,79,29,High,0.7,No,Yes,Good,Paid,3,Not Dropout
S06850,16,Male,54,58,Low,14.2,No,Yes,Good,Paid,1,Not Dropout
S06851,18,Female,81,62,Low,15.6,No,No,Average,Unpaid,1,Not Dropout
S06852,11,Male,70,55,Medium,19.4,Yes,Yes,Average,Paid,5,Not Dropout
S06853,12,Male,95,79,High,11.2,Yes,No,Good,Unpaid,0,Not Dropout
S06854,18,Male,78,50,Low,4.1,Yes,Yes,Average,Paid,4,Dropout
S06855,14,Male,71,34,Medium,1.8,Yes,No,Good,Paid,0,Not Dropout
S06856,12,Female,86,23,Low,0.9,Yes,No,Poor,Unpaid,0,Dropout
S06857,11,Female,58,84,Medium,2.2,No,No,Average,Paid,3,Not Dropout
S06858,12,Female,91,62,Low,5.8,Yes,Yes,Average,Paid,2,Not Dropout
S06859,14,Male,52,88,Low,18.9,Yes,Yes,Good,Paid,3,Not Dropout
S06860,13,Male,70,62,High,6.0,No,No,Average,Paid,4,Not Dropout
S06861,11,Male,76,69,Medium,8.1,Yes,No,Average,Paid,1,Not Dropout
S06862,13,Female,98,41,Low,10.9,Yes,Yes,Poor,Overdue (3+ Months),0,Dropout
S06863,18,Male,67,48,High,7.3,Yes,No,Average,Overdue (3+ Months),0,Not Dropout
S06864,15,Male,58,42,Low,15.0,No,No,Good,Paid,4,Not Dropout
S06865,13,Male,75,30,Medium,11.0,No,Yes,Good,Paid,2,Not Dropout
S06866,13,Female,35,29,Medium,20.0,Yes,Yes,Good,Unpaid,3,Dropout
S06867,17,Female,82,97,High,3.3,No,No,Good,Paid,1,Not Dropout
S06868,14,Female,97,38,Low,3.6,Yes,No,Average,Paid,3,Not Dropout
S06869,13,Female,65,33,Medium,7.9,No,No,Average,Paid,4,Not Dropout
S06870,16,Female,43,22,Low,4.6,No,No,Good,Paid,1,Not Dropout
S06871,13,Female,54,84,Low,15.3,Yes,No,Average,Unpaid,3,Not Dropout
S06872,18,Male,73,90,Low,12.8,No,Yes,Good,Paid,0,Not Dropout
S06873,12,Female,66,26,Low,13.8,No,No,Good,Paid,1,Not Dropout
S06874,17,Male,98,100,Low,1.5,No,No,Good,Overdue (3+ Months),0,Not Dropout
S06875,16,Male,98,26,High,16.4,No,Yes,Average,Paid,5,Not Dropout
S06876,18,Female,36,77,Low,7.6,No,Yes,Good,Paid,5,Dropout
S06877,18,Female,43,50,Medium,6.1,Yes,Yes,Good,Unpaid,2,Dropout
S06878,12,Female,71,33,Medium,9.3,Yes,No,Average,Unpaid,3,Not Dropout
S06879,18,Female,40,52,High,16.9,Yes,Yes,Good,Unpaid,0,Dropout
S06880,12,Female,98,83,High,8.3,No,Yes,Average,Paid,5,Not Dropout
S06881,14,Female,97,63,Medium,4.0,Yes,No,Good,Paid,1,Not Dropout
S06882,17,Male,38,90,Medium,17.9,Yes,Yes,Average,Paid,4,Dropout
S06883,14,Female,91,64,High,13.0,Yes,Yes,Good,Paid,5,Not Dropout
S06884,16,Male,95,48,Medium,5.0,No,No,Good,Paid,4,Not Dropout
S06885,16,Female,55,79,High,4.8,No,No,Good,Paid,0,Not Dropout
S06886,12,Female,37,43,Low,10.3,No,No,Average,Paid,0,Not Dropout
S06887,17,Male,65,33,High,6.1,No,No,Average,Paid,0,Not Dropout
S06888,17,Female,94,62,Medium,17.2,No,Yes,Good,Paid,3,Not Dropout
S06889,16,Male,76,60,Low,19.8,Yes,Yes,Average,Paid,1,Not Dropout
S06890,12,Male,40,64,High,13.0,Yes,No,Poor,Paid,0,Not Dropout
S06891,17,Male,96,71,High,1.1,No,No,Average,Paid,1,Not Dropout
S06892,13,Male,98,71,Medium,17.9,No,Yes,Average,Unpaid,2,Not Dropout
S06893,17,Male,56,67,Medium,16.1,Yes,Yes,Good,Paid,4,Not Dropout
S06894,18,Male,76,56,Low,1.9,Yes,Yes,Poor,Paid,5,Dropout
S06895,16,Male,57,96,Low,9.1,No,No,Good,Unpaid,4,Not Dropout
S06896,17,Male,83,46,Medium,3.0,No,Yes,Average,Unpaid,2,Not Dropout
S06897,16,Female,52,32,Medium,3.5,No,No,Poor,Paid,5,Not Dropout
S06898,16,Female,35,86,Low,5.9,No,Yes,Average,Paid,1,Not Dropout
S06899,12,Male,85,60,Low,18.9,Yes,No,Average,Paid,1,Not Dropout
S06900,18,Male,47,59,High,6.8,Yes,No,Average,Paid,3,Not Dropout
S06901,12,Male,42,47,Low,18.4,No,Yes,Average,Paid,4,Dropout
S06902,18,Female,62,50,Medium,12.2,Yes,Yes,Average,Overdue (3+ Months),4,Dropout
S06903,17,Male,68,96,Low,7.1,Yes,No,Average,Paid,4,Not Dropout
S06904,16,Female,59,95,Medium,6.1,Yes,No,Good,Paid,1,Not Dropout
S06905,12,Female,89,79,Medium,4.8,No,No,Average,Paid,1,Not Dropout
S06906,17,Male,31,99,High,11.2,Yes,Yes,Good,Unpaid,5,Dropout
S06907,14,Female,86,67,Low,12.7,Yes,No,Good,Unpaid,1,Not Dropout
S06908,15,Male,83,93,High,11.2,Yes,Yes,Average,Paid,4,Not Dropout
S06909,11,Female,59,22,Medium,5.5,Yes,No,Good,Paid,1,Not Dropout
S06910,13,Female,60,96,High,9.7,Yes,No,Average,Unpaid,0,Not Dropout
S06911,13,Male,98,46,Low,5.0,Yes,No,Good,Paid,4,Dropout
S06912,15,Female,52,54,Low,18.0,No,Yes,Average,Unpaid,3,Not Dropout
S06913,17,Female,88,84,Low,2.3,No,No,Poor,Unpaid,2,Not Dropout
S06914,15,Male,39,56,Low,18.4,Yes,Yes,Average,Overdue (3+ Months),5,Dropout
S06915,16,Male,47,24,Low,17.3,Yes,No,Good,Paid,1,Not Dropout
S06916,11,Male,56,20,High,15.6,No,No,Average,Paid,0,Not Dropout
S06917,15,Male,56,31,High,4.6,No,Yes,Average,Unpaid,5,Dropout
S06918,13,Female,92,23,Medium,16.6,No,No,Average,Paid,5,Not Dropout
S06919,17,Female,40,49,Low,6.9,Yes,No,Good,Paid,1,Dropout
S06920,16,Male,89,44,High,18.3,No,Yes,Good,Unpaid,1,Not Dropout
S06921,17,Female,73,22,Medium,9.0,Yes,No,Average,Paid,0,Not Dropout
S06922,18,Male,76,24,Low,8.9,No,No,Average,Overdue (3+ Months),5,Dropout
S06923,15,Female,37,99,Medium,12.7,Yes,No,Average,Paid,0,Not Dropout
S06924,13,Female,90,85,High,8.3,No,No,Good,Paid,3,Not Dropout
S06925,11,Female,44,57,Medium,13.7,Yes,Yes,Average,Unpaid,1,Dropout
S06926,16,Male,89,32,High,16.4,No,Yes,Average,Unpaid,3,Not Dropout
S06927,13,Male,30,59,Low,10.0,No,No,Average,Paid,4,Not Dropout
S06928,11,Male,35,38,High,13.8,No,Yes,Average,Paid,0,Not Dropout
S06929,17,Male,51,43,Medium,9.3,Yes,Yes,Good,Paid,3,Not Dropout
S06930,18,Male,72,73,Low,8.3,No,No,Poor,Unpaid,1,Not Dropout
S06931,15,Male,78,32,High,20.0,No,Yes,Poor,Unpaid,4,Dropout
S06932,13,Female,81,81,High,11.1,Yes,Yes,Average,Overdue (3+ Months),0,Not Dropout
S06933,12,Female,79,60,High,3.4,No,No,Average,Unpaid,4,Not Dropout
S06934,11,Female,62,51,Medium,9.3,Yes,Yes,Average,Paid,1,Not Dropout
S06935,13,Female,35,65,High,4.3,Yes,No,Good,Paid,2,Not Dropout
S06936,13,Male,50,33,High,15.1,Yes,Yes,Average,Overdue (3+ Months),0,Dropout
S06937,16,Female,80,72,Low,7.5,No,Yes,Average,Paid,5,Not Dropout
S06938,16,Male,64,35,Low,18.5,Yes,No,Good,Paid,0,Not Dropout
S06939,14,Male,80,47,Low,8.4,Yes,No,Good,Paid,2,Not Dropout
S06940,15,Female,70,79,High,7.3,Yes,No,Average,Paid,3,Not Dropout
S06941,16,Male,85,27,Medium,11.2,No,Yes,Average,Paid,5,Not Dropout
S06942,11,Male,96,64,Medium,3.0,No,Yes,Poor,Paid,5,Not Dropout
S06943,12,Male,38,55,High,14.6,Yes,Yes,Poor,Paid,5,Dropout
S06944,16,Female,43,72,Medium,4.0,Yes,Yes,Good,Paid,2,Not Dropout
S06945,18,Female,56,30,Medium,12.6,Yes,No,Poor,Paid,2,Not Dropout
S06946,13,Male,71,81,Low,19.2,Yes,Yes,Average,Paid,4,Dropout
S06947,13,Female,41,97,Low,9.3,Yes,No,Average,Unpaid,5,Dropout
S06948,16,Male,77,32,High,3.3,Yes,No,Good,Paid,3,Not Dropout
S06949,12,Male,66,30,Medium,5.1,Yes,Yes,Poor,Overdue (3+ Months),3,Dropout
S06950,16,Female,87,65,Medium,17.3,Yes,No,Poor,Paid,3,Not Dropout
S06951,12,Male,68,23,Low,1.9,No,No,Good,Paid,1,Not Dropout
S06952,15,Male,46,65,Medium,19.4,Yes,No,Good,Paid,1,Not Dropout
S06953,17,Female,93,55,High,8.0,No,No,Good,Paid,2,Not Dropout
S06954,17,Female,92,36,High,19.4,Yes,No,Good,Paid,2,Not Dropout
S06955,12,Male,91,85,Medium,19.3,Yes,No,Good,Paid,5,Not Dropout
S06956,12,Female,80,71,High,6.1,Yes,No,Poor,Unpaid,5,Dropout
S06957,13,Male,31,81,Low,18.3,No,No,Average,Paid,4,Not Dropout
S06958,14,Male,94,40,High,11.7,No,No,Poor,Paid,3,Not Dropout
S06959,14,Female,52,20,High,13.7,No,No,Good,Paid,2,Not Dropout
S06960,18,Female,64,85,Medium,19.0,No,No,Poor,Unpaid,4,Not Dropout
S06961,18,Male,39,32,Low,19.2,Yes,No,Good,Unpaid,2,Dropout
S06962,14,Male,80,72,Medium,7.2,Yes,Yes,Good,Unpaid,0,Not Dropout
S06963,14,Female,70,78,Low,6.8,Yes,Yes,Poor,Paid,2,Dropout
S06964,12,Female,98,90,High,10.3,Yes,No,Good,Unpaid,3,Not Dropout
S06965,11,Female,79,29,Medium,15.4,Yes,Yes,Good,Paid,1,Not Dropout
S06966,14,Female,35,25,High,13.0,No,Yes,Poor,Paid,4,Dropout
S06967,11,Female,71,61,Low,4.8,No,No,Average,Paid,3,Not Dropout
S06968,15,Male,31,36,Medium,1.9,No,No,Good,Paid,5,Not Dropout
S06969,17,Female,86,87,Medium,3.3,Yes,No,Average,Overdue (3+ Months),2,Not Dropout
S06970,13,Female,79,46,Medium,7.5,Yes,No,Good,Paid,0,Not Dropout
S06971,16,Female,93,64,High,10.0,No,Yes,Average,Unpaid,0,Not Dropout
S06972,17,Female,51,76,High,18.9,Yes,Yes,Good,Paid,5,Not Dropout
S06973,14,Male,88,64,High,4.5,No,No,Good,Overdue (3+ Months),2,Not Dropout
S06974,13,Female,92,27,Medium,10.6,Yes,Yes,Good,Unpaid,2,Dropout
S06975,14,Male,60,58,Medium,13.5,No,No,Good,Unpaid,4,Not Dropout
S06976,17,Male,77,40,High,13.5,No,Yes,Good,Unpaid,4,Dropout
S06977,18,Male,56,24,High,14.1,No,No,Average,Paid,0,Not Dropout
S06978,15,Female,74,57,Medium,9.5,No,Yes,Average,Overdue (3+ Months),0,Not Dropout
S06979,14,Male,73,56,High,19.1,No,Yes,Poor,Paid,5,Not Dropout
S06980,12,Male,65,30,Medium,8.7,No,Yes,Good,Paid,2,Not Dropout
S06981,17,Female,54,58,High,3.1,No,No,Poor,Unpaid,3,Not Dropout
S06982,11,Male,30,20,Medium,17.2,No,No,Average,Paid,2,Not Dropout
S06983,16,Female,30,91,Low,15.4,No,No,Average,Paid,3,Not Dropout
S06984,17,Male,31,59,Medium,2.2,Yes,No,Average,Unpaid,4,Dropout
S06985,17,Male,61,92,Medium,18.9,No,No,Average,Overdue (3+ Months),1,Not Dropout
S06986,13,Female,86,24,High,11.5,Yes,No,Average,Paid,4,Not Dropout
S06987,15,Female,81,100,Medium,6.4,Yes,Yes,Average,Paid,4,Not Dropout
S06988,17,Female,72,78,Medium,9.8,Yes,No,Average,Overdue (3+ Months),3,Not Dropout
S06989,11,Female,94,88,High,5.9,Yes,Yes,Good,Paid,3,Not Dropout
S06990,11,Female,35,55,High,2.2,No,No,Average,Overdue (3+ Months),3,Not Dropout
S06991,17,Male,85,77,Low,13.9,Yes,Yes,Poor,Overdue (3+ Months),3,Dropout
S06992,13,Female,93,30,Low,8.1,Yes,Yes,Average,Paid,4,Dropout
S06993,15,Male,97,95,High,10.2,Yes,No,Average,Overdue (3+ Months),5,Not Dropout
S06994,12,Male,51,42,High,7.7,No,Yes,Poor,Paid,0,Not Dropout
S06995,14,Female,93,25,Medium,3.4,Yes,No,Average,Paid,4,Not Dropout
S06996,18,Male,73,50,Low,9.3,Yes,No,Poor,Overdue (3+ Months),1,Dropout
S06997,16,Male,53,99,High,15.2,No,No,Poor,Unpaid,4,Not Dropout
S06998,12,Female,97,88,High,17.2,Yes,Yes,Average,Paid,4,Not Dropout
S06999,18,Male,62,69,Medium,8.8,No,No,Average,Unpaid,0,Not Dropout
S07000,13,Female,38,23,High,15.1,No,Yes,Average,Paid,0,Not Dropout
S07001,17,Female,31,34,Low,13.0,No,No,Average,Paid,5,Dropout
S07002,12,Female,69,35,High,4.2,No,No,Average,Paid,1,Not Dropout
S07003,16,Male,30,84,High,4.4,No,Yes,Average,Paid,2,Not Dropout
S07004,18,Male,64,87,Low,18.1,Yes,Yes,Poor,Paid,4,Dropout
S07005,15,Male,56,32,Low,5.9,No,Yes,Poor,Overdue (3+ Months),3,Dropout
S07006,11,Male,66,60,Low,5.2,No,Yes,Good,Paid,0,Not Dropout
S07007,15,Female,91,79,High,1.1,No,No,Good,Paid,5,Not Dropout
S07008,16,Female,79,100,Medium,8.5,Yes,Yes,Average,Paid,3,Not Dropout
S07009,14,Male,58,59,Low,18.9,Yes,No,Good,Unpaid,1,Not Dropout
S07010,14,Female,79,22,Medium,18.3,Yes,No,Average,Paid,5,Not Dropout
S07011,18,Male,50,74,High,2.1,Yes,Yes,Good,Paid,1,Not Dropout
S07012,15,Male,60,63,High,13.0,Yes,No,Average,Unpaid,3,Not Dropout
S07013,12,Female,31,96,High,18.1,No,Yes,Good,Overdue (3+ Months),4,Dropout
S07014,16,Male,66,48,High,8.3,Yes,No,Average,Paid,0,Not Dropout
S07015,15,Female,64,26,Low,2.5,Yes,Yes,Good,Paid,0,Dropout
S07016,18,Female,44,32,Low,4.6,Yes,No,Good,Paid,5,Dropout
S07017,12,Female,42,48,Medium,17.1,No,No,Average,Paid,0,Not Dropout
S07018,17,Male,84,60,Medium,7.6,Yes,Yes,Good,Paid,5,Not Dropout
S07019,13,Female,49,37,High,14.9,No,No,Average,Paid,3,Not Dropout
S07020,13,Female,89,62,Low,7.5,No,Yes,Poor,Paid,3,Not Dropout
S07021,18,Male,41,37,High,11.5,No,No,Good,Overdue (3+ Months),4,Dropout
S07022,16,Male,76,34,Medium,12.2,Yes,No,Good,Overdue (3+ Months),4,Dropout
S07023,15,Male,60,41,High,2.5,Yes,No,Average,Paid,4,Not Dropout
S07024,18,Female,43,91,High,2.6,No,Yes,Good,Unpaid,4,Dropout
S07025,14,Female,68,90,Low,17.8,Yes,No,Poor,Unpaid,1,Dropout
S07026,15,Male,60,82,Medium,3.4,No,Yes,Poor,Paid,5,Not Dropout
S07027,13,Female,35,20,Low,1.9,No,Yes,Good,Paid,0,Dropout
S07028,15,Female,92,75,Medium,18.1,No,No,Average,Paid,0,Not Dropout
S07029,16,Female,62,45,Low,1.3,Yes,Yes,Average,Overdue (3+ Months),0,Dropout
S07030,18,Female,34,75,Low,15.5,No,Yes,Good,Paid,1,Not Dropout
S07031,13,Female,57,90,High,3.0,Yes,No,Poor,Paid,0,Not Dropout
S07032,15,Female,58,53,High,18.6,Yes,Yes,Good,Overdue (3+ Months),0,Not Dropout
S07033,12,Male,34,95,High,7.4,Yes,No,Average,Paid,0,Not Dropout
S07034,14,Male,36,47,High,8.4,Yes,No,Good,Paid,5,Dropout
S07035,15,Female,76,70,Medium,6.7,No,No,Average,Paid,3,Not Dropout
S07036,11,Male,79,97,Medium,3.4,No,No,Good,Paid,3,Not Dropout
S07037,11,Female,77,79,Low,4.4,No,No,Poor,Overdue (3+ Months),3,Not Dropout
S07038,16,Female,30,70,Medium,19.9,Yes,No,Good,Paid,3,Not Dropout
S07039,17,Male,75,49,High,16.9,Yes,No,Good,Paid,4,Not Dropout
S07040,15,Female,69,79,High,17.1,Yes,No,Average,Overdue (3+ Months),5,Not Dropout
S07041,18,Female,63,38,Medium,0.9,No,No,Good,Paid,3,Not Dropout
S07042,13,Male,59,94,Medium,2.5,No,No,Good,Unpaid,2,Not Dropout
S07043,18,Male,67,74,High,18.8,Yes,No,Poor,Paid,4,Not Dropout
S07044,13,Male,30,39,Medium,17.9,Yes,Yes,Good,Overdue (3+ Months),5,Dropout
S07045,13,Female,58,45,Low,5.2,No,Yes,Poor,Unpaid,5,Dropout
S07046,13,Male,69,37,Medium,19.8,No,Yes,Good,Unpaid,3,Not Dropout
S07047,12,Male,43,24,Low,18.5,No,No,Good,Paid,2,Not Dropout
S07048,18,Male,54,39,Medium,7.0,No,Yes,Average,Paid,2,Not Dropout
S07049,14,Male,83,21,Low,6.8,Yes,Yes,Poor,Overdue (3+ Months),0,Dropout
S07050,16,Male,61,82,Medium,16.1,Yes,Yes,Average,Paid,5,Not Dropout
S07051,13,Male,46,20,High,0.6,No,Yes,Good,Paid,3,Not Dropout
S07052,14,Male,72,96,Low,13.8,No,No,Good,Paid,1,Not Dropout
S07053,11,Male,70,61,High,17.5,No,Yes,Average,Unpaid,3,Not Dropout
S07054,14,Female,40,46,High,11.8,Yes,No,Poor,Unpaid,0,Dropout
S07055,17,Female,74,45,Medium,6.6,Yes,Yes,Good,Overdue (3+ Months),5,Dropout
S07056,14,Female,32,85,High,17.5,No,No,Good,Paid,1,Not Dropout
S07057,13,Male,63,23,Medium,2.7,Yes,Yes,Good,Paid,1,Not Dropout
S07058,14,Female,36,27,Low,4.1,No,Yes,Poor,Paid,1,Dropout
S07059,17,Female,96,64,Medium,1.0,No,Yes,Average,Paid,4,Not Dropout
S07060,13,Male,89,23,High,2.5,No,Yes,Poor,Paid,4,Dropout
S07061,14,Male,66,36,Medium,0.9,Yes,No,Good,Paid,5,Not Dropout
S07062,18,Male,42,73,High,16.8,No,No,Average,Paid,5,Not Dropout
S07063,13,Male,77,44,Low,5.8,Yes,No,Poor,Paid,2,Dropout
S07064,11,Male,84,41,Medium,17.6,No,No,Good,Unpaid,4,Not Dropout
S07065,17,Male,88,66,Low,16.6,No,Yes,Poor,Paid,5,Dropout
S07066,15,Male,74,24,Medium,15.6,Yes,Yes,Average,Paid,1,Not Dropout
S07067,16,Male,46,32,High,0.5,No,Yes,Good,Paid,3,Not Dropout
S07068,14,Male,97,26,Low,14.2,No,Yes,Good,Paid,2,Not Dropout
S07069,18,Female,48,22,High,17.8,Yes,Yes,Good,Paid,2,Not Dropout
S07070,13,Male,67,31,Medium,13.4,No,No,Average,Paid,4,Not Dropout
S07071,13,Male,38,96,Low,2.4,Yes,Yes,Good,Unpaid,2,Dropout
S07072,13,Male,63,75,Medium,1.8,Yes,Yes,Average,Unpaid,4,Dropout
S07073,15,Female,88,43,Low,12.6,No,No,Good,Paid,3,Not Dropout
S07074,16,Male,91,22,Medium,2.2,No,No,Average,Unpaid,5,Not Dropout
S07075,14,Female,40,54,Low,3.3,No,No,Good,Paid,0,Not Dropout
S07076,18,Female,41,32,Low,15.8,No,Yes,Poor,Paid,2,Dropout
S07077,13,Female,50,61,Low,9.9,No,Yes,Poor,Paid,3,Not Dropout
S07078,13,Male,70,64,Medium,18.8,Yes,Yes,Poor,Paid,4,Dropout
S07079,16,Female,30,24,High,2.7,Yes,No,Good,Unpaid,5,Dropout
S07080,15,Female,68,85,Low,15.8,Yes,No,Average,Paid,3,Not Dropout
S07081,18,Female,93,96,Medium,12.1,No,No,Poor,Unpaid,2,Not Dropout
S07082,18,Male,48,76,High,15.8,Yes,Yes,Average,Paid,5,Not Dropout
S07083,15,Female,86,88,Low,12.7,Yes,No,Average,Paid,4,Not Dropout
S07084,14,Male,95,63,High,6.9,Yes,No,Good,Paid,4,Not Dropout
S07085,13,Male,36,38,Low,15.3,Yes,Yes,Good,Paid,5,Dropout
S07086,17,Female,87,98,Low,5.6,No,No,Poor,Paid,0,Not Dropout
S07087,15,Male,82,63,Low,9.2,No,Yes,Poor,Paid,4,Dropout
S07088,16,Female,65,36,Low,3.3,Yes,Yes,Good,Paid,2,Dropout
S07089,11,Male,45,47,High,5.8,Yes,Yes,Good,Paid,4,Dropout
S07090,15,Female,45,95,Low,13.7,No,Yes,Poor,Unpaid,2,Dropout
S07091,14,Male,90,95,Low,1.9,No,No,Poor,Paid,1,Not Dropout
S07092,16,Male,86,32,Medium,12.4,No,No,Good,Unpaid,1,Not Dropout
S07093,16,Male,40,57,Medium,11.7,Yes,No,Poor,Paid,3,Not Dropout
S07094,18,Female,46,51,High,19.7,Yes,Yes,Average,Paid,5,Not Dropout
S07095,11,Male,53,35,Low,14.0,Yes,No,Good,Paid,4,Dropout
S07096,17,Male,96,42,High,8.1,Yes,Yes,Poor,Overdue (3+ Months),3,Dropout
S07097,13,Female,46,57,Low,14.7,Yes,No,Poor,Unpaid,5,Dropout
S07098,12,Female,69,81,High,17.5,Yes,Yes,Poor,Paid,2,Not Dropout
S07099,12,Male,91,93,Medium,14.5,No,No,Good,Paid,1,Not Dropout
S07100,15,Male,35,81,Low,9.6,Yes,Yes,Good,Overdue (3+ Months),2,Dropout
S07101,13,Female,57,60,Low,11.3,No,Yes,Poor,Unpaid,4,Dropout
S07102,11,Female,82,22,Medium,7.7,No,No,Poor,Paid,4,Not Dropout
S07103,16,Male,48,32,High,6.4,No,No,Good,Paid,5,Not Dropout
S07104,11,Female,93,62,Low,17.8,No,Yes,Average,Overdue (3+ Months),2,Not Dropout
S07105,17,Female,42,75,Medium,13.9,No,Yes,Good,Overdue (3+ Months),0,Not Dropout
S07106,14,Male,67,77,High,15.7,No,No,Average,Overdue (3+ Months),2,Not Dropout
S07107,16,Male,96,97,Medium,3.7,Yes,Yes,Average,Overdue (3+ Months),3,Not Dropout
S07108,12,Female,45,37,Low,16.2,No,No,Average,Unpaid,4,Dropout
S07109,15,Male,58,37,High,19.6,No,Yes,Average,Paid,0,Not Dropout
S07110,16,Female,56,34,Medium,19.1,Yes,Yes,Good,Paid,0,Not Dropout
S07111,12,Female,93,67,Low,7.0,Yes,No,Good,Paid,2,Not Dropout
S07112,11,Male,63,81,Medium,1.8,No,Yes,Good,Paid,1,Not Dropout
S07113,13,Male,97,52,Medium,1.2,Yes,No,Good,Unpaid,5,Not Dropout
S07114,12,Female,45,32,Medium,9.2,Yes,Yes,Average,Paid,4,Dropout
S07115,12,Female,31,72,Medium,0.8,No,No,Average,Unpaid,2,Not Dropout
S07116,12,Female,45,33,High,2.8,No,No,Average,Paid,0,Not Dropout
S07117,14,Male,89,86,Low,13.9,No,No,Good,Paid,3,Not Dropout
S07118,15,Male,63,41,Medium,4.9,No,Yes,Average,Unpaid,0,Not Dropout
S07119,16,Male,85,80,High,11.8,No,Yes,Good,Paid,4,Not Dropout
S07120,13,Female,60,97,High,9.0,No,No,Poor,Paid,2,Not Dropout
S07121,12,Male,60,96,High,16.1,Yes,Yes,Average,Unpaid,0,Not Dropout
S07122,17,Male,37,91,Medium,16.1,No,No,Good,Paid,4,Not Dropout
S07123,15,Male,84,63,Medium,11.9,Yes,No,Good,Paid,1,Not Dropout
S07124,15,Female,97,94,Medium,16.5,Yes,No,Good,Paid,3,Not Dropout
S07125,16,Female,86,49,High,15.8,Yes,Yes,Poor,Paid,2,Dropout
S07126,16,Male,97,71,Low,14.5,Yes,No,Poor,Paid,0,Not Dropout
S07127,11,Female,58,77,Low,16.4,Yes,No,Average,Unpaid,4,Dropout
S07128,13,Male,86,86,Low,3.4,Yes,No,Good,Paid,3,Not Dropout
S07129,18,Male,71,61,Low,13.2,Yes,Yes,Good,Unpaid,0,Dropout
S07130,11,Male,36,96,Low,17.6,Yes,No,Average,Paid,4,Dropout
S07131,12,Male,50,76,Low,8.3,No,No,Good,Paid,5,Not Dropout
S07132,14,Female,31,100,Low,14.6,No,No,Poor,Overdue (3+ Months),4,Dropout
S07133,15,Male,30,45,Low,0.8,No,Yes,Poor,Unpaid,1,Dropout
S07134,17,Female,82,41,High,18.8,No,No,Poor,Paid,0,Not Dropout
S07135,18,Female,55,69,High,7.2,No,No,Good,Paid,4,Not Dropout
S07136,18,Female,67,27,Low,18.7,No,No,Good,Paid,4,Not Dropout
S07137,15,Male,46,61,Low,11.8,No,No,Good,Paid,0,Not Dropout
S07138,12,Female,87,84,High,10.6,Yes,No,Average,Paid,5,Not Dropout
S07139,13,Female,78,97,High,13.9,No,No,Good,Paid,5,Not Dropout
S07140,17,Male,33,84,Medium,6.8,No,Yes,Poor,Paid,2,Not Dropout
S07141,13,Female,38,79,High,19.0,No,No,Average,Paid,2,Not Dropout
S07142,18,Male,77,65,High,0.7,No,Yes,Good,Paid,3,Not Dropout
S07143,11,Male,96,83,Medium,4.2,Yes,Yes,Good,Paid,1,Not Dropout
S07144,13,Male,45,83,Low,13.0,Yes,Yes,Good,Unpaid,3,Dropout
S07145,12,Male,42,22,Medium,6.4,No,Yes,Poor,Paid,1,Dropout
S07146,16,Female,34,26,Medium,15.9,No,Yes,Average,Paid,1,Not Dropout
S07147,18,Female,70,80,High,13.4,Yes,No,Poor,Paid,3,Not Dropout
S07148,18,Female,41,23,High,13.7,Yes,No,Average,Unpaid,0,Dropout
S07149,12,Male,64,23,Low,5.6,No,No,Poor,Paid,0,Not Dropout
S07150,11,Female,43,76,Low,8.6,Yes,No,Poor,Paid,1,Dropout
S07151,12,Male,92,29,Medium,7.9,Yes,Yes,Average,Paid,5,Dropout
S07152,16,Female,94,39,Low,9.1,Yes,Yes,Good,Paid,0,Dropout
S07153,18,Male,92,98,High,15.3,No,No,Average,Paid,0,Not Dropout
S07154,12,Female,57,22,High,15.4,Yes,No,Good,Paid,5,Not Dropout
S07155,11,Male,60,78,Low,2.0,No,No,Average,Unpaid,3,Not Dropout
S07156,13,Male,49,45,Low,18.1,No,No,Average,Paid,2,Not Dropout
S07157,16,Male,67,79,Medium,9.6,Yes,No,Good,Paid,5,Not Dropout
S07158,13,Female,38,83,Medium,2.6,No,No,Good,Overdue (3+ Months),3,Not Dropout
S07159,13,Female,30,22,High,15.2,Yes,No,Average,Paid,5,Dropout
S07160,16,Male,68,66,Low,15.4,No,No,Poor,Paid,5,Not Dropout
S07161,14,Female,45,100,Medium,2.0,No,Yes,Good,Paid,2,Not Dropout
S07162,17,Female,49,31,Low,19.2,No,Yes,Average,Paid,4,Dropout
S07163,15,Male,79,87,Low,9.3,No,No,Good,Paid,1,Not Dropout
S07164,15,Female,60,88,High,10.5,No,No,Good,Paid,2,Not Dropout
S07165,13,Female,63,47,Low,5.7,Yes,No,Poor,Paid,4,Dropout
S07166,18,Male,84,38,Medium,2.7,No,Yes,Average,Paid,5,Not Dropout
S07167,13,Female,61,73,Low,2.0,Yes,No,Average,Overdue (3+ Months),2,Not Dropout
S07168,15,Male,48,79,High,10.2,No,Yes,Good,Paid,3,Not Dropout
S07169,15,Female,34,53,Medium,17.6,Yes,Yes,Poor,Paid,5,Dropout
S07170,11,Male,38,31,Medium,2.3,No,No,Poor,Paid,5,Dropout
S07171,12,Male,92,64,Medium,6.8,No,Yes,Average,Paid,5,Not Dropout
S07172,12,Female,35,43,High,16.6,Yes,No,Average,Paid,1,Not Dropout
S07173,15,Female,52,90,Medium,2.5,No,No,Average,Paid,5,Not Dropout
S07174,15,Female,67,28,Medium,4.3,No,No,Good,Overdue (3+ Months),1,Not Dropout
S07175,11,Male,70,99,Low,2.4,No,No,Average,Paid,1,Not Dropout
S07176,12,Female,36,26,High,8.0,No,No,Average,Paid,2,Not Dropout
S07177,13,Male,73,44,Low,13.7,Yes,No,Poor,Paid,3,Dropout
S07178,17,Female,46,95,Medium,1.3,Yes,Yes,Good,Paid,5,Not Dropout
S07179,13,Female,78,99,Low,18.3,No,No,Good,Paid,1,Not Dropout
S07180,17,Male,37,89,Low,7.1,No,Yes,Good,Paid,1,Not Dropout
S07181,14,Female,93,85,Low,7.2,No,Yes,Good,Overdue (3+ Months),0,Not Dropout
S07182,14,Male,66,41,Medium,12.6,Yes,No,Average,Paid,2,Not Dropout
S07183,16,Male,44,75,Medium,19.8,Yes,Yes,Good,Paid,3,Not Dropout
S07184,12,Male,60,54,Low,3.6,No,Yes,Good,Paid,4,Not Dropout
S07185,18,Male,94,75,High,5.6,No,No,Poor,Paid,2,Not Dropout
S07186,14,Male,38,22,Medium,2.3,Yes,No,Poor,Overdue (3+ Months),3,Dropout
S07187,18,Female,51,60,High,19.5,No,Yes,Good,Overdue (3+ Months),1,Not Dropout
S07188,14,Male,68,23,High,1.6,No,Yes,Poor,Unpaid,4,Dropout
S07189,12,Male,58,35,High,6.3,Yes,No,Poor,Paid,5,Dropout
S07190,11,Male,55,53,Low,17.8,Yes,Yes,Average,Paid,1,Not Dropout
S07191,15,Male,94,45,Medium,14.4,Yes,Yes,Average,Overdue (3+ Months),4,Dropout
S07192,17,Male,57,71,Medium,5.5,Yes,No,Poor,Paid,2,Not Dropout
S07193,16,Female,35,23,Low,19.1,No,No,Good,Paid,3,Not Dropout
S07194,14,Female,89,88,High,3.3,No,Yes,Poor,Paid,5,Not Dropout
S07195,17,Female,41,83,Low,7.0,No,No,Good,Paid,4,Not Dropout
S07196,14,Female,98,29,Low,1.4,Yes,Yes,Good,Unpaid,3,Dropout
S07197,12,Female,82,38,Low,2.1,No,No,Good,Paid,4,Not Dropout
S07198,13,Female,70,34,Medium,17.5,Yes,No,Poor,Overdue (3+ Months),2,Dropout
S07199,13,Female,97,99,Medium,17.0,Yes,No,Good,Overdue (3+ Months),2,Not Dropout
S07200,15,Female,88,63,Medium,15.1,No,No,Good,Paid,2,Not Dropout
S07201,16,Female,73,76,High,7.3,No,Yes,Good,Unpaid,4,Not Dropout
S07202,15,Male,39,84,High,4.3,Yes,Yes,Average,Paid,3,Not Dropout
S07203,14,Female,90,77,Low,14.9,Yes,Yes,Average,Unpaid,0,Dropout
S07204,12,Male,48,29,Medium,9.3,No,Yes,Poor,Unpaid,4,Dropout
S07205,15,Female,38,71,Low,15.8,Yes,Yes,Poor,Paid,4,Dropout
S07206,11,Male,66,27,Medium,3.3,No,Yes,Poor,Paid,3,Not Dropout
S07207,11,Female,59,47,Low,7.4,Yes,No,Average,Unpaid,0,Dropout
S07208,18,Female,69,87,High,11.7,Yes,No,Good,Paid,2,Not Dropout
S07209,12,Female,63,60,Medium,15.6,Yes,Yes,Good,Unpaid,4,Dropout
S07210,14,Male,77,96,High,7.3,Yes,No,Average,Unpaid,3,Not Dropout
S07211,17,Male,63,36,Low,14.7,Yes,Yes,Average,Unpaid,1,Dropout
S07212,14,Female,49,37,High,11.0,No,No,Average,Paid,4,Not Dropout
S07213,11,Female,32,20,High,14.7,No,No,Average,Paid,2,Not Dropout
S07214,18,Male,97,29,Medium,16.0,No,Yes,Poor,Paid,2,Not Dropout
S07215,13,Female,42,50,Low,17.5,Yes,No,Good,Paid,5,Dropout
S07216,11,Male,31,21,Low,10.9,Yes,No,Good,Paid,5,Dropout
S07217,13,Female,74,34,Medium,15.4,Yes,No,Poor,Unpaid,2,Dropout
S07218,18,Male,51,79,High,6.7,Yes,No,Good,Paid,3,Not Dropout
S07219,12,Female,73,66,Low,1.3,Yes,Yes,Average,Unpaid,3,Dropout
S07220,15,Female,33,93,Medium,1.2,No,Yes,Good,Paid,4,Not Dropout
S07221,14,Male,55,63,Medium,17.7,No,No,Good,Unpaid,4,Not Dropout
S07222,12,Male,73,100,High,9.4,No,Yes,Average,Paid,4,Not Dropout
S07223,15,Female,79,52,High,1.5,No,Yes,Poor,Paid,3,Not Dropout
S07224,15,Female,82,48,High,17.5,No,Yes,Good,Paid,4,Not Dropout
S07225,17,Male,80,100,High,2.6,Yes,Yes,Average,Paid,3,Not Dropout
S07226,18,Male,73,42,Low,8.1,Yes,Yes,Good,Overdue (3+ Months),2,Dropout
S07227,16,Female,47,94,Low,5.4,Yes,Yes,Poor,Overdue (3+ Months),0,Dropout
S07228,11,Female,67,80,Low,1.5,Yes,Yes,Average,Overdue (3+ Months),1,Dropout
S07229,18,Male,56,21,High,17.2,No,No,Average,Unpaid,3,Not Dropout
S07230,12,Male,90,25,High,9.1,Yes,No,Average,Unpaid,5,Dropout
S07231,14,Male,65,45,High,15.4,No,No,Poor,Paid,5,Not Dropout
S07232,14,Female,69,100,High,12.4,Yes,No,Average,Paid,5,Not Dropout
S07233,15,Male,46,76,High,17.8,Yes,No,Average,Paid,1,Not Dropout
S07234,16,Male,43,77,Low,8.0,Yes,No,Average,Unpaid,1,Dropout
S07235,12,Male,92,76,High,4.7,No,Yes,Good,Paid,2,Not Dropout
S07236,12,Female,82,51,Medium,6.5,No,Yes,Average,Unpaid,2,Not Dropout
S07237,12,Male,57,42,High,15.8,Yes,No,Average,Overdue (3+ Months),4,Dropout
S07238,14,Male,35,85,Low,15.5,Yes,Yes,Average,Paid,5,Dropout
S07239,15,Female,84,54,Low,13.4,No,Yes,Good,Unpaid,4,Dropout
S07240,13,Female,57,93,Medium,0.9,No,No,Poor,Paid,2,Not Dropout
S07241,17,Male,48,94,Medium,15.4,Yes,No,Good,Paid,3,Not Dropout
S07242,18,Female,75,47,Low,11.1,No,Yes,Good,Paid,5,Dropout
S07243,16,Female,44,41,High,1.6,No,Yes,Average,Unpaid,1,Dropout
S07244,17,Male,69,72,High,13.6,Yes,Yes,Average,Paid,1,Not Dropout
S07245,11,Male,50,69,High,17.0,No,No,Good,Paid,3,Not Dropout
S07246,18,Male,55,29,Low,17.8,No,Yes,Poor,Paid,1,Dropout
S07247,14,Male,72,22,Medium,18.7,Yes,Yes,Good,Paid,1,Not Dropout
S07248,16,Male,53,25,Low,1.9,No,Yes,Average,Unpaid,3,Dropout
S07249,15,Male,52,43,Low,14.1,Yes,Yes,Average,Overdue (3+ Months),4,Dropout
S07250,18,Female,57,33,High,16.0,No,Yes,Good,Paid,4,Not Dropout
S07251,14,Female,31,33,Medium,3.6,Yes,Yes,Good,Unpaid,2,Dropout
S07252,18,Female,90,90,Low,1.3,No,Yes,Poor,Paid,0,Not Dropout
S07253,16,Male,85,21,High,3.4,Yes,No,Good,Paid,5,Not Dropout
S07254,13,Female,77,65,Medium,15.3,Yes,Yes,Average,Paid,4,Not Dropout
S07255,12,Male,72,32,Low,11.5,Yes,No,Good,Paid,0,Not Dropout
S07256,14,Female,67,53,Medium,14.8,No,No,Good,Unpaid,4,Not Dropout
S07257,17,Male,60,66,High,8.9,Yes,No,Poor,Paid,0,Not Dropout
S07258,13,Female,42,82,High,11.2,No,No,Good,Paid,0,Not Dropout
S07259,15,Female,95,55,Medium,2.3,No,Yes,Average,Overdue (3+ Months),4,Not Dropout
S07260,18,Female,39,55,Low,15.4,Yes,Yes,Poor,Paid,3,Dropout
S07261,15,Female,92,84,Low,19.1,No,Yes,Average,Paid,5,Not Dropout
S07262,13,Male,39,78,Low,19.2,No,No,Average,Paid,1,Not Dropout
S07263,15,Female,74,76,Medium,4.3,No,Yes,Poor,Paid,3,Not Dropout
S07264,15,Male,86,49,Medium,11.1,No,No,Average,Paid,5,Not Dropout
S07265,14,Male,67,37,Medium,15.6,Yes,No,Good,Paid,5,Not Dropout
S07266,15,Female,35,96,High,19.9,Yes,Yes,Average,Overdue (3+ Months),3,Dropout
S07267,11,Female,94,86,Low,2.2,No,No,Poor,Paid,1,Not Dropout
S07268,12,Male,34,82,High,13.1,No,Yes,Good,Overdue (3+ Months),5,Dropout
S07269,17,Male,83,43,Medium,3.5,Yes,Yes,Average,Overdue (3+ Months),0,Dropout
S07270,15,Female,83,54,High,6.3,Yes,No,Average,Paid,0,Not Dropout
S07271,17,Female,69,70,Low,1.0,No,No,Average,Paid,4,Not Dropout
S07272,15,Female,30,100,Medium,4.8,No,No,Good,Paid,3,Not Dropout
S07273,13,Female,72,51,Low,11.6,Yes,Yes,Good,Unpaid,0,Dropout
S07274,13,Female,33,90,Low,1.7,Yes,No,Good,Paid,3,Not Dropout
S07275,16,Female,66,36,Low,10.4,No,No,Good,Overdue (3+ Months),4,Dropout
S07276,17,Female,42,62,Medium,8.9,No,No,Good,Paid,2,Not Dropout
S07277,13,Female,51,81,Medium,0.7,No,No,Average,Paid,4,Not Dropout
S07278,17,Male,69,73,High,15.7,No,No,Average,Paid,5,Not Dropout
S07279,17,Female,78,48,Low,14.2,No,Yes,Good,Overdue (3+ Months),5,Dropout
S07280,16,Male,41,41,High,7.8,Yes,Yes,Poor,Unpaid,3,Dropout
S07281,11,Female,41,97,Low,5.7,Yes,Yes,Good,Paid,2,Dropout
S07282,14,Female,82,88,Medium,1.7,Yes,Yes,Good,Paid,1,Not Dropout
S07283,12,Female,56,38,Medium,9.7,No,No,Average,Paid,4,Not Dropout
S07284,14,Female,86,80,Medium,15.2,No,Yes,Poor,Paid,2,Not Dropout
S07285,15,Female,40,39,Medium,7.7,Yes,Yes,Good,Overdue (3+ Months),5,Dropout
S07286,16,Female,32,80,Low,12.2,Yes,No,Good,Paid,4,Dropout
S07287,13,Female,56,79,High,16.5,Yes,No,Average,Paid,2,Not Dropout
S07288,11,Female,91,45,Low,15.3,No,No,Average,Unpaid,4,Dropout
S07289,13,Male,68,51,Medium,19.1,Yes,Yes,Average,Unpaid,5,Dropout
S07290,18,Male,93,24,Medium,12.2,Yes,No,Average,Unpaid,5,Dropout
S07291,16,Female,75,92,Medium,18.0,Yes,No,Good,Paid,0,Not Dropout
S07292,14,Female,32,99,Low,1.2,Yes,Yes,Average,Paid,0,Dropout
S07293,11,Male,53,63,Low,7.8,Yes,No,Average,Paid,1,Not Dropout
S07294,17,Male,76,76,High,16.8,Yes,Yes,Good,Paid,3,Not Dropout
S07295,12,Male,39,95,High,4.3,Yes,No,Good,Paid,1,Not Dropout
S07296,18,Female,54,60,High,14.7,Yes,No,Good,Overdue (3+ Months),3,Not Dropout
S07297,17,Male,65,26,Low,8.1,Yes,Yes,Good,Paid,0,Dropout
S07298,12,Female,57,32,High,4.6,No,Yes,Good,Paid,2,Not Dropout
S07299,12,Female,74,41,Low,1.0,No,Yes,Good,Paid,3,Not Dropout
S07300,12,Female,50,63,Low,6.8,No,No,Good,Unpaid,4,Not Dropout
S07301,18,Female,68,28,High,4.5,Yes,No,Good,Paid,2,Not Dropout
S07302,17,Male,33,96,Low,1.0,Yes,Yes,Average,Paid,4,Dropout
S07303,14,Female,80,94,High,9.9,Yes,No,Average,Paid,5,Not Dropout
S07304,13,Male,84,35,Low,10.2,Yes,Yes,Poor,Unpaid,3,Dropout
S07305,15,Female,81,53,Medium,15.3,Yes,Yes,Poor,Paid,1,Not Dropout
S07306,15,Male,90,63,Medium,10.2,Yes,No,Good,Paid,4,Not Dropout
S07307,11,Male,70,38,Medium,9.9,No,Yes,Average,Paid,0,Not Dropout
S07308,12,Female,35,92,High,8.4,No,Yes,Average,Paid,2,Not Dropout
S07309,13,Female,59,50,Low,18.2,No,No,Poor,Paid,2,Not Dropout
S07310,16,Male,48,53,Medium,1.8,No,No,Poor,Paid,5,Not Dropout
S07311,11,Female,53,93,High,8.8,No,No,Good,Unpaid,4,Not Dropout
S07312,11,Female,90,91,High,1.5,No,No,Poor,Overdue (3+ Months),3,Not Dropout
S07313,14,Female,91,31,Medium,1.4,No,No,Good,Paid,0,Not Dropout
S07314,12,Female,64,29,Medium,11.4,Yes,Yes,Average,Paid,5,Dropout
S07315,12,Female,51,55,Low,17.0,Yes,Yes,Average,Paid,2,Not Dropout
S07316,12,Male,73,92,High,5.8,No,Yes,Poor,Overdue (3+ Months),3,Not Dropout
S07317,18,Female,35,64,High,0.9,Yes,Yes,Average,Paid,0,Not Dropout
S07318,14,Female,50,78,Low,6.0,Yes,No,Good,Paid,0,Not Dropout
S07319,12,Male,69,67,Low,19.3,No,Yes,Average,Overdue (3+ Months),1,Not Dropout
S07320,11,Female,76,34,Medium,10.7,No,No,Average,Overdue (3+ Months),4,Not Dropout
S07321,16,Male,55,76,Medium,12.1,Yes,No,Average,Unpaid,0,Not Dropout
S07322,12,Male,84,81,High,16.3,No,No,Average,Unpaid,4,Not Dropout
S07323,15,Female,69,63,Low,1.6,No,No,Good,Unpaid,1,Not Dropout
S07324,11,Male,91,40,Low,12.0,No,Yes,Good,Paid,2,Not Dropout
S07325,13,Female,89,50,Medium,13.1,Yes,No,Good,Paid,3,Not Dropout
S07326,18,Male,43,63,High,11.1,No,No,Average,Paid,4,Not Dropout
S07327,18,Male,58,65,High,10.4,No,Yes,Good,Unpaid,3,Not Dropout
S07328,18,Male,85,91,Low,1.3,No,Yes,Average,Unpaid,2,Not Dropout
S07329,14,Female,61,35,Medium,16.9,Yes,No,Poor,Paid,2,Not Dropout
S07330,14,Male,57,92,Medium,17.6,No,No,Good,Paid,1,Not Dropout
S07331,14,Female,32,80,Medium,13.7,No,Yes,Average,Paid,3,Not Dropout
S07332,13,Female,98,42,Low,17.3,Yes,No,Good,Paid,2,Not Dropout
S07333,15,Male,38,94,Low,16.6,Yes,Yes,Good,Unpaid,2,Dropout
S07334,14,Female,33,55,High,6.3,No,No,Poor,Unpaid,0,Not Dropout
S07335,13,Male,89,42,Medium,15.6,No,No,Good,Unpaid,0,Not Dropout
S07336,15,Female,31,73,High,10.1,Yes,Yes,Good,Unpaid,5,Dropout
S07337,15,Male,67,78,Low,15.2,No,Yes,Average,Paid,5,Not Dropout
S07338,18,Female,30,95,Medium,8.5,Yes,Yes,Average,Paid,4,Dropout
S07339,14,Female,86,52,Low,16.2,No,No,Good,Unpaid,1,Not Dropout
S07340,18,Female,87,92,Medium,1.2,Yes,No,Poor,Paid,3,Not Dropout
S07341,13,Female,70,87,High,19.8,Yes,Yes,Poor,Paid,2,Not Dropout
S07342,16,Female,67,43,High,15.8,Yes,Yes,Poor,Paid,4,Dropout
S07343,15,Female,70,90,High,18.1,Yes,No,Good,Paid,4,Not Dropout
S07344,13,Male,48,73,Low,11.3,No,No,Average,Paid,4,Not Dropout
S07345,11,Male,86,91,Low,1.9,No,Yes,Poor,Paid,1,Not Dropout
S07346,11,Male,76,48,High,5.8,No,No,Good,Unpaid,2,Not Dropout
S07347,12,Female,52,80,Medium,4.7,Yes,No,Good,Overdue (3+ Months),4,Not Dropout
S07348,15,Male,39,23,High,15.9,Yes,Yes,Poor,Paid,0,Dropout
S07349,18,Female,94,58,Low,15.7,Yes,No,Good,Paid,1,Not Dropout
S07350,16,Male,44,79,Low,17.0,No,Yes,Average,Paid,1,Not Dropout
S07351,11,Male,63,96,Low,5.2,Yes,Yes,Poor,Paid,0,Dropout
S07352,18,Male,94,26,Low,16.1,No,Yes,Good,Paid,0,Not Dropout
S07353,17,Female,84,70,Low,17.9,No,Yes,Good,Paid,5,Not Dropout
S07354,14,Female,85,56,Low,12.9,Yes,No,Average,Unpaid,5,Dropout
S07355,11,Male,88,99,Medium,6.5,No,No,Poor,Unpaid,4,Not Dropout
S07356,18,Female,84,96,Medium,17.2,No,Yes,Average,Paid,1,Not Dropout
S07357,11,Female,45,58,Low,9.9,Yes,Yes,Good,Paid,2,Not Dropout
S07358,12,Female,86,66,Low,3.0,No,Yes,Average,Unpaid,1,Not Dropout
S07359,13,Male,95,38,Medium,3.7,Yes,No,Average,Paid,4,Not Dropout
S07360,15,Female,88,66,Medium,1.0,No,Yes,Average,Paid,4,Not Dropout
S07361,11,Male,33,46,High,17.5,Yes,No,Poor,Paid,3,Dropout
S07362,11,Male,90,70,High,1.6,Yes,Yes,Average,Paid,0,Not Dropout
S07363,15,Male,78,28,High,0.9,No,Yes,Good,Paid,2,Not Dropout
S07364,12,Male,92,74,High,3.1,No,No,Good,Paid,1,Not Dropout
S07365,13,Female,68,84,High,2.2,No,Yes,Poor,Paid,5,Not Dropout
S07366,17,Male,80,39,Low,13.0,No,No,Poor,Paid,5,Dropout
S07367,13,Male,49,61,High,4.7,No,Yes,Average,Paid,1,Not Dropout
S07368,14,Female,39,70,Medium,19.3,No,Yes,Average,Overdue (3+ Months),5,Dropout
S07369,16,Female,33,55,High,4.7,Yes,No,Good,Paid,4,Not Dropout
S07370,13,Female,55,76,High,8.4,No,Yes,Average,Paid,4,Not Dropout
S07371,18,Female,94,45,Medium,12.7,No,No,Poor,Unpaid,1,Not Dropout
S07372,13,Male,82,83,Medium,8.5,Yes,No,Average,Paid,0,Not Dropout
S07373,18,Male,72,85,High,4.9,Yes,No,Poor,Paid,0,Not Dropout
S07374,13,Male,56,83,High,1.9,Yes,No,Poor,Paid,2,Not Dropout
S07375,13,Male,68,23,High,10.7,Yes,No,Average,Overdue (3+ Months),0,Not Dropout
S07376,17,Male,82,23,High,18.7,No,No,Good,Unpaid,0,Not Dropout
S07377,14,Male,47,99,Low,19.8,Yes,No,Average,Paid,3,Not Dropout
S07378,13,Female,48,53,Medium,12.4,No,Yes,Average,Unpaid,1,Not Dropout
S07379,12,Male,70,25,Low,13.8,No,No,Average,Paid,4,Not Dropout
S07380,18,Male,82,61,Low,12.0,No,No,Poor,Paid,5,Not Dropout
S07381,12,Female,51,86,Medium,12.9,Yes,Yes,Good,Paid,2,Not Dropout
S07382,12,Female,34,57,Medium,1.7,No,Yes,Poor,Paid,3,Not Dropout
S07383,13,Male,54,30,Low,11.0,No,Yes,Good,Overdue (3+ Months),5,Dropout
S07384,18,Male,59,66,Low,9.9,Yes,No,Good,Overdue (3+ Months),3,Not Dropout
S07385,17,Female,53,67,High,15.3,Yes,Yes,Average,Unpaid,3,Not Dropout
S07386,12,Male,40,73,Medium,17.9,Yes,Yes,Average,Overdue (3+ Months),4,Dropout
S07387,15,Male,82,66,Medium,6.8,No,No,Average,Paid,5,Not Dropout
S07388,16,Male,91,38,Low,18.0,No,Yes,Good,Paid,2,Not Dropout
S07389,14,Female,38,59,Low,7.1,No,No,Average,Unpaid,1,Not Dropout
S07390,15,Male,54,99,High,12.0,No,No,Good,Paid,3,Not Dropout
S07391,18,Male,90,63,Low,16.1,No,No,Good,Overdue (3+ Months),1,Not Dropout
S07392,12,Male,79,54,High,18.8,No,No,Good,Unpaid,3,Not Dropout
S07393,13,Male,38,34,Medium,6.0,Yes,Yes,Average,Paid,0,Dropout
S07394,16,Female,36,99,Medium,7.8,Yes,Yes,Good,Overdue (3+ Months),5,Dropout
S07395,16,Male,46,99,Medium,4.8,Yes,No,Average,Unpaid,1,Not Dropout
S07396,15,Female,41,46,Medium,4.0,No,No,Good,Paid,2,Not Dropout
S07397,11,Male,37,45,Low,12.9,Yes,Yes,Average,Paid,2,Dropout
S07398,15,Female,75,47,High,12.5,Yes,No,Good,Paid,1,Not Dropout
S07399,17,Female,89,20,Medium,13.6,Yes,Yes,Good,Paid,3,Not Dropout
S07400,11,Male,85,85,Medium,13.9,Yes,No,Good,Paid,3,Not Dropout
S07401,15,Male,88,28,Medium,5.4,No,Yes,Good,Unpaid,3,Not Dropout
S07402,15,Male,97,68,Low,8.7,No,No,Poor,Paid,3,Not Dropout
S07403,17,Female,60,71,Medium,18.9,No,Yes,Average,Unpaid,5,Not Dropout
S07404,12,Female,36,67,High,7.4,No,No,Poor,Unpaid,5,Dropout
S07405,17,Male,36,31,Low,0.7,No,Yes,Average,Overdue (3+ Months),0,Dropout
S07406,17,Female,61,20,High,1.9,Yes,Yes,Poor,Paid,3,Dropout
S07407,12,Female,57,85,Medium,16.5,Yes,Yes,Poor,Unpaid,0,Dropout
S07408,14,Female,86,99,Low,3.0,No,Yes,Average,Overdue (3+ Months),1,Not Dropout
S07409,16,Male,31,38,High,13.2,Yes,Yes,Average,Paid,0,Dropout
S07410,11,Male,77,61,High,9.3,Yes,Yes,Poor,Unpaid,4,Dropout
S07411,16,Male,94,41,Medium,10.4,Yes,No,Good,Paid,1,Not Dropout
S07412,15,Male,93,90,Medium,18.1,Yes,No,Average,Overdue (3+ Months),2,Not Dropout
S07413,17,Female,51,26,Medium,19.1,Yes,Yes,Average,Paid,5,Dropout
S07414,16,Female,34,100,Low,19.4,Yes,No,Good,Paid,3,Not Dropout
S07415,14,Female,50,23,Medium,4.4,Yes,No,Average,Paid,3,Not Dropout
S07416,14,Female,92,64,Medium,6.4,No,Yes,Good,Paid,5,Not Dropout
S07417,11,Female,36,98,Low,13.1,Yes,No,Good,Unpaid,3,Dropout
S07418,16,Male,43,50,Low,18.1,No,No,Good,Paid,2,Not Dropout
S07419,16,Male,49,86,Low,5.6,No,Yes,Good,Paid,3,Not Dropout
S07420,12,Male,71,77,Medium,6.3,No,No,Good,Overdue (3+ Months),3,Not Dropout
S07421,18,Male,53,25,Medium,19.6,No,No,Good,Overdue (3+ Months),4,Not Dropout
S07422,17,Female,30,44,Medium,3.9,Yes,No,Good,Paid,2,Not Dropout
S07423,13,Male,88,89,Medium,9.3,No,No,Good,Overdue (3+ Months),5,Not Dropout
S07424,17,Male,76,80,High,14.2,Yes,No,Average,Paid,3,Not Dropout
S07425,14,Female,56,59,Low,19.0,Yes,Yes,Good,Paid,1,Not Dropout
S07426,16,Female,74,98,Medium,19.6,No,No,Average,Unpaid,2,Not Dropout
S07427,12,Female,72,89,Low,10.6,Yes,Yes,Good,Paid,1,Not Dropout
S07428,12,Female,62,100,Medium,18.3,No,No,Good,Unpaid,0,Not Dropout
S07429,14,Female,72,96,Low,2.0,Yes,Yes,Average,Unpaid,0,Dropout
S07430,15,Male,54,65,Medium,11.7,No,No,Average,Overdue (3+ Months),2,Not Dropout
S07431,16,Female,95,89,Low,17.8,Yes,No,Good,Unpaid,4,Dropout
S07432,16,Male,96,67,High,16.2,No,No,Average,Paid,1,Not Dropout
S07433,15,Male,95,42,High,4.7,Yes,Yes,Average,Paid,1,Not Dropout
S07434,16,Male,57,39,High,8.3,Yes,Yes,Average,Paid,5,Dropout
S07435,14,Male,68,79,Low,4.7,No,No,Good,Overdue (3+ Months),5,Not Dropout
S07436,14,Male,30,64,Medium,7.3,Yes,Yes,Good,Paid,5,Dropout
S07437,13,Female,64,51,Low,5.5,No,Yes,Good,Paid,2,Not Dropout
S07438,14,Male,42,48,Low,11.2,Yes,No,Poor,Paid,2,Dropout
S07439,14,Female,63,37,High,3.1,Yes,Yes,Poor,Paid,0,Dropout
S07440,11,Female,82,88,Low,1.0,No,No,Good,Paid,1,Not Dropout
S07441,17,Female,74,39,Medium,5.9,No,Yes,Good,Paid,5,Not Dropout
S07442,15,Male,57,56,High,12.1,No,Yes,Average,Paid,2,Not Dropout
S07443,17,Male,43,70,Medium,14.1,No,No,Average,Paid,4,Not Dropout
S07444,15,Male,38,85,Medium,11.1,No,No,Average,Unpaid,1,Not Dropout
S07445,12,Male,83,82,Medium,8.6,Yes,No,Average,Paid,0,Not Dropout
S07446,13,Male,48,91,High,7.3,No,Yes,Poor,Paid,5,Not Dropout
S07447,16,Male,73,67,Low,18.2,Yes,No,Average,Paid,5,Not Dropout
S07448,15,Male,75,78,Medium,14.0,No,Yes,Average,Unpaid,4,Not Dropout
S07449,11,Male,54,93,High,5.5,No,Yes,Average,Paid,4,Not Dropout
S07450,13,Male,44,39,High,14.4,Yes,Yes,Average,Overdue (3+ Months),4,Dropout
S07451,17,Female,47,51,Medium,3.2,No,No,Good,Unpaid,3,Not Dropout
S07452,12,Female,89,20,High,0.6,No,No,Average,Overdue (3+ Months),1,Not Dropout
S07453,18,Female,79,58,Medium,3.1,No,No,Poor,Paid,3,Not Dropout
S07454,12,Female,84,49,High,5.9,No,Yes,Average,Overdue (3+ Months),2,Not Dropout
S07455,15,Female,90,40,Low,6.5,No,Yes,Average,Paid,2,Not Dropout
S07456,18,Female,94,74,Low,8.6,No,Yes,Good,Paid,0,Not Dropout
S07457,11,Female,86,32,Medium,5.6,No,No,Average,Paid,0,Not Dropout
S07458,13,Female,41,66,High,9.0,Yes,No,Good,Overdue (3+ Months),1,Not Dropout
S07459,14,Female,77,43,Medium,1.6,Yes,No,Good,Unpaid,3,Not Dropout
S07460,15,Female,32,93,Low,12.4,Yes,No,Poor,Paid,5,Dropout
S07461,17,Female,55,43,High,12.5,Yes,No,Good,Overdue (3+ Months),5,Dropout
S07462,16,Male,92,90,Low,1.8,Yes,No,Good,Overdue (3+ Months),4,Dropout
S07463,13,Male,76,83,Low,11.5,No,Yes,Good,Paid,1,Not Dropout
S07464,12,Male,45,70,Medium,1.2,Yes,Yes,Good,Overdue (3+ Months),4,Dropout
S07465,16,Female,54,89,High,4.7,Yes,No,Poor,Unpaid,2,Not Dropout
S07466,18,Male,87,24,High,1.8,Yes,No,Good,Paid,5,Not Dropout
S07467,12,Male,95,89,Medium,13.4,No,Yes,Good,Paid,2,Not Dropout
S07468,12,Male,79,23,Low,7.8,Yes,No,Average,Paid,5,Dropout
S07469,15,Male,81,100,Medium,3.1,No,Yes,Good,Unpaid,1,Not Dropout
S07470,12,Female,88,69,Medium,12.9,No,Yes,Good,Unpaid,2,Not Dropout
S07471,14,Male,57,42,Low,17.4,No,No,Good,Paid,2,Not Dropout
S07472,13,Male,34,76,High,2.2,Yes,Yes,Good,Paid,0,Not Dropout
S07473,12,Female,75,54,Medium,4.9,Yes,No,Good,Unpaid,1,Not Dropout
S07474,18,Female,87,24,High,16.2,No,No,Average,Paid,5,Not Dropout
S07475,16,Male,78,55,Low,6.2,Yes,No,Average,Paid,3,Not Dropout
S07476,16,Male,42,62,Medium,7.8,Yes,Yes,Average,Paid,2,Not Dropout
S07477,17,Male,59,71,High,13.3,Yes,Yes,Good,Paid,2,Not Dropout
S07478,15,Male,32,95,Medium,8.8,Yes,No,Poor,Unpaid,3,Dropout
S07479,15,Male,83,22,Medium,15.6,No,Yes,Good,Paid,1,Not Dropout
S07480,12,Male,75,84,High,2.8,No,Yes,Average,Paid,2,Not Dropout
S07481,14,Male,95,78,High,15.3,No,No,Poor,Paid,4,Not Dropout
S07482,14,Female,38,97,Low,2.7,No,No,Poor,Paid,3,Not Dropout
S07483,14,Female,87,73,High,8.8,Yes,Yes,Good,Paid,4,Not Dropout
S07484,13,Male,72,26,High,13.6,No,No,Poor,Paid,0,Not Dropout
S07485,16,Female,61,25,Low,7.1,No,Yes,Good,Paid,4,Dropout
S07486,11,Male,54,85,Medium,4.4,No,No,Poor,Paid,0,Not Dropout
S07487,18,Male,48,82,High,16.0,Yes,No,Average,Unpaid,1,Not Dropout
S07488,18,Female,52,52,Low,6.6,No,No,Good,Paid,5,Not Dropout
S07489,18,Male,58,46,Medium,14.9,No,Yes,Poor,Unpaid,5,Dropout
S07490,12,Male,62,22,Low,1.1,Yes,Yes,Average,Paid,5,Dropout
S07491,14,Female,70,80,High,3.2,No,Yes,Good,Unpaid,5,Not Dropout
S07492,13,Female,56,68,Low,14.6,No,No,Good,Paid,4,Not Dropout
S07493,15,Female,50,38,Medium,2.5,Yes,No,Good,Overdue (3+ Months),4,Dropout
S07494,13,Female,77,30,High,6.3,Yes,No,Good,Paid,3,Not Dropout
S07495,17,Male,30,23,Low,1.4,No,Yes,Average,Paid,5,Dropout
S07496,14,Female,38,32,High,11.3,Yes,Yes,Average,Paid,1,Dropout
S07497,16,Male,93,73,Medium,11.2,Yes,Yes,Poor,Paid,3,Not Dropout
S07498,18,Female,80,39,Medium,19.1,Yes,No,Good,Paid,2,Not Dropout
S07499,17,Male,36,36,High,9.6,Yes,No,Average,Unpaid,4,Dropout
S07500,16,Male,63,84,Medium,4.2,No,Yes,Good,Paid,0,Not Dropout
S07501,15,Female,66,58,Medium,7.5,Yes,No,Average,Overdue (3+ Months),3,Not Dropout
S07502,17,Male,35,74,High,10.5,Yes,Yes,Good,Paid,2,Not Dropout
S07503,14,Female,50,23,Low,8.2,Yes,No,Average,Unpaid,0,Dropout
S07504,15,Male,32,41,High,16.6,Yes,No,Average,Paid,4,Dropout
S07505,11,Female,64,69,Medium,5.4,Yes,No,Good,Paid,5,Not Dropout
S07506,12,Female,31,48,Medium,6.9,Yes,Yes,Average,Paid,3,Dropout
S07507,16,Male,85,81,High,14.0,No,No,Poor,Paid,2,Not Dropout
S07508,18,Male,34,27,High,2.1,Yes,No,Good,Overdue (3+ Months),5,Dropout
S07509,15,Female,82,77,Low,14.6,No,No,Poor,Overdue (3+ Months),1,Not Dropout
S07510,13,Male,50,43,High,15.7,Yes,No,Good,Overdue (3+ Months),0,Not Dropout
S07511,14,Female,73,59,High,18.6,No,Yes,Average,Unpaid,3,Not Dropout
S07512,12,Male,33,45,Low,3.1,No,Yes,Poor,Paid,5,Dropout
S07513,17,Female,51,79,Medium,8.0,No,Yes,Poor,Paid,5,Not Dropout
S07514,14,Male,98,88,Medium,14.0,No,Yes,Good,Paid,0,Not Dropout
S07515,13,Female,72,76,Low,7.5,Yes,No,Poor,Paid,0,Not Dropout
S07516,15,Male,97,77,Low,17.6,Yes,Yes,Poor,Paid,0,Dropout
S07517,12,Female,63,25,Medium,8.9,Yes,Yes,Average,Paid,4,Dropout
S07518,15,Female,57,46,Low,4.5,No,Yes,Good,Paid,1,Not Dropout
S07519,12,Male,91,65,Low,13.4,Yes,No,Average,Overdue (3+ Months),0,Not Dropout
S07520,12,Male,76,49,High,9.5,Yes,Yes,Average,Paid,2,Not Dropout
S07521,15,Male,92,36,High,19.4,Yes,No,Average,Paid,4,Not Dropout
S07522,13,Male,92,65,Low,5.4,Yes,No,Good,Paid,0,Not Dropout
S07523,15,Male,89,60,High,6.6,No,Yes,Good,Paid,1,Not Dropout
S07524,12,Male,63,26,Medium,9.3,No,Yes,Poor,Paid,1,Not Dropout
S07525,14,Female,56,92,Medium,17.6,No,No,Poor,Overdue (3+ Months),5,Not Dropout
S07526,15,Male,78,27,High,19.4,No,No,Average,Paid,1,Not Dropout
S07527,14,Female,61,99,Low,3.8,Yes,No,Average,Paid,2,Not Dropout
S07528,16,Female,69,83,Low,17.7,Yes,Yes,Good,Paid,2,Not Dropout
S07529,18,Female,40,44,Medium,3.8,No,Yes,Average,Paid,1,Not Dropout
S07530,14,Male,59,77,High,9.0,Yes,Yes,Good,Paid,1,Not Dropout
S07531,13,Female,58,52,High,13.8,No,Yes,Poor,Paid,4,Not Dropout
S07532,13,Female,88,96,Medium,2.0,No,No,Poor,Paid,4,Not Dropout
S07533,15,Male,61,32,Medium,8.6,Yes,Yes,Poor,Paid,4,Dropout
S07534,11,Female,37,55,Medium,1.6,Yes,Yes,Poor,Unpaid,5,Dropout
S07535,11,Female,87,37,Medium,4.8,Yes,Yes,Average,Paid,3,Not Dropout
S07536,16,Male,97,24,Low,10.0,No,Yes,Average,Unpaid,2,Dropout
S07537,13,Male,72,89,Low,3.2,Yes,No,Good,Overdue (3+ Months),1,Not Dropout
S07538,16,Male,81,31,Low,7.7,No,Yes,Average,Paid,5,Dropout
S07539,14,Female,77,89,Low,5.0,Yes,Yes,Average,Unpaid,4,Dropout
S07540,13,Male,48,55,Low,12.0,No,No,Average,Paid,5,Not Dropout
S07541,17,Male,31,90,High,4.9,No,No,Average,Paid,4,Not Dropout
S07542,16,Male,69,67,High,4.1,No,No,Good,Paid,5,Not Dropout
S07543,18,Female,34,41,Low,8.1,No,Yes,Average,Paid,4,Dropout
S07544,16,Female,72,35,High,11.6,Yes,Yes,Average,Paid,0,Not Dropout
S07545,15,Female,56,50,High,7.6,No,Yes,Good,Paid,5,Not Dropout
S07546,17,Female,43,42,High,9.3,No,No,Good,Paid,0,Not Dropout
S07547,14,Male,92,40,Medium,14.0,No,Yes,Average,Paid,2,Not Dropout
S07548,11,Female,31,77,Medium,1.3,Yes,Yes,Good,Paid,0,Not Dropout
S07549,13,Female,56,93,Medium,13.0,No,No,Poor,Paid,3,Not Dropout
S07550,12,Female,57,93,Low,2.2,No,No,Poor,Paid,3,Not Dropout
S07551,13,Male,48,48,Medium,15.2,No,No,Average,Paid,4,Not Dropout
S07552,18,Male,33,30,Medium,6.2,No,Yes,Average,Paid,1,Not Dropout
S07553,13,Female,75,21,High,14.8,Yes,Yes,Good,Paid,2,Not Dropout
S07554,14,Male,77,83,Medium,8.4,No,Yes,Poor,Unpaid,2,Not Dropout
S07555,14,Female,51,74,Medium,16.0,No,Yes,Good,Paid,3,Not Dropout
S07556,18,Female,48,71,Medium,14.1,No,Yes,Good,Unpaid,3,Not Dropout
S07557,18,Female,82,52,Medium,6.6,No,No,Average,Unpaid,2,Not Dropout
S07558,14,Female,90,67,Medium,10.3,No,Yes,Average,Paid,5,Not Dropout
S07559,17,Male,37,31,High,2.0,No,No,Good,Paid,1,Not Dropout
S07560,18,Male,35,69,Medium,19.4,No,Yes,Average,Paid,5,Not Dropout
S07561,13,Male,42,93,Medium,7.4,No,Yes,Average,Paid,3,Not Dropout
S07562,15,Male,33,59,Low,6.5,Yes,Yes,Good,Paid,2,Dropout
S07563,17,Male,30,91,High,4.4,No,No,Good,Paid,2,Not Dropout
S07564,17,Female,65,30,Medium,8.4,No,No,Good,Paid,4,Not Dropout
S07565,14,Female,86,44,Low,17.3,No,No,Good,Unpaid,0,Not Dropout
S07566,17,Female,65,84,High,12.5,No,Yes,Average,Paid,3,Not Dropout
S07567,16,Male,84,93,Low,3.5,No,No,Good,Paid,5,Not Dropout
S07568,17,Female,63,59,Medium,17.7,Yes,Yes,Average,Paid,0,Not Dropout
S07569,13,Female,70,48,Medium,1.8,No,Yes,Average,Paid,5,Not Dropout
S07570,14,Female,61,59,Medium,15.7,Yes,No,Good,Overdue (3+ Months),3,Not Dropout
S07571,14,Male,51,81,High,12.6,No,No,Good,Unpaid,0,Not Dropout
S07572,14,Female,77,48,Low,18.4,No,No,Average,Overdue (3+ Months),0,Not Dropout
S07573,15,Male,30,85,Medium,17.1,No,Yes,Poor,Paid,4,Dropout
S07574,11,Male,94,87,Medium,14.1,Yes,Yes,Good,Paid,1,Not Dropout
S07575,18,Male,43,89,High,10.9,No,No,Average,Paid,0,Not Dropout
S07576,18,Male,30,48,Medium,5.2,Yes,Yes,Good,Paid,4,Dropout
S07577,18,Male,98,92,Medium,8.2,No,Yes,Average,Overdue (3+ Months),3,Not Dropout
S07578,12,Male,91,47,High,18.6,Yes,Yes,Poor,Paid,4,Dropout
S07579,18,Female,72,57,Low,10.9,No,Yes,Poor,Paid,1,Not Dropout
S07580,12,Male,62,85,Medium,18.4,Yes,No,Average,Unpaid,0,Not Dropout
S07581,18,Male,48,76,High,16.9,No,Yes,Average,Overdue (3+ Months),4,Not Dropout
S07582,16,Male,72,29,Low,12.2,Yes,Yes,Average,Overdue (3+ Months),1,Dropout
S07583,18,Female,30,50,Medium,13.6,Yes,Yes,Poor,Paid,2,Dropout
S07584,17,Male,49,52,High,20.0,Yes,Yes,Good,Paid,3,Not Dropout
S07585,11,Male,43,37,Medium,6.0,Yes,No,Poor,Unpaid,4,Dropout
S07586,16,Female,31,87,High,10.6,Yes,Yes,Average,Unpaid,4,Dropout
S07587,12,Male,63,86,Medium,7.6,Yes,Yes,Good,Overdue (3+ Months),3,Not Dropout
S07588,14,Male,55,37,High,2.5,Yes,No,Good,Paid,0,Not Dropout
S07589,12,Male,34,92,Low,18.3,No,No,Good,Unpaid,3,Not Dropout
S07590,11,Female,93,82,Low,15.4,No,Yes,Good,Overdue (3+ Months),5,Dropout
S07591,11,Male,42,82,High,17.1,No,No,Average,Paid,0,Not Dropout
S07592,18,Male,59,87,Medium,13.3,No,No,Average,Paid,0,Not Dropout
S07593,18,Male,72,55,High,4.7,No,Yes,Good,Overdue (3+ Months),3,Not Dropout
S07594,17,Male,73,62,Low,19.1,No,Yes,Average,Paid,5,Not Dropout
S07595,14,Female,69,44,Low,3.8,Yes,Yes,Good,Paid,2,Dropout
S07596,18,Male,87,74,Low,7.3,Yes,Yes,Poor,Paid,5,Dropout
S07597,18,Male,74,60,High,17.4,No,No,Good,Paid,4,Not Dropout
S07598,11,Female,36,31,Medium,1.5,No,No,Good,Paid,5,Not Dropout
S07599,14,Female,94,56,High,8.2,Yes,No,Good,Overdue (3+ Months),4,Not Dropout
S07600,16,Male,69,45,High,7.6,Yes,No,Average,Paid,3,Not Dropout
S07601,15,Male,92,47,Medium,19.2,Yes,Yes,Good,Unpaid,4,Dropout
S07602,17,Female,71,48,Low,0.6,Yes,Yes,Average,Paid,4,Dropout
S07603,18,Male,69,33,Low,7.6,Yes,No,Average,Paid,3,Not Dropout
S07604,13,Female,59,24,Medium,12.4,Yes,No,Poor,Overdue (3+ Months),2,Dropout
S07605,16,Female,39,74,Medium,6.5,No,No,Average,Paid,3,Not Dropout
S07606,14,Male,36,73,Low,2.5,Yes,No,Poor,Unpaid,3,Dropout
S07607,11,Female,80,79,Medium,5.9,Yes,No,Poor,Unpaid,4,Dropout
S07608,13,Female,72,46,Low,8.3,Yes,No,Average,Overdue (3+ Months),3,Dropout
S07609,16,Male,41,47,Medium,16.7,No,No,Poor,Unpaid,0,Dropout
S07610,14,Male,57,53,Low,14.6,No,No,Poor,Overdue (3+ Months),0,Not Dropout
S07611,11,Male,97,95,Low,2.1,No,Yes,Average,Paid,4,Not Dropout
S07612,12,Male,89,93,Low,6.5,No,No,Poor,Paid,2,Not Dropout
S07613,17,Male,32,60,High,18.1,Yes,Yes,Average,Paid,4,Dropout
S07614,12,Female,39,99,High,2.8,No,No,Average,Paid,0,Not Dropout
S07615,17,Male,30,36,Medium,19.7,No,Yes,Good,Paid,3,Not Dropout
S07616,13,Female,50,93,Low,4.4,No,No,Poor,Paid,3,Not Dropout
S07617,12,Female,81,80,Low,15.0,No,No,Good,Overdue (3+ Months),5,Not Dropout
S07618,13,Male,69,100,Medium,13.3,No,Yes,Poor,Paid,5,Not Dropout
S07619,13,Male,48,57,Medium,2.8,Yes,No,Good,Paid,3,Not Dropout
S07620,17,Male,94,60,High,8.1,Yes,No,Average,Unpaid,0,Not Dropout
S07621,13,Female,55,26,High,17.4,No,No,Poor,Paid,2,Not Dropout
S07622,11,Male,69,43,Low,2.7,No,Yes,Poor,Paid,2,Dropout
S07623,17,Male,56,78,Low,2.5,No,Yes,Good,Paid,1,Not Dropout
S07624,18,Female,78,67,Low,9.1,Yes,Yes,Average,Paid,2,Not Dropout
S07625,17,Male,50,34,Low,4.4,Yes,Yes,Good,Unpaid,5,Dropout
S07626,16,Female,94,97,High,9.8,Yes,Yes,Poor,Paid,0,Not Dropout
S07627,15,Male,66,41,Medium,2.8,Yes,No,Good,Unpaid,1,Not Dropout
S07628,16,Male,64,87,Medium,3.7,Yes,No,Good,Unpaid,1,Not Dropout
S07629,13,Male,79,97,Low,16.3,Yes,No,Good,Paid,3,Not Dropout
S07630,17,Male,87,35,High,10.8,No,Yes,Good,Paid,1,Not Dropout
S07631,13,Female,97,63,Medium,19.6,No,Yes,Average,Paid,4,Not Dropout
S07632,16,Female,55,97,Medium,19.2,Yes,No,Good,Paid,0,Not Dropout
S07633,12,Male,54,21,High,11.5,No,Yes,Good,Overdue (3+ Months),2,Not Dropout
S07634,18,Male,74,80,High,5.6,No,Yes,Poor,Paid,0,Not Dropout
S07635,16,Male,63,59,Medium,16.0,Yes,Yes,Poor,Overdue (3+ Months),0,Dropout
S07636,14,Male,51,86,Low,7.6,Yes,Yes,Average,Paid,0,Not Dropout
S07637,12,Female,83,92,Medium,6.1,Yes,No,Good,Paid,3,Not Dropout
S07638,11,Female,73,96,High,0.7,No,No,Good,Paid,5,Not Dropout
S07639,16,Male,57,85,Low,12.8,Yes,Yes,Average,Overdue (3+ Months),2,Dropout
S07640,13,Female,67,66,High,19.7,No,No,Poor,Paid,3,Not Dropout
S07641,12,Male,44,94,Medium,5.3,No,Yes,Good,Paid,1,Not Dropout
S07642,15,Male,63,98,Medium,15.5,No,No,Good,Paid,5,Not Dropout
S07643,17,Female,66,46,Medium,11.0,Yes,Yes,Average,Paid,2,Not Dropout
S07644,17,Female,63,39,Low,9.4,Yes,Yes,Average,Paid,2,Dropout
S07645,11,Male,39,49,Low,7.4,Yes,Yes,Average,Paid,5,Dropout
S07646,17,Female,83,26,High,15.2,No,No,Good,Paid,5,Not Dropout
S07647,18,Male,45,79,Low,10.6,No,No,Good,Paid,0,Not Dropout
S07648,12,Male,64,53,High,2.2,No,Yes,Good,Unpaid,0,Not Dropout
S07649,11,Female,53,44,High,14.3,Yes,Yes,Poor,Paid,1,Dropout
S07650,14,Male,74,94,Low,19.2,Yes,No,Good,Paid,3,Not Dropout
S07651,11,Female,63,70,Low,2.8,Yes,No,Average,Paid,3,Not Dropout
S07652,13,Male,73,49,Medium,10.0,Yes,No,Average,Unpaid,4,Dropout
S07653,18,Female,63,30,Low,2.1,Yes,No,Average,Paid,2,Not Dropout
S07654,16,Male,81,70,Medium,3.2,Yes,Yes,Average,Overdue (3+ Months),2,Not Dropout
S07655,12,Female,66,51,High,10.9,Yes,Yes,Good,Paid,3,Not Dropout
S07656,18,Male,59,83,Low,9.2,No,Yes,Average,Paid,0,Not Dropout
S07657,14,Male,71,90,Low,13.7,Yes,Yes,Average,Paid,1,Not Dropout
S07658,11,Male,45,70,Medium,5.0,Yes,No,Poor,Paid,5,Not Dropout
S07659,14,Female,74,76,Low,11.4,Yes,No,Good,Paid,5,Not Dropout
S07660,14,Female,50,47,Medium,1.5,Yes,Yes,Average,Paid,5,Dropout
S07661,17,Male,44,98,Medium,19.2,Yes,Yes,Poor,Paid,3,Dropout
S07662,13,Female,98,65,Medium,18.7,No,No,Average,Paid,5,Not Dropout
S07663,16,Female,60,40,Low,8.6,No,No,Good,Unpaid,4,Dropout
S07664,13,Female,51,34,High,11.6,No,Yes,Poor,Overdue (3+ Months),4,Dropout
S07665,17,Male,37,68,Medium,8.7,No,Yes,Good,Paid,0,Not Dropout
S07666,14,Male,39,27,Medium,3.8,Yes,No,Average,Overdue (3+ Months),4,Dropout
S07667,15,Male,73,51,Low,5.8,Yes,Yes,Poor,Paid,5,Dropout
S07668,15,Male,44,43,Low,20.0,No,No,Good,Paid,4,Dropout
S07669,17,Male,88,99,Medium,17.8,Yes,Yes,Poor,Paid,4,Dropout
S07670,17,Male,77,38,Low,8.7,Yes,Yes,Good,Paid,3,Dropout
S07671,12,Female,96,50,High,19.4,No,Yes,Poor,Paid,1,Not Dropout
S07672,15,Male,42,34,Medium,5.9,No,No,Good,Unpaid,2,Not Dropout
S07673,13,Male,70,90,Low,18.5,No,Yes,Average,Paid,3,Not Dropout
S07674,17,Male,67,61,Medium,11.9,No,No,Good,Paid,1,Not Dropout
S07675,13,Male,74,55,High,2.7,Yes,No,Poor,Paid,2,Not Dropout
S07676,16,Female,62,77,High,9.3,No,Yes,Average,Unpaid,4,Not Dropout
S07677,13,Female,40,89,Medium,8.6,No,Yes,Average,Overdue (3+ Months),5,Dropout
S07678,16,Female,76,20,Medium,15.3,Yes,No,Good,Paid,2,Not Dropout
S07679,17,Male,75,67,High,9.9,No,No,Average,Paid,3,Not Dropout
S07680,16,Female,60,61,Low,17.0,Yes,No,Good,Paid,2,Not Dropout
S07681,18,Male,32,68,Low,5.3,Yes,No,Good,Paid,4,Dropout
S07682,15,Female,42,98,High,8.8,Yes,No,Average,Paid,2,Not Dropout
S07683,14,Female,94,97,Low,4.4,No,No,Average,Overdue (3+ Months),1,Not Dropout
S07684,12,Female,74,36,Medium,17.0,Yes,No,Poor,Paid,2,Not Dropout
S07685,14,Female,91,84,Medium,6.7,Yes,Yes,Poor,Overdue (3+ Months),1,Dropout
S07686,12,Female,89,82,High,14.4,Yes,Yes,Average,Paid,4,Not Dropout
S07687,14,Male,97,92,Medium,5.6,No,Yes,Poor,Paid,2,Not Dropout
S07688,11,Male,98,25,High,7.9,No,No,Good,Unpaid,3,Not Dropout
S07689,13,Female,30,92,High,17.1,No,No,Average,Paid,1,Not Dropout
S07690,18,Male,64,72,Medium,1.9,Yes,Yes,Good,Overdue (3+ Months),3,Not Dropout
S07691,11,Female,95,37,High,9.8,No,Yes,Average,Paid,4,Not Dropout
S07692,14,Male,31,40,High,19.5,No,No,Poor,Paid,2,Not Dropout
S07693,11,Female,82,94,High,18.7,Yes,Yes,Poor,Paid,1,Not Dropout
S07694,16,Female,66,73,Low,4.4,Yes,Yes,Average,Paid,0,Not Dropout
S07695,17,Female,77,70,Low,8.2,No,No,Good,Paid,0,Not Dropout
S07696,11,Female,50,50,High,4.4,No,Yes,Average,Paid,3,Not Dropout
S07697,11,Male,30,42,High,1.7,No,No,Average,Paid,2,Not Dropout
S07698,15,Female,87,26,Low,6.9,No,Yes,Average,Unpaid,2,Dropout
S07699,13,Male,98,66,Low,19.5,Yes,No,Average,Paid,0,Not Dropout
S07700,14,Male,43,59,Medium,4.0,Yes,No,Average,Paid,5,Not Dropout
S07701,15,Female,76,34,High,17.5,No,Yes,Good,Overdue (3+ Months),5,Dropout
S07702,18,Male,62,57,High,9.7,Yes,No,Average,Paid,0,Not Dropout
S07703,18,Male,98,27,Medium,3.8,No,Yes,Poor,Paid,5,Dropout
S07704,13,Male,46,92,Medium,19.3,No,No,Poor,Unpaid,0,Not Dropout
S07705,17,Female,58,25,Medium,14.9,Yes,Yes,Average,Unpaid,5,Dropout
S07706,13,Female,81,33,High,19.2,Yes,No,Poor,Paid,5,Dropout
S07707,18,Male,75,79,Low,7.2,Yes,Yes,Average,Paid,1,Not Dropout
S07708,14,Female,54,61,High,19.6,Yes,No,Good,Paid,0,Not Dropout
S07709,13,Male,97,74,Medium,2.2,No,Yes,Average,Paid,0,Not Dropout
S07710,14,Male,80,45,High,5.1,Yes,Yes,Average,Unpaid,2,Dropout
S07711,13,Male,62,24,Low,16.1,No,No,Poor,Paid,0,Not Dropout
S07712,11,Male,49,70,Medium,5.6,Yes,No,Average,Paid,3,Not Dropout
S07713,18,Female,42,57,Medium,12.3,No,Yes,Good,Overdue (3+ Months),3,Not Dropout
S07714,15,Female,50,24,High,19.9,Yes,Yes,Good,Unpaid,2,Dropout
S07715,16,Male,95,78,Low,5.3,No,Yes,Average,Paid,0,Not Dropout
S07716,15,Female,90,24,Medium,18.7,No,No,Average,Paid,1,Not Dropout
S07717,11,Male,94,84,High,5.8,Yes,Yes,Good,Paid,3,Not Dropout
S07718,12,Female,44,34,Low,16.2,No,Yes,Good,Paid,2,Dropout
S07719,15,Male,36,100,High,2.0,Yes,No,Good,Unpaid,4,Dropout
S07720,14,Male,94,23,Low,3.4,No,Yes,Poor,Overdue (3+ Months),0,Dropout
S07721,13,Female,49,25,High,17.4,Yes,Yes,Good,Paid,4,Dropout
S07722,18,Male,73,28,High,18.3,No,No,Good,Overdue (3+ Months),3,Not Dropout
S07723,17,Male,42,43,High,15.9,Yes,No,Good,Overdue (3+ Months),4,Dropout
S07724,15,Female,37,60,Medium,1.8,Yes,Yes,Average,Paid,2,Not Dropout
S07725,18,Male,48,93,High,16.2,No,Yes,Average,Overdue (3+ Months),0,Not Dropout
S07726,13,Male,45,76,High,12.8,No,No,Good,Paid,5,Not Dropout
S07727,17,Male,47,87,High,12.3,No,Yes,Average,Unpaid,4,Not Dropout
S07728,17,Female,82,45,Low,12.1,No,No,Good,Paid,1,Not Dropout
S07729,17,Male,94,20,Medium,11.2,No,No,Good,Paid,3,Not Dropout
S07730,16,Female,98,43,High,7.6,No,No,Average,Overdue (3+ Months),4,Not Dropout
S07731,13,Male,32,65,Medium,18.3,Yes,Yes,Good,Paid,1,Not Dropout
S07732,11,Female,42,77,High,18.0,Yes,No,Average,Overdue (3+ Months),0,Not Dropout
S07733,15,Male,64,41,High,9.4,No,No,Good,Unpaid,4,Not Dropout
S07734,16,Male,85,38,Low,3.2,No,No,Good,Paid,3,Not Dropout
S07735,18,Female,68,65,Low,13.1,Yes,Yes,Average,Unpaid,2,Dropout
S07736,16,Male,44,32,High,15.2,Yes,No,Average,Paid,5,Dropout
S07737,12,Male,96,22,High,9.7,Yes,Yes,Average,Paid,1,Not Dropout
S07738,18,Female,30,36,Low,9.6,No,No,Average,Paid,3,Not Dropout
S07739,17,Female,45,28,Low,8.8,No,Yes,Average,Paid,1,Not Dropout
S07740,15,Male,66,64,Low,19.9,Yes,No,Poor,Paid,3,Not Dropout
S07741,16,Female,49,96,Low,17.9,Yes,Yes,Good,Overdue (3+ Months),2,Dropout
S07742,13,Female,86,73,High,16.3,No,Yes,Average,Overdue (3+ Months),4,Not Dropout
S07743,14,Male,45,24,High,11.3,No,Yes,Good,Paid,3,Not Dropout
S07744,14,Female,35,32,High,3.9,No,Yes,Average,Unpaid,0,Dropout
S07745,18,Female,74,46,Low,19.8,Yes,Yes,Good,Paid,0,Dropout
S07746,11,Female,43,56,Low,13.0,No,No,Poor,Paid,0,Not Dropout
S07747,18,Female,42,61,High,17.6,Yes,No,Average,Paid,1,Not Dropout
S07748,13,Female,32,74,High,19.8,No,No,Average,Unpaid,5,Not Dropout
S07749,18,Female,80,96,High,13.6,No,No,Average,Paid,4,Not Dropout
S07750,13,Female,44,96,High,2.0,Yes,Yes,Poor,Unpaid,3,Dropout
S07751,17,Female,81,29,High,13.0,No,No,Average,Paid,2,Not Dropout
S07752,11,Female,60,45,High,1.1,Yes,Yes,Good,Unpaid,4,Dropout
S07753,17,Male,42,51,Low,6.1,No,No,Average,Paid,5,Not Dropout
S07754,18,Female,51,86,High,8.1,No,Yes,Good,Unpaid,0,Not Dropout
S07755,15,Male,79,25,High,1.8,Yes,No,Average,Paid,2,Not Dropout
S07756,11,Male,58,67,Low,5.1,No,Yes,Poor,Paid,4,Dropout
S07757,17,Female,75,90,Low,3.8,Yes,Yes,Poor,Unpaid,2,Dropout
S07758,16,Male,85,52,Medium,13.9,Yes,Yes,Poor,Paid,3,Not Dropout
S07759,15,Female,81,54,High,1.7,Yes,Yes,Good,Paid,4,Not Dropout
S07760,18,Male,63,84,Medium,5.7,No,No,Average,Paid,0,Not Dropout
S07761,17,Female,74,62,High,6.4,Yes,No,Good,Paid,1,Not Dropout
S07762,12,Male,77,90,High,15.7,Yes,Yes,Poor,Paid,4,Dropout
S07763,11,Female,91,80,Low,1.8,No,Yes,Good,Unpaid,3,Not Dropout
S07764,16,Female,45,96,High,6.7,Yes,Yes,Poor,Paid,4,Dropout
S07765,17,Female,77,78,High,7.6,No,No,Average,Paid,1,Not Dropout
S07766,17,Male,75,23,Low,11.6,No,Yes,Poor,Paid,4,Dropout
S07767,14,Female,92,46,High,16.9,No,Yes,Average,Paid,5,Not Dropout
S07768,16,Female,37,63,Low,5.6,No,No,Average,Paid,5,Not Dropout
S07769,11,Male,31,65,Medium,7.4,Yes,No,Good,Paid,3,Not Dropout
S07770,18,Male,41,23,Low,9.4,No,Yes,Poor,Overdue (3+ Months),5,Dropout
S07771,16,Female,38,82,Low,17.8,No,Yes,Good,Paid,3,Not Dropout
S07772,15,Male,71,22,Low,2.3,Yes,No,Average,Overdue (3+ Months),3,Dropout
S07773,15,Female,58,29,Medium,10.7,No,Yes,Good,Unpaid,0,Not Dropout
S07774,12,Male,61,45,Medium,12.9,No,Yes,Good,Overdue (3+ Months),1,Not Dropout
S07775,17,Female,45,49,High,12.5,No,Yes,Average,Paid,5,Not Dropout
S07776,17,Female,90,96,Medium,19.9,Yes,Yes,Good,Unpaid,2,Not Dropout
S07777,16,Male,76,94,Medium,7.3,No,Yes,Average,Paid,2,Not Dropout
S07778,11,Male,91,82,High,12.0,No,Yes,Good,Unpaid,2,Not Dropout
S07779,15,Male,31,60,Low,19.6,Yes,No,Poor,Unpaid,3,Dropout
S07780,13,Female,78,46,Low,18.0,Yes,Yes,Good,Overdue (3+ Months),1,Dropout
S07781,14,Female,97,86,Medium,1.8,Yes,No,Poor,Paid,3,Not Dropout
S07782,15,Female,55,96,Medium,6.9,Yes,Yes,Good,Overdue (3+ Months),4,Dropout
S07783,16,Female,96,98,Medium,12.4,Yes,No,Good,Paid,3,Not Dropout
S07784,13,Male,74,77,Medium,5.0,No,Yes,Poor,Unpaid,5,Dropout
S07785,16,Female,85,28,High,19.5,Yes,No,Good,Paid,4,Not Dropout
S07786,14,Female,39,63,Medium,1.9,No,Yes,Good,Paid,0,Not Dropout
S07787,15,Female,81,88,Low,7.8,No,Yes,Good,Paid,3,Not Dropout
S07788,18,Female,59,86,Medium,14.3,No,No,Average,Paid,0,Not Dropout
S07789,18,Female,79,50,Low,10.0,No,No,Average,Paid,1,Not Dropout
S07790,15,Male,73,77,Medium,4.2,Yes,Yes,Average,Overdue (3+ Months),3,Not Dropout
S07791,11,Male,46,51,High,1.9,No,Yes,Good,Paid,4,Not Dropout
S07792,16,Male,58,58,Medium,17.4,Yes,Yes,Average,Unpaid,1,Not Dropout
S07793,14,Female,30,77,Medium,4.1,No,No,Good,Unpaid,4,Not Dropout
S07794,15,Male,90,41,Medium,18.1,No,Yes,Poor,Paid,0,Not Dropout
S07795,18,Male,50,83,High,16.7,No,No,Average,Unpaid,2,Not Dropout
S07796,12,Male,56,96,High,6.3,Yes,Yes,Average,Unpaid,0,Not Dropout
S07797,18,Male,35,74,Low,3.5,Yes,No,Poor,Paid,4,Dropout
S07798,16,Female,76,72,Medium,13.8,No,No,Good,Unpaid,1,Not Dropout
S07799,13,Male,91,42,Low,6.7,No,No,Good,Paid,0,Not Dropout
S07800,11,Male,82,45,Medium,20.0,No,Yes,Average,Paid,5,Not Dropout
S07801,13,Female,34,92,Medium,8.0,Yes,Yes,Good,Paid,0,Not Dropout
S07802,14,Male,88,97,High,6.6,Yes,Yes,Average,Paid,2,Not Dropout
S07803,16,Male,54,71,Low,19.4,No,Yes,Average,Paid,5,Not Dropout
S07804,18,Female,84,72,Low,3.3,No,No,Good,Paid,3,Not Dropout
S07805,11,Male,43,38,Medium,13.8,No,Yes,Average,Overdue (3+ Months),2,Dropout
S07806,16,Female,90,69,Medium,14.4,Yes,Yes,Good,Paid,0,Not Dropout
S07807,16,Female,70,80,Medium,9.6,No,Yes,Poor,Paid,3,Not Dropout
S07808,17,Female,87,58,High,11.4,Yes,No,Average,Paid,2,Not Dropout
S07809,13,Female,52,95,Low,6.6,No,No,Good,Paid,0,Not Dropout
S07810,16,Female,96,35,High,3.7,Yes,Yes,Poor,Unpaid,0,Dropout
S07811,18,Female,76,35,High,16.4,Yes,No,Average,Paid,3,Not Dropout
S07812,11,Female,86,45,High,9.3,Yes,No,Good,Paid,2,Not Dropout
S07813,11,Female,65,42,Low,15.1,Yes,No,Average,Overdue (3+ Months),5,Dropout
S07814,15,Male,54,80,Low,16.0,No,Yes,Average,Paid,2,Not Dropout
S07815,12,Male,41,51,High,5.6,Yes,No,Good,Paid,3,Not Dropout
S07816,16,Female,65,96,High,9.9,No,Yes,Poor,Paid,0,Not Dropout
S07817,12,Female,43,67,High,9.2,No,No,Average,Paid,2,Not Dropout
S07818,18,Female,42,98,High,19.0,Yes,No,Good,Paid,3,Not Dropout
S07819,14,Female,37,83,High,5.3,Yes,No,Good,Paid,3,Not Dropout
S07820,12,Female,93,25,Medium,7.5,Yes,No,Average,Overdue (3+ Months),2,Not Dropout
S07821,12,Male,36,54,Low,12.8,No,No,Average,Paid,0,Not Dropout
S07822,16,Female,32,53,Low,9.1,No,Yes,Good,Paid,0,Not Dropout
S07823,13,Male,39,87,Low,7.6,Yes,Yes,Good,Paid,5,Dropout
S07824,13,Female,56,66,High,15.5,No,No,Poor,Unpaid,3,Not Dropout
S07825,17,Female,93,26,Low,7.6,No,Yes,Average,Paid,3,Not Dropout
S07826,16,Male,62,23,Low,8.2,No,Yes,Poor,Paid,1,Dropout
S07827,13,Male,61,37,High,14.9,Yes,Yes,Average,Overdue (3+ Months),2,Dropout
S07828,11,Female,53,34,High,7.1,Yes,Yes,Good,Unpaid,2,Dropout
S07829,18,Female,36,76,Medium,0.7,No,Yes,Poor,Paid,4,Dropout
S07830,16,Male,71,68,High,8.8,Yes,Yes,Good,Paid,5,Not Dropout
S07831,17,Female,57,72,Low,5.7,Yes,No,Good,Paid,5,Not Dropout
S07832,12,Female,33,100,Low,1.7,No,No,Poor,Paid,0,Not Dropout
S07833,17,Male,97,91,Low,9.4,Yes,Yes,Good,Unpaid,0,Dropout
S07834,11,Female,86,36,Medium,14.1,No,Yes,Good,Paid,5,Not Dropout
S07835,18,Female,43,96,High,13.1,Yes,No,Average,Paid,1,Not Dropout
S07836,17,Male,49,52,Low,3.1,No,No,Poor,Paid,5,Not Dropout
S07837,17,Female,41,86,Low,8.9,Yes,Yes,Average,Paid,4,Dropout
S07838,17,Male,63,57,Low,3.9,No,Yes,Poor,Paid,4,Dropout
S07839,13,Female,84,27,High,11.7,No,No,Good,Overdue (3+ Months),2,Not Dropout
S07840,18,Female,46,43,High,3.0,Yes,Yes,Good,Unpaid,3,Dropout
S07841,14,Female,54,100,Low,3.6,Yes,Yes,Poor,Paid,5,Dropout
S07842,14,Male,49,93,High,6.4,No,Yes,Average,Paid,0,Not Dropout
S07843,15,Female,89,68,High,19.4,Yes,Yes,Poor,Overdue (3+ Months),2,Dropout
S07844,12,Male,98,75,Low,5.8,Yes,Yes,Good,Paid,1,Not Dropout
S07845,16,Female,89,99,Low,15.1,Yes,Yes,Good,Paid,2,Not Dropout
S07846,16,Female,89,51,Low,3.3,Yes,No,Average,Unpaid,0,Not Dropout
S07847,14,Male,66,40,Low,8.7,No,No,Good,Paid,3,Not Dropout
S07848,12,Male,60,64,Low,16.2,No,Yes,Good,Unpaid,2,Not Dropout
S07849,12,Female,96,72,Low,11.6,No,Yes,Average,Paid,4,Not Dropout
S07850,14,Male,83,80,Low,15.7,No,No,Good,Paid,0,Not Dropout
S07851,14,Female,53,73,Medium,13.9,Yes,Yes,Good,Paid,3,Not Dropout
S07852,14,Female,63,72,High,11.3,No,No,Good,Paid,0,Not Dropout
S07853,11,Female,40,91,Low,3.9,No,Yes,Average,Paid,2,Not Dropout
S07854,13,Female,53,62,Medium,11.0,Yes,Yes,Good,Paid,5,Not Dropout
S07855,13,Female,76,47,Low,16.3,Yes,No,Average,Paid,5,Dropout
S07856,11,Male,63,92,High,1.7,No,Yes,Average,Paid,4,Not Dropout
S07857,17,Male,50,21,Low,11.4,No,Yes,Good,Paid,3,Not Dropout
S07858,18,Female,38,46,Low,10.9,No,No,Good,Paid,3,Not Dropout
S07859,15,Male,89,50,Low,15.9,Yes,No,Good,Unpaid,4,Dropout
S07860,18,Female,45,43,High,1.2,Yes,No,Poor,Paid,1,Not Dropout
S07861,16,Female,45,69,Medium,1.2,No,Yes,Good,Unpaid,5,Not Dropout
S07862,14,Female,47,63,Low,5.0,Yes,Yes,Average,Paid,4,Dropout
S07863,16,Male,53,34,Low,9.7,Yes,Yes,Average,Paid,2,Dropout
S07864,16,Female,88,97,High,10.3,Yes,Yes,Average,Overdue (3+ Months),2,Not Dropout
S07865,16,Male,75,64,High,14.9,No,No,Average,Paid,2,Not Dropout
S07866,13,Female,69,35,Low,14.2,Yes,Yes,Average,Unpaid,2,Dropout
S07867,11,Male,65,42,High,2.3,No,Yes,Good,Unpaid,2,Not Dropout
S07868,17,Male,40,86,Medium,16.8,Yes,No,Poor,Paid,3,Not Dropout
S07869,13,Male,97,56,Medium,19.5,Yes,No,Average,Overdue (3+ Months),0,Not Dropout
S07870,16,Female,64,55,Low,6.8,No,No,Poor,Paid,1,Not Dropout
S07871,12,Male,80,93,High,4.4,No,No,Average,Paid,5,Not Dropout
S07872,18,Female,49,92,High,2.0,Yes,Yes,Good,Overdue (3+ Months),4,Dropout
S07873,15,Male,63,53,Low,5.2,No,No,Average,Paid,2,Not Dropout
S07874,17,Female,80,58,Low,9.1,No,No,Good,Paid,1,Not Dropout
S07875,16,Female,60,21,Low,13.9,Yes,No,Average,Unpaid,1,Dropout
S07876,18,Male,75,81,High,7.6,No,No,Average,Paid,3,Not Dropout
S07877,13,Male,67,41,Medium,0.9,No,Yes,Average,Paid,4,Not Dropout
S07878,17,Male,83,79,High,4.2,Yes,Yes,Average,Overdue (3+ Months),3,Not Dropout
S07879,14,Female,43,55,Medium,15.8,No,No,Good,Paid,5,Not Dropout
S07880,11,Female,69,62,Low,14.7,No,No,Good,Unpaid,3,Not Dropout
S07881,16,Male,62,70,Medium,6.5,Yes,Yes,Good,Paid,2,Not Dropout
S07882,17,Male,81,90,Medium,0.9,No,No,Average,Paid,5,Not Dropout
S07883,15,Female,41,93,Low,18.0,Yes,Yes,Poor,Paid,5,Dropout
S07884,13,Male,64,69,High,3.2,Yes,No,Average,Paid,3,Not Dropout
S07885,13,Female,37,73,Low,1.7,No,Yes,Good,Paid,1,Not Dropout
S07886,13,Male,36,73,Medium,14.5,No,No,Average,Paid,3,Not Dropout
S07887,16,Female,41,36,Medium,14.3,No,No,Poor,Paid,3,Not Dropout
S07888,18,Male,86,81,Medium,11.8,Yes,No,Average,Unpaid,4,Not Dropout
S07889,12,Female,91,27,Low,11.4,No,Yes,Poor,Paid,1,Dropout
S07890,16,Female,88,91,High,15.9,No,No,Poor,Unpaid,2,Not Dropout
S07891,15,Male,72,92,Medium,2.2,No,Yes,Average,Paid,4,Not Dropout
S07892,12,Female,69,43,Medium,16.4,No,Yes,Average,Unpaid,5,Dropout
S07893,18,Male,57,53,Medium,3.2,Yes,No,Poor,Overdue (3+ Months),2,Not Dropout
S07894,14,Female,85,70,Low,17.0,No,Yes,Good,Paid,1,Not Dropout
S07895,11,Female,43,91,Medium,8.4,No,Yes,Average,Unpaid,5,Dropout
S07896,13,Female,63,47,High,5.6,No,No,Average,Unpaid,2,Not Dropout
S07897,16,Female,85,32,High,18.1,No,No,Poor,Unpaid,2,Not Dropout
S07898,13,Male,92,71,Medium,0.8,No,Yes,Good,Paid,4,Not Dropout
S07899,12,Male,78,49,High,6.3,Yes,No,Good,Paid,5,Not Dropout
S07900,11,Male,90,60,Medium,5.2,Yes,Yes,Good,Paid,4,Not Dropout
S07901,14,Female,79,69,Medium,15.6,No,No,Good,Unpaid,0,Not Dropout
S07902,15,Female,47,87,Low,12.6,Yes,Yes,Good,Paid,4,Dropout
S07903,17,Male,98,40,Medium,16.8,Yes,Yes,Average,Paid,4,Dropout
S07904,11,Male,62,95,Low,3.5,No,Yes,Average,Overdue (3+ Months),5,Dropout
S07905,17,Male,78,45,High,16.0,No,Yes,Good,Paid,1,Not Dropout
S07906,14,Male,70,40,Low,9.5,No,No,Average,Paid,1,Not Dropout
S07907,15,Male,71,31,Low,14.7,Yes,Yes,Average,Overdue (3+ Months),3,Dropout
S07908,16,Female,75,96,Medium,15.8,No,No,Good,Paid,3,Not Dropout
S07909,14,Female,76,63,Medium,6.1,Yes,No,Average,Paid,0,Not Dropout
S07910,18,Male,71,42,Low,20.0,No,Yes,Good,Paid,4,Dropout
S07911,14,Male,42,82,Low,18.4,No,No,Poor,Paid,0,Not Dropout
S07912,17,Female,55,100,High,19.4,No,No,Poor,Unpaid,3,Not Dropout
S07913,11,Male,37,47,Low,15.3,No,Yes,Poor,Overdue (3+ Months),3,Dropout
S07914,18,Female,85,39,Medium,15.1,No,No,Good,Paid,0,Not Dropout
S07915,11,Female,50,40,Low,8.5,No,Yes,Good,Paid,3,Not Dropout
S07916,12,Male,72,70,High,18.5,Yes,No,Average,Unpaid,3,Not Dropout
S07917,12,Female,51,35,Low,7.0,No,No,Average,Paid,1,Not Dropout
S07918,15,Male,35,29,High,5.7,No,No,Good,Paid,3,Not Dropout
S07919,14,Male,71,89,Medium,8.9,Yes,No,Good,Paid,4,Not Dropout
S07920,13,Female,92,73,Low,17.9,Yes,Yes,Good,Paid,1,Not Dropout
S07921,17,Female,57,62,Low,1.1,No,Yes,Good,Paid,4,Not Dropout
S07922,12,Female,73,81,Low,3.7,No,Yes,Good,Overdue (3+ Months),1,Not Dropout
S07923,18,Male,74,100,Low,3.7,No,No,Average,Paid,4,Not Dropout
S07924,12,Male,35,58,High,4.3,Yes,No,Good,Paid,5,Not Dropout
S07925,16,Female,33,77,Low,12.5,No,Yes,Good,Paid,3,Not Dropout
S07926,12,Female,53,56,High,9.1,No,Yes,Good,Paid,2,Not Dropout
S07927,15,Male,68,67,High,0.8,Yes,Yes,Average,Paid,5,Not Dropout
S07928,14,Female,85,51,High,11.0,Yes,No,Poor,Paid,5,Not Dropout
S07929,12,Female,43,56,Low,19.0,Yes,Yes,Average,Paid,1,Dropout
S07930,15,Female,91,23,Low,18.7,No,No,Average,Paid,1,Not Dropout
S07931,16,Male,53,61,Medium,17.9,No,No,Good,Paid,3,Not Dropout
S07932,12,Male,88,48,High,14.4,No,Yes,Average,Paid,4,Not Dropout
S07933,16,Male,92,89,Medium,13.1,No,No,Good,Paid,4,Not Dropout
S07934,17,Female,39,93,High,11.9,No,No,Poor,Unpaid,3,Not Dropout
S07935,14,Female,64,45,Medium,12.1,No,Yes,Poor,Unpaid,1,Dropout
S07936,15,Male,62,72,High,9.4,No,Yes,Good,Overdue (3+ Months),4,Not Dropout
S07937,15,Female,77,66,Low,9.8,No,No,Good,Overdue (3+ Months),5,Not Dropout
S07938,18,Female,39,20,Medium,3.3,Yes,No,Poor,Unpaid,1,Dropout
S07939,13,Female,46,83,Low,14.5,Yes,Yes,Good,Paid,5,Dropout
S07940,16,Male,34,33,High,9.8,Yes,Yes,Average,Unpaid,1,Dropout
S07941,16,Female,87,84,High,6.9,Yes,Yes,Average,Paid,3,Not Dropout
S07942,11,Male,61,62,Medium,1.7,No,No,Average,Paid,2,Not Dropout
S07943,18,Male,77,81,High,5.9,No,Yes,Good,Paid,2,Not Dropout
S07944,11,Female,40,68,High,13.4,Yes,No,Average,Paid,4,Not Dropout
S07945,18,Male,33,83,High,16.8,Yes,Yes,Good,Overdue (3+ Months),4,Dropout
S07946,13,Male,59,28,High,12.0,No,No,Poor,Paid,0,Not Dropout
S07947,14,Male,76,63,High,8.7,No,Yes,Average,Paid,4,Not Dropout
S07948,15,Male,41,77,Medium,8.1,No,No,Good,Paid,4,Not Dropout
S07949,14,Female,42,68,Low,9.3,No,No,Good,Paid,0,Not Dropout
S07950,14,Female,79,29,Low,19.8,Yes,Yes,Good,Paid,1,Dropout
S07951,18,Male,31,52,High,19.0,Yes,No,Good,Overdue (3+ Months),3,Not Dropout
S07952,18,Male,60,67,High,16.4,No,No,Average,Paid,0,Not Dropout
S07953,14,Female,31,54,Low,19.1,Yes,No,Average,Unpaid,2,Dropout
S07954,17,Female,36,36,Medium,12.8,Yes,No,Average,Paid,0,Not Dropout
S07955,12,Female,71,72,Low,8.0,Yes,No,Good,Paid,3,Not Dropout
S07956,16,Female,32,99,Medium,18.9,No,No,Poor,Paid,2,Not Dropout
S07957,13,Male,94,51,Medium,3.5,No,Yes,Poor,Overdue (3+ Months),3,Not Dropout
S07958,16,Female,80,90,High,7.1,No,No,Good,Paid,2,Not Dropout
S07959,18,Male,63,40,Low,11.2,No,No,Average,Overdue (3+ Months),3,Not Dropout
S07960,17,Male,38,73,Medium,2.6,Yes,No,Average,Paid,0,Not Dropout
S07961,14,Male,60,27,Medium,14.3,Yes,No,Good,Unpaid,3,Not Dropout
S07962,17,Male,70,23,High,1.7,No,Yes,Good,Paid,1,Not Dropout
S07963,15,Female,45,60,Low,8.2,Yes,Yes,Good,Paid,3,Not Dropout
S07964,14,Female,42,97,Low,9.9,Yes,No,Average,Paid,5,Dropout
S07965,15,Female,85,40,High,3.6,Yes,No,Good,Paid,1,Not Dropout
S07966,13,Female,50,67,Medium,14.7,No,Yes,Good,Paid,5,Not Dropout
S07967,17,Male,90,80,High,4.7,Yes,Yes,Average,Paid,2,Not Dropout
S07968,12,Male,33,53,Medium,14.5,Yes,No,Poor,Unpaid,5,Dropout
S07969,15,Male,88,86,High,3.1,Yes,Yes,Good,Paid,3,Not Dropout
S07970,18,Female,95,37,High,8.8,Yes,No,Poor,Paid,1,Not Dropout
S07971,16,Female,79,96,High,9.2,No,Yes,Poor,Paid,0,Not Dropout
S07972,14,Male,43,53,High,4.7,No,No,Good,Overdue (3+ Months),1,Not Dropout
S07973,17,Female,71,31,Medium,5.7,Yes,No,Good,Overdue (3+ Months),0,Not Dropout
S07974,14,Male,70,60,Medium,5.4,No,Yes,Average,Paid,0,Not Dropout
S07975,11,Female,76,82,Low,8.5,Yes,No,Poor,Overdue (3+ Months),1,Dropout
S07976,11,Male,94,89,Medium,15.8,No,Yes,Average,Paid,2,Not Dropout
S07977,17,Female,72,21,High,7.4,No,Yes,Good,Unpaid,0,Not Dropout
S07978,13,Male,65,61,Low,4.0,Yes,No,Average,Unpaid,2,Not Dropout
S07979,11,Female,60,28,Medium,19.9,No,No,Good,Paid,0,Not Dropout
S07980,12,Female,53,26,Low,2.5,Yes,No,Average,Paid,0,Not Dropout
S07981,16,Male,75,32,Medium,9.2,Yes,No,Good,Paid,4,Not Dropout
S07982,13,Female,90,45,Medium,5.4,Yes,No,Good,Paid,5,Not Dropout
S07983,14,Female,33,22,High,1.8,No,No,Good,Paid,4,Not Dropout
S07984,14,Female,68,27,Low,2.4,Yes,No,Good,Paid,0,Not Dropout
S07985,16,Male,51,82,Medium,7.2,No,No,Good,Paid,0,Not Dropout
S07986,17,Male,90,36,Medium,1.7,Yes,No,Poor,Unpaid,4,Dropout
S07987,18,Female,65,89,Low,14.0,No,Yes,Poor,Paid,5,Dropout
S07988,15,Male,34,39,Low,13.4,Yes,Yes,Good,Unpaid,4,Dropout
S07989,11,Male,62,77,Medium,13.1,No,No,Average,Overdue (3+ Months),5,Not Dropout
S07990,14,Female,89,49,Low,16.5,No,Yes,Average,Paid,1,Not Dropout
S07991,11,Female,56,40,High,5.8,Yes,No,Average,Paid,0,Not Dropout
S07992,16,Male,93,21,Medium,15.9,Yes,No,Poor,Paid,2,Not Dropout
S07993,15,Male,48,23,Medium,8.8,Yes,Yes,Poor,Paid,5,Dropout
S07994,13,Female,54,37,High,7.5,Yes,No,Average,Paid,3,Not Dropout
S07995,16,Male,40,95,High,8.3,Yes,Yes,Poor,Paid,0,Dropout
S07996,14,Male,45,88,High,2.5,No,Yes,Poor,Paid,0,Not Dropout
S07997,16,Male,70,90,Medium,7.6,Yes,Yes,Good,Overdue (3+ Months),3,Not Dropout
S07998,15,Male,87,87,Low,2.9,No,Yes,Poor,Paid,2,Not Dropout
S07999,14,Male,52,85,Medium,11.8,No,Yes,Average,Paid,3,Not Dropout
S08000,16,Male,52,53,Low,15.4,Yes,No,Average,Overdue (3+ Months),4,Dropout
S08001,18,Male,53,85,Low,16.5,Yes,Yes,Average,Paid,4,Dropout
S08002,12,Female,83,47,Medium,2.6,No,No,Good,Paid,4,Not Dropout
S08003,11,Female,83,25,Medium,2.6,No,No,Good,Paid,1,Not Dropout
S08004,14,Male,44,56,Low,1.1,No,Yes,Good,Paid,3,Not Dropout
S08005,13,Female,57,35,Low,17.8,Yes,No,Average,Paid,3,Not Dropout
S08006,16,Female,69,86,High,10.4,No,No,Good,Paid,2,Not Dropout
S08007,14,Female,54,74,Low,18.1,Yes,Yes,Average,Paid,2,Not Dropout
S08008,16,Female,59,39,Medium,15.9,Yes,Yes,Average,Paid,0,Not Dropout
S08009,17,Female,68,98,High,4.4,No,Yes,Average,Paid,4,Not Dropout
S08010,12,Male,74,43,Medium,17.4,Yes,No,Good,Overdue (3+ Months),0,Not Dropout
S08011,14,Male,57,44,High,19.4,Yes,Yes,Good,Overdue (3+ Months),4,Dropout
S08012,17,Female,36,51,Medium,0.9,Yes,No,Good,Paid,1,Not Dropout
S08013,18,Male,68,71,Low,17.7,Yes,Yes,Average,Paid,3,Not Dropout
S08014,18,Female,84,97,Medium,2.1,No,No,Poor,Paid,5,Not Dropout
S08015,11,Female,87,44,High,12.1,No,Yes,Poor,Paid,2,Not Dropout
S08016,14,Male,71,44,Low,7.4,No,Yes,Poor,Overdue (3+ Months),3,Dropout
S08017,15,Male,64,30,Medium,13.7,Yes,No,Good,Paid,2,Not Dropout
S08018,12,Female,31,49,Low,18.3,Yes,Yes,Average,Paid,1,Dropout
S08019,17,Male,69,76,High,16.9,No,No,Good,Paid,1,Not Dropout
S08020,15,Male,86,78,High,3.5,Yes,Yes,Average,Paid,2,Not Dropout
S08021,15,Male,30,46,Medium,4.9,Yes,No,Good,Paid,1,Not Dropout
S08022,14,Female,46,48,High,4.0,No,Yes,Poor,Paid,0,Not Dropout
S08023,18,Male,79,88,High,14.1,No,Yes,Good,Paid,5,Not Dropout
S08024,18,Female,96,77,Medium,4.6,No,No,Good,Paid,1,Not Dropout
S08025,16,Male,71,83,Low,20.0,No,Yes,Average,Paid,3,Not Dropout
S08026,12,Male,76,74,High,5.7,Yes,Yes,Average,Unpaid,0,Not Dropout
S08027,14,Female,48,99,High,3.7,Yes,Yes,Good,Overdue (3+ Months),3,Not Dropout
S08028,17,Male,50,89,Medium,8.8,No,No,Good,Paid,0,Not Dropout
S08029,13,Female,44,38,Low,19.3,No,No,Average,Paid,3,Not Dropout
S08030,15,Female,71,97,Low,13.1,No,Yes,Good,Unpaid,5,Dropout
S08031,13,Female,81,69,High,9.8,Yes,No,Average,Paid,0,Not Dropout
S08032,18,Male,90,76,High,14.3,Yes,Yes,Poor,Overdue (3+ Months),3,Dropout
S08033,11,Male,70,96,Medium,10.9,No,No,Average,Paid,4,Not Dropout
S08034,14,Male,83,29,High,18.1,No,No,Good,Paid,2,Not Dropout
S08035,17,Female,90,53,Low,6.9,Yes,No,Good,Paid,5,Not Dropout
S08036,16,Female,83,54,High,17.9,Yes,No,Poor,Paid,0,Not Dropout
S08037,16,Male,31,73,High,18.3,No,No,Average,Paid,5,Not Dropout
S08038,18,Male,45,32,High,2.9,Yes,Yes,Good,Paid,4,Dropout
S08039,11,Male,77,22,High,15.1,Yes,No,Good,Paid,4,Not Dropout
S08040,14,Male,98,72,Medium,15.1,No,No,Average,Paid,0,Not Dropout
S08041,18,Male,74,40,High,6.1,No,Yes,Poor,Paid,1,Not Dropout
S08042,16,Male,42,89,Medium,16.2,No,Yes,Good,Paid,5,Not Dropout
S08043,16,Female,84,88,Low,19.5,No,Yes,Good,Paid,4,Not Dropout
S08044,14,Female,91,61,Low,18.7,No,Yes,Good,Paid,5,Not Dropout
S08045,16,Female,98,99,High,0.7,No,No,Average,Paid,4,Not Dropout
S08046,16,Male,50,29,Medium,16.9,Yes,Yes,Poor,Paid,0,Dropout
S08047,14,Female,34,31,Medium,10.8,No,No,Good,Paid,3,Not Dropout
S08048,15,Male,91,37,High,14.0,No,No,Poor,Overdue (3+ Months),1,Not Dropout
S08049,12,Female,86,65,Medium,12.1,Yes,No,Good,Paid,0,Not Dropout
S08050,12,Male,71,42,Low,3.0,No,No,Good,Paid,5,Not Dropout
S08051,14,Male,92,61,High,17.4,Yes,No,Good,Paid,2,Not Dropout
S08052,12,Male,77,64,Low,3.1,Yes,Yes,Average,Paid,3,Not Dropout
S08053,18,Female,45,64,Low,11.5,Yes,No,Good,Paid,5,Not Dropout
S08054,13,Male,80,65,High,13.6,No,Yes,Average,Paid,5,Not Dropout
S08055,18,Female,44,75,Low,10.6,No,Yes,Good,Unpaid,0,Dropout
S08056,14,Female,41,37,Low,8.4,Yes,No,Poor,Overdue (3+ Months),5,Dropout
S08057,16,Female,71,30,Low,18.6,Yes,No,Average,Paid,5,Dropout
S08058,14,Female,34,48,Low,6.8,Yes,No,Average,Paid,0,Dropout
S08059,14,Female,70,38,Low,15.1,No,Yes,Average,Paid,3,Not Dropout
S08060,16,Female,93,30,High,11.3,No,Yes,Average,Paid,1,Not Dropout
S08061,18,Female,95,27,High,5.4,Yes,Yes,Poor,Paid,5,Dropout
S08062,14,Male,54,46,High,9.4,Yes,No,Poor,Paid,3,Not Dropout
S08063,12,Male,65,60,Medium,8.6,Yes,No,Good,Paid,1,Not Dropout
S08064,17,Female,75,59,High,5.3,No,Yes,Average,Overdue (3+ Months),4,Not Dropout
S08065,12,Female,48,48,Medium,18.7,Yes,Yes,Poor,Paid,3,Dropout
S08066,16,Male,77,55,High,19.9,No,Yes,Average,Paid,0,Not Dropout
S08067,11,Male,40,91,High,18.8,Yes,No,Average,Paid,4,Not Dropout
S08068,13,Male,33,47,Low,4.9,No,Yes,Good,Paid,0,Dropout
S08069,14,Male,92,96,Low,4.8,No,Yes,Average,Unpaid,4,Dropout
S08070,17,Female,47,88,Low,17.8,No,Yes,Good,Overdue (3+ Months),4,Dropout
S08071,18,Female,57,45,High,1.2,No,No,Good,Paid,4,Not Dropout
S08072,12,Male,36,63,High,11.4,No,Yes,Average,Unpaid,5,Dropout
S08073,16,Female,34,96,Medium,14.5,No,Yes,Good,Paid,1,Not Dropout
S08074,15,Female,85,84,High,6.2,No,No,Good,Paid,5,Not Dropout
S08075,17,Female,93,73,Medium,15.4,No,Yes,Good,Overdue (3+ Months),0,Not Dropout
S08076,18,Female,64,58,Low,3.1,Yes,No,Poor,Paid,2,Not Dropout
S08077,12,Female,56,27,High,13.7,No,No,Good,Paid,4,Not Dropout
S08078,15,Male,83,38,Medium,3.3,No,No,Good,Overdue (3+ Months),2,Not Dropout
S08079,15,Male,96,77,High,1.8,Yes,Yes,Good,Paid,1,Not Dropout
S08080,18,Female,38,26,Medium,8.2,No,Yes,Good,Overdue (3+ Months),2,Dropout
S08081,17,Male,59,20,Low,9.7,No,Yes,Average,Paid,0,Not Dropout
S08082,11,Female,44,43,Low,7.0,No,No,Good,Paid,5,Dropout
S08083,13,Female,88,41,High,3.0,Yes,Yes,Good,Unpaid,5,Dropout
S08084,18,Male,66,68,Low,10.4,Yes,No,Average,Paid,3,Not Dropout
S08085,16,Male,98,34,High,17.0,Yes,Yes,Good,Paid,0,Not Dropout
S08086,12,Male,54,68,Low,8.1,No,Yes,Average,Paid,1,Not Dropout
S08087,13,Male,73,53,Low,19.6,Yes,No,Average,Paid,3,Not Dropout
S08088,17,Female,52,58,Low,5.1,Yes,Yes,Poor,Unpaid,4,Dropout
S08089,11,Female,36,62,Medium,15.2,No,No,Average,Paid,1,Not Dropout
S08090,15,Female,32,74,Medium,7.0,No,No,Good,Overdue (3+ Months),5,Not Dropout
S08091,12,Female,42,99,Low,2.0,Yes,No,Average,Paid,3,Not Dropout
S08092,13,Female,67,60,Medium,15.5,Yes,No,Average,Paid,1,Not Dropout
S08093,16,Male,47,91,Medium,20.0,Yes,No,Poor,Overdue (3+ Months),3,Not Dropout
S08094,17,Female,61,78,High,17.6,No,Yes,Good,Paid,2,Not Dropout
S08095,15,Female,72,39,Low,4.9,No,Yes,Good,Paid,5,Dropout
S08096,17,Female,73,83,Low,6.0,Yes,Yes,Poor,Paid,5,Dropout
S08097,13,Male,69,76,Low,19.7,No,No,Average,Overdue (3+ Months),5,Not Dropout
S08098,17,Male,80,73,Low,11.2,Yes,Yes,Good,Paid,1,Not Dropout
S08099,17,Male,52,86,Medium,15.2,No,No,Good,Paid,4,Not Dropout
S08100,16,Female,66,78,High,15.5,Yes,No,Good,Paid,0,Not Dropout
S08101,15,Male,56,86,High,10.6,Yes,Yes,Good,Paid,5,Not Dropout
S08102,16,Female,96,46,Medium,5.7,No,No,Average,Paid,2,Not Dropout
S08103,16,Female,63,50,Medium,8.3,Yes,No,Poor,Overdue (3+ Months),2,Not Dropout
S08104,18,Male,36,85,Medium,9.5,Yes,No,Average,Paid,2,Not Dropout
S08105,18,Female,36,32,High,13.0,No,No,Average,Unpaid,1,Not Dropout
S08106,11,Female,71,92,High,11.4,No,Yes,Average,Paid,0,Not Dropout
S08107,17,Male,95,54,Low,3.1,No,Yes,Average,Overdue (3+ Months),4,Dropout
S08108,15,Female,89,55,Medium,17.4,No,Yes,Average,Paid,5,Not Dropout
S08109,16,Female,37,67,Medium,8.9,Yes,Yes,Good,Paid,5,Dropout
S08110,17,Male,31,34,High,4.7,No,No,Average,Unpaid,2,Not Dropout
S08111,14,Female,74,58,Low,12.6,No,No,Good,Paid,3,Not Dropout
S08112,11,Male,41,31,Low,8.1,Yes,Yes,Good,Paid,5,Dropout
S08113,18,Male,56,37,Low,14.8,Yes,Yes,Good,Paid,3,Dropout
S08114,16,Male,37,29,High,9.9,No,Yes,Average,Overdue (3+ Months),3,Dropout
S08115,16,Female,31,100,Medium,1.3,No,No,Poor,Paid,5,Not Dropout
S08116,18,Male,67,63,Low,6.0,No,Yes,Average,Overdue (3+ Months),5,Dropout
S08117,15,Male,47,57,High,4.2,No,No,Average,Overdue (3+ Months),2,Not Dropout
S08118,14,Female,32,85,High,6.5,No,Yes,Good,Paid,5,Not Dropout
S08119,12,Male,63,50,Low,3.3,Yes,Yes,Average,Unpaid,1,Dropout
S08120,17,Male,33,29,High,7.1,Yes,Yes,Average,Paid,5,Dropout
S08121,17,Female,83,38,High,15.0,No,No,Poor,Unpaid,0,Not Dropout
S08122,18,Female,95,90,Medium,6.7,No,Yes,Average,Overdue (3+ Months),1,Not Dropout
S08123,14,Male,43,67,High,4.4,Yes,Yes,Good,Paid,5,Dropout
S08124,12,Female,46,69,Medium,11.3,No,Yes,Average,Overdue (3+ Months),1,Not Dropout
S08125,15,Male,49,79,High,6.1,No,No,Poor,Paid,0,Not Dropout
S08126,13,Male,97,23,Medium,3.1,No,No,Good,Paid,5,Not Dropout
S08127,14,Female,67,28,Medium,16.0,No,No,Good,Paid,4,Not Dropout
S08128,11,Female,55,68,Low,17.5,Yes,No,Average,Paid,3,Not Dropout
S08129,13,Female,94,23,High,6.6,No,No,Average,Unpaid,3,Not Dropout
S08130,18,Male,40,94,Low,16.2,Yes,No,Good,Paid,4,Dropout
S08131,12,Male,61,100,Low,1.5,No,Yes,Average,Paid,4,Not Dropout
S08132,16,Female,37,97,Low,18.3,No,Yes,Good,Paid,2,Not Dropout
S08133,15,Female,73,52,Low,6.6,Yes,No,Good,Paid,3,Not Dropout
S08134,15,Female,60,50,High,2.9,Yes,Yes,Good,Unpaid,2,Not Dropout
S08135,15,Male,70,40,Medium,11.5,No,No,Poor,Overdue (3+ Months),5,Dropout
S08136,13,Female,66,93,Low,5.2,Yes,No,Poor,Paid,1,Not Dropout
S08137,17,Female,78,45,Low,8.9,No,No,Average,Paid,2,Not Dropout
S08138,14,Female,38,66,High,11.4,Yes,Yes,Good,Unpaid,1,Dropout
S08139,16,Male,41,71,Medium,6.5,No,No,Good,Paid,3,Not Dropout
S08140,16,Female,76,52,High,2.6,No,No,Good,Paid,1,Not Dropout
S08141,12,Female,49,55,High,2.6,No,No,Good,Paid,1,Not Dropout
S08142,16,Male,91,92,Low,9.7,Yes,No,Good,Paid,4,Not Dropout
S08143,17,Male,39,36,Medium,11.9,No,Yes,Average,Paid,3,Not Dropout
S08144,14,Female,93,48,Medium,3.3,No,No,Good,Overdue (3+ Months),0,Not Dropout
S08145,14,Female,42,45,Low,9.6,Yes,No,Good,Unpaid,0,Dropout
S08146,17,Male,80,25,High,14.8,Yes,No,Good,Paid,5,Not Dropout
S08147,15,Female,78,20,High,18.3,Yes,No,Average,Overdue (3+ Months),5,Dropout
S08148,13,Female,36,36,Low,19.5,Yes,Yes,Average,Paid,3,Dropout
S08149,15,Female,42,99,Low,15.9,No,Yes,Good,Paid,2,Not Dropout
S08150,13,Female,77,64,Low,3.2,Yes,Yes,Poor,Paid,4,Dropout
S08151,16,Male,76,71,High,9.6,No,Yes,Poor,Overdue (3+ Months),2,Not Dropout
S08152,15,Female,34,20,Low,19.5,No,No,Good,Paid,2,Not Dropout
S08153,13,Female,64,61,Medium,7.9,Yes,Yes,Average,Unpaid,2,Not Dropout
S08154,14,Female,70,84,Low,3.0,Yes,Yes,Good,Paid,0,Not Dropout
S08155,16,Female,44,80,Medium,18.6,Yes,No,Good,Paid,0,Not Dropout
S08156,13,Female,87,85,High,13.3,No,No,Average,Unpaid,2,Not Dropout
S08157,16,Female,96,56,Medium,17.6,Yes,Yes,Poor,Paid,1,Not Dropout
S08158,13,Male,64,37,Medium,16.8,Yes,No,Good,Paid,5,Not Dropout
S08159,12,Female,89,31,Medium,13.1,Yes,No,Good,Paid,5,Not Dropout
S08160,11,Female,57,33,Medium,0.7,No,Yes,Good,Paid,5,Not Dropout
S08161,15,Female,61,39,High,7.9,Yes,Yes,Good,Paid,0,Not Dropout
S08162,12,Female,45,75,Low,3.7,No,No,Good,Overdue (3+ Months),2,Not Dropout
S08163,15,Female,30,42,Medium,19.2,No,Yes,Good,Unpaid,3,Dropout
S08164,13,Male,67,89,Medium,11.6,No,No,Good,Overdue (3+ Months),2,Not Dropout
S08165,18,Female,44,58,Low,14.9,No,No,Average,Paid,5,Not Dropout
S08166,15,Female,62,89,High,4.4,Yes,Yes,Poor,Paid,1,Not Dropout
S08167,17,Male,61,97,Low,15.5,Yes,Yes,Average,Paid,3,Not Dropout
S08168,17,Female,63,79,Medium,14.3,No,Yes,Average,Unpaid,4,Not Dropout
S08169,17,Male,48,79,Medium,19.8,No,Yes,Average,Paid,2,Not Dropout
S08170,15,Female,79,38,Medium,5.8,Yes,No,Average,Paid,2,Not Dropout
S08171,14,Male,88,92,Low,15.3,No,Yes,Good,Paid,1,Not Dropout
S08172,11,Male,32,94,Low,19.7,No,No,Good,Overdue (3+ Months),0,Not Dropout
S08173,13,Female,50,69,Low,15.6,No,No,Good,Paid,1,Not Dropout
S08174,18,Male,44,87,High,0.7,Yes,Yes,Good,Overdue (3+ Months),4,Dropout
S08175,15,Male,35,63,Low,7.7,Yes,Yes,Average,Unpaid,0,Dropout
S08176,13,Female,35,98,Low,1.9,Yes,Yes,Good,Paid,2,Dropout
S08177,12,Male,91,87,Low,13.2,Yes,Yes,Poor,Overdue (3+ Months),1,Dropout
S08178,16,Female,89,42,High,5.5,No,No,Poor,Paid,1,Not Dropout
S08179,12,Female,95,44,High,9.3,Yes,Yes,Good,Unpaid,0,Dropout
S08180,14,Male,38,71,Low,16.3,No,Yes,Poor,Unpaid,0,Dropout
S08181,12,Male,53,41,Low,4.5,Yes,Yes,Good,Overdue (3+ Months),0,Dropout
S08182,15,Female,39,45,Medium,3.1,Yes,No,Good,Overdue (3+ Months),5,Dropout
S08183,12,Female,97,30,High,6.3,Yes,No,Good,Paid,1,Not Dropout
S08184,17,Male,82,89,Medium,18.1,No,No,Poor,Overdue (3+ Months),2,Not Dropout
S08185,17,Female,85,83,Medium,8.2,No,Yes,Good,Paid,4,Not Dropout
S08186,12,Male,70,52,Medium,5.7,Yes,Yes,Good,Overdue (3+ Months),2,Not Dropout
S08187,18,Male,56,91,Low,14.6,Yes,No,Poor,Paid,0,Not Dropout
S08188,16,Male,87,63,Medium,11.2,Yes,No,Average,Paid,0,Not Dropout
S08189,17,Female,97,41,Low,10.2,Yes,Yes,Poor,Unpaid,2,Dropout
S08190,13,Female,58,44,High,4.2,No,Yes,Poor,Paid,5,Dropout
S08191,12,Male,35,74,High,9.2,Yes,Yes,Poor,Unpaid,5,Dropout
S08192,12,Male,47,94,High,4.5,Yes,No,Poor,Paid,0,Not Dropout
S08193,12,Male,43,85,High,6.4,Yes,No,Good,Paid,0,Not Dropout
S08194,16,Female,43,52,Medium,14.1,Yes,No,Good,Paid,0,Not Dropout
S08195,14,Female,82,43,Medium,11.5,No,No,Average,Paid,5,Not Dropout
S08196,16,Female,30,98,Low,19.5,No,No,Poor,Overdue (3+ Months),5,Dropout
S08197,15,Female,32,24,Medium,7.5,No,Yes,Average,Paid,2,Not Dropout
S08198,12,Female,82,52,High,9.6,No,No,Poor,Unpaid,2,Not Dropout
S08199,13,Male,60,79,High,13.5,No,No,Poor,Unpaid,0,Not Dropout
S08200,18,Male,94,46,High,8.6,Yes,No,Average,Paid,4,Not Dropout
S08201,17,Female,60,72,High,12.4,No,Yes,Good,Paid,2,Not Dropout
S08202,14,Male,51,60,Medium,19.0,No,Yes,Average,Unpaid,3,Not Dropout
S08203,12,Female,51,35,Medium,19.2,Yes,Yes,Good,Unpaid,0,Dropout
S08204,12,Male,96,25,Low,2.0,Yes,Yes,Good,Paid,3,Dropout
S08205,14,Female,88,54,Medium,1.5,Yes,Yes,Average,Overdue (3+ Months),3,Not Dropout
S08206,17,Female,43,35,High,3.1,No,Yes,Average,Paid,5,Dropout
S08207,14,Female,51,90,Medium,7.7,Yes,Yes,Poor,Overdue (3+ Months),4,Dropout
S08208,14,Male,41,96,Low,3.5,Yes,Yes,Poor,Paid,0,Dropout
S08209,15,Male,53,40,High,2.5,Yes,No,Good,Unpaid,2,Not Dropout
S08210,17,Male,60,98,High,7.7,Yes,No,Average,Paid,4,Not Dropout
S08211,16,Female,47,38,Low,14.3,No,Yes,Good,Paid,5,Dropout
S08212,14,Female,81,80,High,9.6,Yes,No,Average,Paid,2,Not Dropout
S08213,17,Male,48,30,Low,4.5,No,No,Average,Unpaid,3,Not Dropout
S08214,13,Female,88,46,High,14.9,No,Yes,Average,Paid,2,Not Dropout
S08215,13,Male,70,58,Low,6.6,Yes,No,Good,Paid,0,Not Dropout
S08216,16,Female,55,52,Medium,8.9,Yes,No,Good,Paid,5,Not Dropout
S08217,15,Male,52,23,Low,16.0,Yes,No,Average,Paid,2,Not Dropout
S08218,18,Male,79,36,Medium,16.0,Yes,Yes,Good,Overdue (3+ Months),1,Dropout
S08219,13,Female,34,68,Medium,3.0,Yes,No,Good,Paid,0,Not Dropout
S08220,11,Male,68,70,High,11.7,Yes,No,Good,Paid,3,Not Dropout
S08221,18,Male,42,87,Low,5.6,No,Yes,Average,Paid,3,Not Dropout
S08222,11,Female,83,88,Low,17.1,No,No,Average,Paid,0,Not Dropout
S08223,12,Female,97,36,High,16.5,Yes,No,Good,Paid,0,Not Dropout
S08224,12,Male,38,100,Medium,0.9,Yes,No,Average,Paid,4,Not Dropout
S08225,16,Male,50,26,Low,1.4,No,No,Good,Paid,4,Not Dropout
S08226,15,Female,87,29,Medium,6.5,Yes,No,Good,Paid,3,Not Dropout
S08227,17,Male,96,93,Medium,6.4,Yes,No,Average,Paid,5,Not Dropout
S08228,12,Male,61,36,High,2.5,Yes,Yes,Average,Unpaid,1,Dropout
S08229,16,Male,59,24,Medium,15.2,No,Yes,Average,Paid,2,Not Dropout
S08230,18,Female,80,56,Low,14.2,No,Yes,Good,Paid,0,Not Dropout
S08231,18,Female,97,59,Medium,19.8,No,Yes,Average,Paid,2,Not Dropout
S08232,16,Male,97,37,Medium,13.2,No,Yes,Average,Paid,5,Not Dropout
S08233,18,Male,85,68,Low,7.7,No,No,Average,Paid,1,Not Dropout
S08234,18,Female,38,29,Low,4.7,Yes,No,Average,Paid,0,Dropout
S08235,18,Male,93,89,High,4.7,Yes,Yes,Average,Unpaid,4,Dropout
S08236,15,Male,49,52,High,17.8,Yes,Yes,Poor,Overdue (3+ Months),5,Dropout
S08237,11,Male,71,42,Low,11.0,No,No,Poor,Paid,2,Not Dropout
S08238,11,Female,94,85,High,14.4,No,No,Average,Paid,2,Not Dropout
S08239,16,Female,58,53,High,19.6,Yes,No,Average,Paid,3,Not Dropout
S08240,12,Female,45,42,Medium,19.4,No,Yes,Average,Paid,4,Not Dropout
S08241,15,Female,58,56,High,1.5,Yes,Yes,Good,Paid,4,Not Dropout
S08242,14,Male,49,75,Medium,9.0,Yes,Yes,Average,Paid,4,Not Dropout
S08243,11,Male,89,66,High,4.6,Yes,Yes,Average,Paid,0,Not Dropout
S08244,11,Female,93,61,High,19.1,No,Yes,Average,Paid,3,Not Dropout
S08245,11,Female,64,41,High,7.4,Yes,Yes,Average,Paid,0,Not Dropout
S08246,13,Male,76,75,Medium,5.8,Yes,Yes,Average,Paid,5,Not Dropout
S08247,18,Male,94,50,Medium,4.4,No,Yes,Average,Paid,0,Not Dropout
S08248,15,Female,36,62,High,9.5,Yes,Yes,Average,Unpaid,2,Dropout
S08249,13,Female,96,89,Medium,15.1,No,Yes,Average,Paid,4,Not Dropout
S08250,12,Male,42,32,High,19.6,Yes,Yes,Average,Paid,2,Dropout
S08251,16,Male,68,38,High,8.0,No,Yes,Average,Paid,3,Not Dropout
S08252,16,Female,95,38,High,2.7,No,Yes,Good,Paid,5,Not Dropout
S08253,18,Male,88,23,Low,17.4,No,Yes,Poor,Paid,2,Dropout
S08254,12,Male,77,22,High,15.9,Yes,No,Good,Paid,5,Not Dropout
S08255,15,Female,30,60,High,11.8,No,No,Average,Paid,1,Not Dropout
S08256,12,Female,82,95,Medium,15.6,Yes,Yes,Average,Paid,5,Not Dropout
S08257,12,Female,54,43,Low,15.7,Yes,No,Good,Paid,0,Not Dropout
S08258,18,Male,81,74,Low,17.8,Yes,Yes,Good,Paid,5,Dropout
S08259,16,Female,81,82,Medium,4.4,Yes,Yes,Average,Paid,5,Not Dropout
S08260,11,Female,80,23,Low,8.8,Yes,No,Good,Unpaid,5,Dropout
S08261,11,Male,62,87,Medium,15.0,No,No,Average,Unpaid,3,Not Dropout
S08262,14,Female,79,58,Medium,12.6,Yes,Yes,Good,Unpaid,1,Not Dropout
S08263,15,Male,30,60,High,11.4,No,No,Average,Unpaid,0,Not Dropout
S08264,15,Male,95,62,High,3.6,Yes,Yes,Poor,Paid,3,Not Dropout
S08265,17,Female,45,98,Low,18.5,No,Yes,Good,Paid,4,Not Dropout
S08266,12,Male,43,23,High,16.5,No,No,Good,Unpaid,3,Not Dropout
S08267,12,Male,63,54,High,7.6,Yes,No,Good,Paid,2,Not Dropout
S08268,13,Male,82,55,Low,18.3,No,Yes,Average,Paid,0,Not Dropout
S08269,17,Female,56,91,Low,2.8,Yes,No,Good,Paid,1,Not Dropout
S08270,14,Male,61,47,Medium,8.6,Yes,Yes,Average,Paid,5,Dropout
S08271,12,Male,83,42,Low,5.9,No,Yes,Good,Paid,3,Not Dropout
S08272,13,Male,49,81,Medium,16.9,No,Yes,Good,Paid,4,Not Dropout
S08273,13,Male,81,68,High,2.4,Yes,No,Average,Paid,0,Not Dropout
S08274,12,Female,60,25,High,11.5,Yes,No,Average,Paid,4,Not Dropout
S08275,14,Female,81,48,Low,15.0,No,No,Average,Paid,4,Not Dropout
S08276,14,Male,61,99,Low,19.6,No,No,Average,Paid,4,Not Dropout
S08277,15,Male,86,87,Low,5.3,No,No,Average,Unpaid,2,Not Dropout
S08278,15,Female,78,33,Low,6.4,No,Yes,Good,Unpaid,2,Dropout
S08279,15,Female,58,95,Medium,6.4,Yes,No,Average,Paid,5,Not Dropout
S08280,11,Male,95,31,Low,19.7,Yes,Yes,Average,Unpaid,1,Dropout
S08281,17,Female,35,80,Medium,8.7,No,Yes,Good,Paid,4,Not Dropout
S08282,16,Male,47,79,Medium,17.1,No,Yes,Good,Paid,4,Not Dropout
S08283,11,Female,50,28,Medium,17.1,No,No,Poor,Paid,4,Not Dropout
S08284,17,Female,66,58,Low,12.9,Yes,Yes,Poor,Unpaid,4,Dropout
S08285,12,Male,81,89,Medium,19.2,No,No,Good,Overdue (3+ Months),4,Not Dropout
S08286,16,Male,79,37,Low,6.6,No,No,Good,Paid,0,Not Dropout
S08287,16,Male,34,82,Low,4.5,Yes,No,Good,Overdue (3+ Months),4,Dropout
S08288,12,Female,85,52,High,10.7,Yes,Yes,Good,Paid,0,Not Dropout
S08289,14,Male,80,95,High,14.8,Yes,Yes,Average,Paid,5,Not Dropout
S08290,17,Male,42,24,Medium,6.4,Yes,No,Average,Overdue (3+ Months),2,Dropout
S08291,17,Female,76,75,High,12.7,Yes,No,Poor,Paid,2,Not Dropout
S08292,16,Female,38,44,High,12.2,Yes,Yes,Good,Paid,1,Dropout
S08293,16,Male,63,65,High,10.3,Yes,No,Good,Unpaid,5,Not Dropout
S08294,13,Male,76,71,High,18.6,No,Yes,Good,Overdue (3+ Months),5,Not Dropout
S08295,11,Female,66,72,Low,17.2,Yes,No,Average,Paid,1,Not Dropout
S08296,18,Female,49,63,Low,15.1,Yes,Yes,Good,Paid,0,Not Dropout
S08297,12,Male,85,42,Low,2.4,No,No,Average,Paid,2,Not Dropout
S08298,13,Female,88,66,Low,18.3,No,No,Average,Paid,1,Not Dropout
S08299,12,Female,45,93,Low,8.9,Yes,No,Average,Overdue (3+ Months),2,Not Dropout
S08300,11,Female,73,41,Low,1.7,Yes,No,Good,Paid,0,Not Dropout
S08301,13,Male,72,50,High,0.9,No,No,Good,Overdue (3+ Months),1,Not Dropout
S08302,17,Male,60,81,High,9.6,No,Yes,Average,Overdue (3+ Months),0,Not Dropout
S08303,16,Female,89,38,Medium,15.6,No,Yes,Good,Paid,5,Not Dropout
S08304,13,Male,40,36,High,13.4,Yes,No,Good,Paid,4,Dropout
S08305,18,Female,69,57,Low,10.6,Yes,No,Average,Overdue (3+ Months),5,Dropout
S08306,17,Female,30,42,Medium,2.1,No,Yes,Good,Paid,1,Not Dropout
S08307,12,Female,82,99,High,11.9,Yes,Yes,Average,Paid,0,Not Dropout
S08308,17,Female,46,41,Low,16.0,Yes,No,Poor,Paid,4,Dropout
S08309,12,Female,70,50,Medium,10.4,Yes,Yes,Good,Paid,0,Not Dropout
S08310,16,Male,31,74,Medium,1.5,Yes,No,Average,Paid,0,Not Dropout
S08311,13,Male,92,69,Medium,1.2,No,No,Average,Overdue (3+ Months),5,Not Dropout
S08312,15,Male,56,83,Low,9.3,No,Yes,Average,Unpaid,4,Dropout
S08313,12,Female,32,84,Medium,11.0,Yes,No,Good,Paid,5,Not Dropout
S08314,12,Female,48,32,Low,1.1,No,Yes,Good,Paid,3,Not Dropout
S08315,13,Male,73,94,Medium,11.7,Yes,Yes,Average,Paid,4,Not Dropout
S08316,12,Female,70,70,Low,8.9,Yes,Yes,Good,Paid,3,Not Dropout
S08317,11,Male,76,83,Low,16.2,Yes,Yes,Good,Paid,3,Not Dropout
S08318,12,Female,38,82,Low,2.0,No,No,Average,Paid,0,Not Dropout
S08319,15,Female,76,68,High,10.6,No,Yes,Good,Paid,4,Not Dropout
S08320,13,Male,36,27,High,9.7,No,Yes,Poor,Overdue (3+ Months),2,Dropout
S08321,14,Female,44,99,High,17.1,Yes,Yes,Poor,Unpaid,3,Dropout
S08322,12,Male,36,71,Low,8.4,Yes,No,Average,Paid,3,Not Dropout
S08323,11,Male,30,50,High,15.8,Yes,Yes,Good,Overdue (3+ Months),1,Dropout
S08324,16,Female,64,59,High,6.9,Yes,No,Good,Paid,1,Not Dropout
S08325,12,Female,47,34,Medium,11.0,No,No,Average,Unpaid,4,Not Dropout
S08326,15,Male,33,86,Low,14.6,No,Yes,Average,Overdue (3+ Months),2,Dropout
S08327,11,Female,30,33,High,5.4,Yes,Yes,Average,Paid,3,Dropout
S08328,11,Male,62,52,High,10.1,No,Yes,Poor,Paid,2,Not Dropout
S08329,17,Female,34,80,Low,7.1,Yes,No,Good,Paid,2,Not Dropout
S08330,12,Female,40,97,Low,10.8,No,Yes,Good,Paid,0,Not Dropout
S08331,18,Female,81,64,Low,4.7,No,Yes,Average,Overdue (3+ Months),3,Not Dropout
S08332,15,Female,81,52,Low,17.4,No,Yes,Poor,Paid,1,Not Dropout
S08333,13,Female,96,63,Low,12.3,No,Yes,Good,Paid,1,Not Dropout
S08334,14,Female,78,72,High,6.4,No,Yes,Average,Paid,4,Not Dropout
S08335,11,Male,88,72,Medium,11.1,No,Yes,Good,Paid,1,Not Dropout
S08336,18,Female,90,68,Medium,3.2,Yes,No,Average,Unpaid,0,Not Dropout
S08337,12,Male,81,29,Low,14.7,No,No,Poor,Overdue (3+ Months),5,Dropout
S08338,12,Male,61,78,Medium,1.9,No,No,Average,Overdue (3+ Months),2,Not Dropout
S08339,16,Female,31,48,Medium,6.8,No,Yes,Average,Unpaid,4,Dropout
S08340,17,Female,71,56,High,19.7,Yes,No,Good,Paid,0,Not Dropout
S08341,18,Male,51,22,Medium,10.6,Yes,No,Good,Paid,2,Not Dropout
S08342,13,Male,63,48,Low,7.9,Yes,Yes,Poor,Overdue (3+ Months),4,Dropout
S08343,15,Male,37,91,High,1.2,No,No,Good,Overdue (3+ Months),2,Not Dropout
S08344,11,Male,30,78,Low,5.2,No,No,Good,Overdue (3+ Months),5,Dropout
S08345,18,Male,68,57,Medium,19.3,No,Yes,Good,Overdue (3+ Months),3,Not Dropout
S08346,14,Female,36,76,Low,8.3,No,No,Good,Paid,2,Not Dropout
S08347,17,Male,80,93,Medium,5.9,Yes,No,Good,Unpaid,4,Not Dropout
S08348,18,Male,45,32,Medium,19.9,Yes,Yes,Average,Unpaid,2,Dropout
S08349,16,Male,83,98,Medium,15.8,No,No,Poor,Paid,5,Not Dropout
S08350,16,Male,57,81,High,1.6,No,No,Poor,Overdue (3+ Months),3,Not Dropout
S08351,13,Female,66,42,Low,19.1,No,Yes,Good,Unpaid,1,Dropout
S08352,11,Male,90,34,High,12.6,No,Yes,Good,Paid,0,Not Dropout
S08353,11,Male,75,96,Medium,11.2,No,Yes,Poor,Paid,3,Not Dropout
S08354,15,Female,72,81,High,3.5,No,No,Good,Paid,3,Not Dropout
S08355,16,Male,71,44,High,17.2,Yes,Yes,Poor,Paid,3,Dropout
S08356,18,Male,56,52,High,15.8,No,Yes,Good,Paid,5,Not Dropout
S08357,13,Female,77,38,Low,15.3,Yes,No,Poor,Paid,4,Dropout
S08358,17,Male,43,60,Low,4.9,Yes,No,Average,Unpaid,1,Dropout
S08359,11,Male,38,58,Medium,11.3,Yes,Yes,Poor,Paid,5,Dropout
S08360,18,Female,71,30,Low,1.7,No,Yes,Poor,Unpaid,0,Dropout
S08361,18,Male,97,80,High,9.2,No,No,Average,Paid,3,Not Dropout
S08362,13,Male,33,77,Low,8.8,No,Yes,Poor,Overdue (3+ Months),3,Dropout
S08363,15,Male,50,62,Medium,10.7,No,Yes,Average,Paid,3,Not Dropout
S08364,18,Male,30,24,Medium,10.3,Yes,No,Average,Overdue (3+ Months),2,Dropout
S08365,18,Male,67,94,High,9.6,No,No,Average,Paid,3,Not Dropout
S08366,12,Male,57,49,Low,12.6,No,No,Good,Paid,3,Not Dropout
S08367,15,Male,82,54,Medium,19.9,No,No,Average,Paid,5,Not Dropout
S08368,11,Male,48,87,Low,16.2,No,Yes,Average,Unpaid,3,Not Dropout
S08369,15,Female,56,24,Medium,5.7,Yes,Yes,Good,Unpaid,5,Dropout
S08370,16,Female,42,59,Medium,11.8,Yes,No,Average,Unpaid,0,Not Dropout
S08371,17,Female,54,30,Low,17.7,No,Yes,Poor,Paid,3,Dropout
S08372,15,Female,94,42,Low,5.0,No,No,Average,Paid,1,Not Dropout
S08373,17,Female,83,81,Low,17.2,Yes,Yes,Average,Paid,5,Dropout
S08374,16,Male,42,73,High,7.2,No,No,Average,Paid,5,Not Dropout
S08375,13,Female,56,34,High,3.3,No,Yes,Average,Paid,3,Not Dropout
S08376,13,Female,50,65,Low,10.7,Yes,Yes,Average,Overdue (3+ Months),1,Dropout
S08377,13,Female,91,99,Medium,10.1,Yes,Yes,Poor,Paid,1,Not Dropout
S08378,13,Male,95,36,High,1.1,Yes,No,Average,Overdue (3+ Months),1,Not Dropout
S08379,18,Male,63,58,High,11.8,Yes,Yes,Average,Paid,3,Not Dropout
S08380,18,Male,63,73,Medium,6.9,No,No,Average,Overdue (3+ Months),0,Not Dropout
S08381,12,Female,96,67,Low,8.6,Yes,Yes,Poor,Paid,0,Dropout
S08382,11,Male,67,65,Medium,11.1,No,No,Average,Unpaid,3,Not Dropout
S08383,18,Male,91,66,Medium,19.1,No,No,Average,Unpaid,4,Not Dropout
S08384,11,Female,63,55,High,9.3,No,Yes,Good,Overdue (3+ Months),0,Not Dropout
S08385,11,Male,44,69,High,12.0,Yes,No,Good,Paid,5,Not Dropout
S08386,12,Female,49,97,High,9.0,No,No,Good,Overdue (3+ Months),2,Not Dropout
S08387,13,Male,60,54,Low,18.5,No,Yes,Poor,Paid,5,Dropout
S08388,11,Female,38,32,Low,0.6,No,Yes,Average,Paid,1,Dropout
S08389,16,Male,68,51,Medium,6.9,No,Yes,Good,Paid,0,Not Dropout
S08390,15,Female,39,67,Medium,13.9,Yes,No,Good,Paid,3,Not Dropout
S08391,14,Female,95,42,Medium,4.4,No,Yes,Average,Paid,5,Not Dropout
S08392,14,Male,67,70,Medium,13.1,No,Yes,Good,Paid,1,Not Dropout
S08393,13,Male,42,91,Low,17.2,No,Yes,Good,Overdue (3+ Months),3,Dropout
S08394,18,Male,81,45,Low,18.4,Yes,No,Average,Unpaid,3,Dropout
S08395,11,Female,65,29,High,6.3,No,Yes,Average,Overdue (3+ Months),2,Not Dropout
S08396,13,Female,61,33,Low,6.8,Yes,No,Poor,Unpaid,3,Dropout
S08397,18,Male,76,39,High,7.3,No,No,Good,Overdue (3+ Months),2,Not Dropout
S08398,12,Male,61,41,High,1.9,Yes,Yes,Poor,Paid,0,Dropout
S08399,13,Female,82,90,Medium,20.0,Yes,No,Average,Paid,5,Not Dropout
S08400,17,Male,66,27,High,18.1,Yes,No,Poor,Paid,2,Not Dropout
S08401,13,Female,81,96,High,6.8,Yes,No,Average,Unpaid,1,Not Dropout
S08402,18,Female,54,97,Low,4.3,Yes,Yes,Average,Paid,4,Dropout
S08403,11,Male,54,100,Medium,1.5,No,No,Poor,Paid,4,Not Dropout
S08404,18,Female,98,74,High,12.9,Yes,Yes,Poor,Paid,1,Not Dropout
S08405,12,Female,88,89,Low,1.1,No,No,Good,Paid,2,Not Dropout
S08406,15,Male,59,100,Medium,12.4,No,Yes,Good,Paid,5,Not Dropout
S08407,11,Female,49,27,Low,9.1,No,Yes,Good,Paid,1,Not Dropout
S08408,12,Male,54,38,Medium,9.3,Yes,Yes,Good,Paid,5,Dropout
S08409,13,Female,64,60,Low,5.6,No,No,Poor,Paid,0,Not Dropout
S08410,16,Male,93,56,High,6.4,Yes,Yes,Good,Paid,0,Not Dropout
S08411,11,Male,59,50,Low,5.6,No,Yes,Average,Paid,1,Not Dropout
S08412,16,Female,93,69,Medium,19.4,Yes,No,Good,Paid,4,Not Dropout
S08413,11,Male,67,82,Low,11.9,No,No,Average,Paid,1,Not Dropout
S08414,11,Female,68,55,Medium,6.2,Yes,Yes,Good,Paid,4,Not Dropout
S08415,14,Male,92,62,High,13.8,Yes,Yes,Average,Paid,1,Not Dropout
S08416,13,Male,61,48,High,16.4,Yes,Yes,Good,Paid,4,Dropout
S08417,16,Female,31,40,Low,18.8,No,Yes,Poor,Paid,0,Dropout
S08418,11,Female,64,74,Medium,4.8,No,No,Good,Paid,0,Not Dropout
S08419,15,Male,67,83,Low,14.8,Yes,Yes,Poor,Paid,4,Dropout
S08420,11,Male,65,48,High,13.2,Yes,No,Good,Unpaid,5,Dropout
S08421,12,Female,88,21,High,13.3,Yes,No,Good,Overdue (3+ Months),4,Dropout
S08422,16,Male,41,98,High,7.0,No,No,Good,Paid,3,Not Dropout
S08423,16,Male,79,44,High,14.1,Yes,No,Average,Paid,3,Not Dropout
S08424,17,Female,64,31,Medium,6.5,No,No,Good,Unpaid,4,Not Dropout
S08425,11,Female,57,88,High,1.3,No,Yes,Average,Paid,1,Not Dropout
S08426,16,Female,49,72,Medium,2.2,No,Yes,Average,Unpaid,3,Not Dropout
S08427,11,Male,70,57,Low,0.9,Yes,No,Average,Paid,1,Not Dropout
S08428,11,Male,69,52,Low,4.9,No,No,Average,Paid,4,Not Dropout
S08429,13,Male,73,28,Medium,1.7,Yes,No,Average,Paid,2,Not Dropout
S08430,18,Female,30,53,Medium,3.4,Yes,Yes,Good,Paid,0,Not Dropout
S08431,13,Female,74,30,High,4.8,Yes,No,Good,Overdue (3+ Months),0,Not Dropout
S08432,16,Male,56,39,High,11.3,No,Yes,Poor,Overdue (3+ Months),4,Dropout
S08433,14,Female,73,62,Medium,6.1,No,No,Average,Paid,4,Not Dropout
S08434,16,Male,63,85,Low,18.9,Yes,No,Good,Unpaid,0,Not Dropout
S08435,16,Female,72,41,High,7.6,Yes,Yes,Poor,Overdue (3+ Months),4,Dropout
S08436,13,Male,95,94,Medium,14.2,Yes,No,Poor,Paid,3,Not Dropout
S08437,13,Male,64,99,High,3.2,Yes,Yes,Good,Paid,4,Not Dropout
S08438,11,Female,34,99,Medium,19.5,Yes,Yes,Poor,Paid,2,Dropout
S08439,18,Male,45,23,Medium,19.4,No,No,Average,Paid,2,Not Dropout
S08440,16,Male,86,55,High,11.5,Yes,No,Good,Paid,3,Not Dropout
S08441,12,Male,77,100,Low,11.1,No,Yes,Average,Paid,5,Not Dropout
S08442,15,Male,78,64,High,6.3,No,No,Average,Paid,2,Not Dropout
S08443,11,Female,55,61,Low,8.9,Yes,Yes,Average,Paid,2,Not Dropout
S08444,17,Female,51,91,High,14.0,Yes,No,Average,Overdue (3+ Months),2,Not Dropout
S08445,18,Male,44,49,Low,12.3,No,No,Good,Paid,2,Not Dropout
S08446,18,Female,40,74,Low,16.8,Yes,Yes,Average,Paid,1,Dropout
S08447,16,Male,73,99,Medium,16.9,No,No,Average,Paid,1,Not Dropout
S08448,11,Male,73,79,Low,11.1,Yes,No,Good,Paid,0,Not Dropout
S08449,16,Male,79,25,Low,7.0,No,Yes,Good,Paid,2,Not Dropout
S08450,14,Female,92,62,Medium,9.7,Yes,Yes,Average,Paid,3,Not Dropout
S08451,14,Male,48,45,High,11.8,Yes,No,Poor,Paid,1,Not Dropout
S08452,16,Male,36,88,Medium,2.7,No,Yes,Average,Paid,5,Not Dropout
S08453,11,Female,58,74,Medium,0.7,Yes,No,Good,Unpaid,3,Not Dropout
S08454,13,Male,68,29,High,14.5,Yes,No,Poor,Paid,5,Dropout
S08455,16,Male,87,97,High,7.0,Yes,No,Good,Paid,1,Not Dropout
S08456,17,Male,77,93,Medium,13.6,Yes,Yes,Poor,Paid,1,Not Dropout
S08457,11,Male,71,27,Low,8.6,No,Yes,Average,Paid,0,Not Dropout
S08458,12,Male,96,90,Low,2.7,Yes,Yes,Good,Paid,3,Not Dropout
S08459,14,Male,80,65,Medium,13.8,Yes,Yes,Average,Paid,0,Not Dropout
S08460,12,Female,30,38,High,16.0,Yes,No,Average,Overdue (3+ Months),1,Dropout
S08461,17,Male,98,56,Low,12.7,Yes,No,Average,Paid,0,Not Dropout
S08462,15,Male,97,67,High,4.6,No,Yes,Good,Overdue (3+ Months),3,Not Dropout
S08463,14,Male,43,33,Medium,4.0,No,No,Poor,Unpaid,1,Dropout
S08464,14,Female,32,48,Medium,2.5,No,No,Average,Paid,0,Not Dropout
S08465,17,Female,53,45,Low,4.0,Yes,Yes,Poor,Paid,3,Dropout
S08466,18,Female,50,58,Low,17.5,Yes,Yes,Good,Paid,5,Dropout
S08467,15,Female,76,45,High,8.4,Yes,Yes,Average,Overdue (3+ Months),4,Dropout
S08468,11,Female,51,55,Low,14.6,No,No,Good,Paid,3,Not Dropout
S08469,15,Male,61,82,High,3.6,No,Yes,Average,Paid,0,Not Dropout
S08470,18,Male,54,30,Low,9.0,Yes,Yes,Average,Paid,3,Dropout
S08471,12,Female,83,74,Medium,18.4,Yes,Yes,Average,Unpaid,0,Not Dropout
S08472,17,Male,98,22,High,5.2,Yes,Yes,Average,Paid,3,Not Dropout
S08473,17,Male,47,90,Medium,11.5,Yes,No,Poor,Paid,3,Not Dropout
S08474,16,Male,70,81,High,13.0,Yes,No,Good,Unpaid,0,Not Dropout
S08475,17,Male,58,54,High,17.0,Yes,Yes,Good,Unpaid,4,Dropout
S08476,11,Female,53,93,Low,16.3,No,Yes,Good,Paid,3,Not Dropout
S08477,12,Male,76,57,High,9.1,Yes,Yes,Average,Paid,4,Not Dropout
S08478,17,Female,51,77,Low,18.3,Yes,No,Good,Paid,4,Not Dropout
S08479,13,Male,94,72,Low,8.3,Yes,No,Good,Paid,1,Not Dropout
S08480,17,Male,86,93,Medium,2.4,No,Yes,Average,Paid,3,Not Dropout
S08481,15,Male,80,92,High,12.6,No,Yes,Average,Paid,2,Not Dropout
S08482,15,Male,72,68,Medium,1.6,Yes,No,Good,Paid,2,Not Dropout
S08483,14,Female,93,41,Low,17.5,No,No,Good,Paid,4,Not Dropout
S08484,11,Male,78,21,High,10.9,Yes,No,Poor,Paid,3,Not Dropout
S08485,16,Female,94,57,Medium,11.4,Yes,No,Good,Paid,0,Not Dropout
S08486,13,Male,45,57,Medium,18.0,Yes,Yes,Average,Paid,4,Not Dropout
S08487,17,Female,30,45,Low,18.1,No,No,Average,Paid,0,Not Dropout
S08488,17,Female,38,48,Low,12.8,Yes,Yes,Good,Paid,4,Dropout
S08489,11,Female,34,54,Medium,17.0,Yes,No,Average,Paid,2,Not Dropout
S08490,18,Male,65,77,Medium,13.2,Yes,No,Average,Paid,3,Not Dropout
S08491,11,Female,35,36,Medium,8.2,No,Yes,Good,Paid,4,Dropout
S08492,12,Female,56,36,Low,12.4,No,No,Good,Paid,5,Not Dropout
S08493,12,Female,30,36,Low,19.7,No,No,Average,Unpaid,3,Dropout
S08494,14,Female,63,82,Low,7.8,No,Yes,Average,Paid,0,Not Dropout
S08495,14,Male,46,84,High,15.5,No,Yes,Poor,Overdue (3+ Months),5,Dropout
S08496,15,Male,61,37,Medium,5.9,Yes,Yes,Average,Unpaid,1,Dropout
S08497,14,Female,86,83,Medium,8.7,No,Yes,Good,Overdue (3+ Months),0,Not Dropout
S08498,17,Male,56,40,Low,12.0,Yes,No,Average,Paid,4,Dropout
S08499,11,Female,83,59,Medium,2.7,Yes,Yes,Poor,Overdue (3+ Months),1,Dropout
S08500,12,Female,57,20,Low,9.1,Yes,Yes,Average,Unpaid,4,Dropout
S08501,16,Female,97,37,High,6.7,No,No,Good,Paid,2,Not Dropout
S08502,13,Male,65,47,Medium,19.8,Yes,Yes,Good,Paid,5,Dropout
S08503,12,Male,71,24,Medium,10.6,Yes,Yes,Poor,Paid,5,Dropout
S08504,14,Female,64,55,High,9.8,No,Yes,Average,Unpaid,3,Not Dropout
S08505,13,Female,86,96,High,15.0,Yes,Yes,Good,Paid,1,Not Dropout
S08506,12,Female,39,93,High,4.7,Yes,Yes,Good,Paid,4,Dropout
S08507,17,Female,42,83,Low,8.8,Yes,No,Poor,Paid,0,Dropout
S08508,15,Female,86,100,Low,14.0,No,No,Average,Paid,4,Not Dropout
S08509,16,Male,61,93,Medium,14.5,Yes,No,Good,Paid,0,Not Dropout
S08510,17,Male,86,75,Low,4.3,Yes,No,Average,Paid,1,Not Dropout
S08511,16,Female,92,57,High,18.7,No,No,Average,Overdue (3+ Months),2,Not Dropout
S08512,18,Male,34,59,Low,10.9,Yes,Yes,Good,Paid,1,Dropout
S08513,13,Male,75,63,Medium,9.6,Yes,Yes,Good,Unpaid,1,Not Dropout
S08514,14,Female,66,49,High,9.5,No,No,Good,Overdue (3+ Months),5,Not Dropout
S08515,13,Male,35,79,Medium,14.7,Yes,Yes,Poor,Overdue (3+ Months),1,Dropout
S08516,14,Female,75,31,Low,17.9,No,No,Good,Paid,0,Not Dropout
S08517,18,Male,66,100,High,4.5,Yes,Yes,Good,Paid,3,Not Dropout
S08518,13,Male,42,47,High,1.0,No,Yes,Poor,Paid,1,Dropout
S08519,14,Male,53,84,Low,16.7,No,No,Poor,Unpaid,1,Not Dropout
S08520,11,Female,71,59,Medium,0.7,Yes,Yes,Good,Paid,1,Not Dropout
S08521,12,Female,60,37,Medium,4.1,No,Yes,Good,Overdue (3+ Months),3,Not Dropout
S08522,15,Female,31,26,Medium,19.6,No,Yes,Average,Unpaid,2,Dropout
S08523,18,Male,43,66,Low,11.9,No,No,Good,Paid,0,Not Dropout
S08524,12,Female,39,43,Medium,9.2,Yes,Yes,Good,Paid,2,Dropout
S08525,17,Male,55,74,High,19.7,Yes,No,Average,Paid,5,Not Dropout
S08526,17,Male,92,26,Medium,7.1,No,No,Good,Overdue (3+ Months),5,Not Dropout
S08527,14,Female,81,90,Low,18.7,Yes,No,Average,Paid,3,Not Dropout
S08528,12,Female,47,61,Medium,10.9,No,Yes,Average,Paid,1,Not Dropout
S08529,16,Male,58,20,Medium,10.4,Yes,No,Average,Paid,3,Not Dropout
S08530,17,Male,55,65,Low,2.2,No,Yes,Poor,Overdue (3+ Months),5,Dropout
S08531,11,Male,98,91,High,18.5,No,No,Average,Paid,3,Not Dropout
S08532,16,Female,81,95,Low,19.6,No,No,Average,Paid,3,Not Dropout
S08533,17,Female,74,36,High,13.1,Yes,No,Good,Paid,1,Not Dropout
S08534,13,Female,48,77,Low,8.8,No,Yes,Poor,Overdue (3+ Months),0,Dropout
S08535,12,Male,73,37,High,10.5,No,Yes,Good,Paid,2,Not Dropout
S08536,15,Male,77,78,Medium,6.1,No,No,Average,Paid,1,Not Dropout
S08537,11,Female,36,61,Low,11.7,No,No,Poor,Unpaid,4,Dropout
S08538,15,Female,66,95,High,3.4,No,Yes,Good,Overdue (3+ Months),1,Not Dropout
S08539,16,Male,90,74,Low,14.2,Yes,No,Average,Paid,1,Not Dropout
S08540,16,Male,89,66,High,11.8,Yes,Yes,Average,Paid,0,Not Dropout
S08541,13,Male,89,63,Low,2.5,Yes,Yes,Good,Unpaid,1,Dropout
S08542,16,Female,97,60,Low,7.1,Yes,No,Poor,Paid,5,Dropout
S08543,16,Female,94,93,Low,16.2,No,No,Poor,Paid,4,Not Dropout
S08544,18,Female,46,31,High,1.9,No,Yes,Good,Paid,2,Not Dropout
S08545,12,Female,35,43,Medium,8.6,Yes,No,Poor,Overdue (3+ Months),4,Dropout
S08546,11,Male,47,85,Medium,5.0,No,Yes,Good,Paid,0,Not Dropout
S08547,13,Female,44,70,Low,18.7,No,Yes,Good,Paid,3,Not Dropout
S08548,12,Male,34,56,Medium,19.6,Yes,Yes,Average,Paid,5,Dropout
S08549,16,Female,90,72,Medium,15.2,Yes,No,Good,Overdue (3+ Months),4,Not Dropout
S08550,12,Female,66,94,Low,6.4,Yes,No,Average,Paid,5,Not Dropout
S08551,14,Male,61,46,Low,3.0,No,No,Poor,Unpaid,5,Dropout
S08552,13,Male,47,50,Low,3.0,Yes,Yes,Good,Unpaid,0,Dropout
S08553,18,Male,78,81,Medium,3.3,No,No,Average,Unpaid,1,Not Dropout
S08554,16,Female,38,36,Low,4.4,Yes,No,Good,Paid,2,Dropout
S08555,14,Male,67,56,Medium,15.3,Yes,No,Good,Paid,5,Not Dropout
S08556,17,Male,64,34,Medium,16.8,Yes,No,Good,Paid,1,Not Dropout
S08557,18,Female,45,66,High,16.3,No,Yes,Good,Paid,5,Not Dropout
S08558,17,Male,95,65,Medium,13.1,Yes,Yes,Average,Paid,5,Not Dropout
S08559,14,Male,84,23,Low,1.7,No,Yes,Good,Paid,5,Dropout
S08560,13,Female,96,76,High,11.1,No,No,Poor,Overdue (3+ Months),0,Not Dropout
S08561,12,Female,33,68,Medium,7.7,Yes,Yes,Average,Paid,0,Not Dropout
S08562,15,Female,85,99,Medium,13.1,No,Yes,Average,Paid,3,Not Dropout
S08563,11,Female,39,27,High,5.1,No,Yes,Good,Paid,1,Not Dropout
S08564,17,Male,48,23,Low,16.2,Yes,Yes,Poor,Overdue (3+ Months),1,Dropout
S08565,14,Female,44,75,Medium,14.6,Yes,Yes,Good,Paid,1,Not Dropout
S08566,14,Female,57,92,Low,11.5,No,No,Good,Paid,0,Not Dropout
S08567,18,Male,80,100,Medium,9.2,No,No,Average,Paid,5,Not Dropout
S08568,12,Male,71,22,Low,8.6,Yes,Yes,Average,Paid,2,Dropout
S08569,14,Female,85,86,Low,17.1,No,No,Average,Paid,5,Not Dropout
S08570,17,Male,50,51,Medium,19.7,No,Yes,Good,Paid,3,Not Dropout
S08571,11,Male,94,33,Low,5.7,Yes,No,Poor,Paid,3,Dropout
S08572,15,Male,67,25,Low,8.7,No,Yes,Good,Paid,0,Not Dropout
S08573,16,Male,77,30,Low,3.8,No,No,Average,Unpaid,3,Not Dropout
S08574,13,Female,54,96,Low,19.4,Yes,Yes,Good,Paid,1,Not Dropout
S08575,16,Male,77,75,Medium,15.4,Yes,Yes,Average,Paid,1,Not Dropout
S08576,11,Male,91,92,Medium,11.2,No,No,Average,Paid,5,Not Dropout
S08577,14,Female,65,33,High,1.6,No,No,Average,Paid,0,Not Dropout
S08578,16,Male,32,54,High,1.2,No,Yes,Average,Paid,2,Not Dropout
S08579,15,Female,81,48,Medium,5.0,Yes,Yes,Average,Paid,3,Not Dropout
S08580,12,Male,63,79,Low,9.8,Yes,Yes,Average,Paid,5,Dropout
S08581,15,Female,85,77,High,5.4,No,Yes,Poor,Unpaid,5,Dropout
S08582,14,Male,80,71,Low,15.1,Yes,Yes,Poor,Overdue (3+ Months),3,Dropout
S08583,18,Female,37,54,Medium,11.5,Yes,Yes,Average,Paid,3,Not Dropout
S08584,17,Male,98,90,Low,19.6,No,Yes,Good,Paid,1,Not Dropout
S08585,11,Male,71,34,Low,11.8,Yes,No,Poor,Unpaid,2,Dropout
S08586,17,Female,64,94,High,7.7,No,No,Average,Unpaid,2,Not Dropout
S08587,18,Female,49,97,High,2.3,No,No,Poor,Overdue (3+ Months),2,Not Dropout
S08588,14,Female,95,73,Medium,6.0,No,No,Average,Paid,1,Not Dropout
S08589,11,Female,76,56,Low,17.1,No,Yes,Good,Paid,4,Not Dropout
S08590,11,Male,35,57,Medium,13.8,Yes,No,Good,Unpaid,4,Dropout
S08591,13,Male,75,93,Medium,19.4,Yes,Yes,Average,Paid,2,Not Dropout
S08592,16,Female,36,76,Medium,12.9,No,Yes,Average,Paid,3,Not Dropout
S08593,14,Female,55,41,High,9.9,No,Yes,Poor,Overdue (3+ Months),0,Dropout
S08594,11,Male,94,78,High,1.3,No,Yes,Average,Unpaid,1,Not Dropout
S08595,13,Male,31,60,Low,18.3,No,Yes,Average,Paid,3,Not Dropout
S08596,18,Female,49,60,Medium,14.8,No,No,Poor,Paid,1,Not Dropout
S08597,17,Male,33,81,High,3.0,No,No,Average,Overdue (3+ Months),1,Not Dropout
S08598,16,Female,56,76,Low,15.1,Yes,Yes,Average,Unpaid,1,Dropout
S08599,14,Male,57,94,Medium,5.3,No,Yes,Good,Unpaid,5,Not Dropout
S08600,16,Male,76,69,Medium,11.6,Yes,Yes,Poor,Paid,3,Not Dropout
S08601,14,Female,91,98,Medium,6.2,Yes,No,Average,Unpaid,5,Not Dropout
S08602,15,Male,98,31,Medium,8.3,Yes,Yes,Good,Paid,0,Not Dropout
S08603,17,Male,77,96,Medium,13.2,Yes,No,Average,Overdue (3+ Months),2,Not Dropout
S08604,15,Female,64,26,High,10.3,Yes,Yes,Good,Paid,2,Not Dropout
S08605,15,Female,89,93,Medium,6.6,No,Yes,Good,Paid,2,Not Dropout
S08606,12,Female,63,29,Medium,10.7,No,Yes,Poor,Overdue (3+ Months),0,Dropout
S08607,17,Male,94,87,Medium,5.1,Yes,No,Good,Overdue (3+ Months),2,Not Dropout
S08608,12,Male,60,91,Low,19.8,No,No,Average,Paid,4,Not Dropout
S08609,15,Male,90,56,Medium,11.7,Yes,No,Average,Overdue (3+ Months),3,Not Dropout
S08610,11,Male,56,44,Low,12.9,Yes,No,Good,Paid,5,Dropout
S08611,18,Male,33,98,High,12.3,No,No,Average,Paid,4,Not Dropout
S08612,13,Female,55,58,Medium,17.6,No,No,Good,Paid,0,Not Dropout
S08613,15,Female,94,86,High,15.1,Yes,Yes,Good,Paid,0,Not Dropout
S08614,14,Male,48,90,Medium,18.9,No,Yes,Good,Paid,3,Not Dropout
S08615,15,Female,56,70,High,11.8,Yes,Yes,Average,Paid,1,Not Dropout
S08616,14,Male,79,78,Low,4.4,Yes,Yes,Good,Paid,4,Dropout
S08617,13,Male,56,67,Low,17.4,No,No,Average,Paid,1,Not Dropout
S08618,16,Male,41,80,High,18.9,Yes,Yes,Average,Paid,4,Dropout
S08619,18,Male,33,54,High,5.7,Yes,Yes,Good,Paid,3,Not Dropout
S08620,12,Female,64,54,High,8.3,No,Yes,Good,Paid,3,Not Dropout
S08621,12,Male,60,83,Low,19.9,No,Yes,Average,Paid,2,Not Dropout
S08622,14,Male,97,84,Medium,10.0,No,Yes,Average,Unpaid,0,Not Dropout
S08623,14,Female,68,71,Low,17.5,Yes,No,Poor,Paid,3,Not Dropout
S08624,13,Male,65,60,High,5.5,No,Yes,Good,Unpaid,5,Not Dropout
S08625,12,Male,82,43,Medium,14.8,Yes,No,Average,Paid,2,Not Dropout
S08626,14,Male,43,68,High,1.0,Yes,No,Average,Overdue (3+ Months),5,Dropout
S08627,13,Female,95,54,High,12.2,Yes,Yes,Good,Paid,3,Not Dropout
S08628,14,Female,96,32,Low,16.6,Yes,No,Average,Paid,4,Dropout
S08629,13,Female,82,93,Low,11.9,Yes,Yes,Poor,Overdue (3+ Months),2,Dropout
S08630,13,Male,35,85,High,2.0,No,Yes,Poor,Paid,3,Not Dropout
S08631,16,Female,87,37,Medium,6.3,No,No,Average,Paid,5,Not Dropout
S08632,13,Male,83,25,High,8.9,No,No,Poor,Overdue (3+ Months),1,Not Dropout
S08633,16,Male,47,67,High,3.8,No,Yes,Good,Paid,1,Not Dropout
S08634,12,Female,51,95,Medium,16.6,Yes,Yes,Average,Paid,1,Not Dropout
S08635,12,Male,94,71,High,16.6,Yes,No,Poor,Paid,2,Not Dropout
S08636,15,Female,57,52,High,18.8,Yes,No,Poor,Overdue (3+ Months),2,Not Dropout
S08637,11,Male,76,38,High,1.1,Yes,No,Good,Overdue (3+ Months),5,Dropout
S08638,11,Female,64,92,High,8.2,Yes,Yes,Poor,Paid,3,Not Dropout
S08639,14,Female,52,51,Low,15.8,No,Yes,Average,Paid,2,Not Dropout
S08640,11,Female,91,62,Low,13.9,No,No,Poor,Paid,3,Not Dropout
S08641,14,Male,98,25,High,1.0,Yes,No,Average,Paid,5,Not Dropout
S08642,13,Female,79,82,Medium,19.5,Yes,Yes,Average,Unpaid,3,Not Dropout
S08643,12,Male,83,36,Medium,6.3,Yes,Yes,Average,Paid,0,Not Dropout
S08644,14,Male,92,52,Low,3.1,No,No,Good,Paid,5,Not Dropout
S08645,11,Female,33,71,High,6.1,No,No,Average,Overdue (3+ Months),0,Not Dropout
S08646,18,Female,82,95,High,13.0,Yes,Yes,Poor,Overdue (3+ Months),3,Dropout
S08647,12,Female,48,22,Low,0.6,No,No,Good,Paid,1,Not Dropout
S08648,16,Male,71,69,Low,9.5,Yes,No,Good,Paid,3,Not Dropout
S08649,17,Female,92,85,High,9.6,No,No,Average,Overdue (3+ Months),4,Not Dropout
S08650,14,Female,46,77,High,15.9,Yes,Yes,Good,Paid,2,Not Dropout
S08651,16,Female,78,99,Medium,7.4,No,Yes,Average,Paid,0,Not Dropout
S08652,16,Male,98,26,High,18.6,No,Yes,Average,Unpaid,4,Dropout
S08653,16,Female,78,59,Low,7.6,No,No,Poor,Paid,4,Not Dropout
S08654,11,Female,84,77,High,12.2,Yes,Yes,Average,Overdue (3+ Months),0,Not Dropout
S08655,16,Male,72,22,Medium,19.7,Yes,No,Good,Overdue (3+ Months),2,Not Dropout
S08656,12,Male,86,28,Low,12.4,Yes,No,Poor,Unpaid,2,Dropout
S08657,13,Male,33,50,Medium,5.3,No,No,Good,Paid,4,Not Dropout
S08658,15,Male,91,76,High,18.9,Yes,Yes,Average,Paid,3,Not Dropout
S08659,12,Female,86,39,High,6.3,No,No,Good,Paid,4,Not Dropout
S08660,13,Male,53,26,Medium,8.4,Yes,Yes,Average,Unpaid,4,Dropout
S08661,15,Male,63,95,Low,18.2,No,Yes,Poor,Paid,5,Dropout
S08662,15,Female,67,24,Low,13.2,Yes,Yes,Poor,Paid,4,Dropout
S08663,17,Male,63,93,Low,2.7,Yes,Yes,Good,Paid,5,Dropout
S08664,14,Female,35,56,Medium,6.5,No,Yes,Average,Paid,3,Not Dropout
S08665,12,Male,98,44,Medium,10.0,No,No,Average,Paid,0,Not Dropout
S08666,18,Male,61,67,Low,9.5,Yes,Yes,Average,Overdue (3+ Months),1,Dropout
S08667,16,Female,60,85,High,15.5,Yes,No,Good,Paid,2,Not Dropout
S08668,13,Male,74,87,High,3.3,No,No,Poor,Paid,3,Not Dropout
S08669,15,Female,61,75,High,18.0,Yes,Yes,Good,Unpaid,3,Not Dropout
S08670,13,Female,70,70,High,7.1,No,Yes,Average,Paid,5,Not Dropout
S08671,12,Female,87,62,Low,14.5,No,No,Average,Paid,4,Not Dropout
S08672,16,Female,45,36,Medium,10.2,Yes,No,Good,Unpaid,5,Dropout
S08673,17,Female,85,79,Low,10.6,Yes,No,Average,Paid,5,Not Dropout
S08674,18,Female,67,27,Medium,19.0,Yes,No,Average,Paid,4,Not Dropout
S08675,11,Female,32,50,Low,7.2,Yes,Yes,Good,Paid,4,Dropout
S08676,16,Male,67,53,High,15.7,No,No,Poor,Paid,3,Not Dropout
S08677,16,Male,65,36,High,11.8,No,No,Good,Paid,2,Not Dropout
S08678,14,Male,43,71,Low,9.2,Yes,Yes,Poor,Paid,2,Dropout
S08679,16,Female,93,97,Low,10.8,Yes,No,Good,Overdue (3+ Months),5,Dropout
S08680,16,Male,75,75,Medium,1.4,Yes,Yes,Poor,Paid,3,Not Dropout
S08681,16,Male,96,70,Low,10.7,Yes,No,Good,Paid,1,Not Dropout
S08682,15,Male,77,55,High,12.1,No,No,Good,Paid,2,Not Dropout
S08683,11,Male,84,58,Low,1.5,Yes,Yes,Poor,Overdue (3+ Months),3,Dropout
S08684,18,Male,86,35,High,17.0,No,Yes,Average,Paid,3,Not Dropout
S08685,15,Male,35,66,Medium,7.6,No,Yes,Average,Unpaid,4,Dropout
S08686,12,Female,66,38,Medium,12.4,No,Yes,Good,Paid,1,Not Dropout
S08687,11,Male,75,28,High,0.8,No,Yes,Good,Paid,4,Not Dropout
S08688,11,Male,95,65,High,16.4,No,No,Poor,Unpaid,4,Not Dropout
S08689,15,Female,57,46,Medium,12.7,No,No,Good,Paid,3,Not Dropout
S08690,14,Male,43,23,Low,15.9,Yes,Yes,Average,Paid,4,Dropout
S08691,14,Male,72,36,Medium,7.7,No,No,Good,Overdue (3+ Months),5,Not Dropout
S08692,17,Female,67,29,Medium,0.7,No,No,Good,Overdue (3+ Months),3,Not Dropout
S08693,13,Female,89,96,High,4.3,No,Yes,Good,Paid,5,Not Dropout
S08694,16,Male,50,64,Low,13.3,No,No,Average,Paid,5,Not Dropout
S08695,13,Male,38,93,Medium,10.9,Yes,No,Average,Paid,4,Not Dropout
S08696,13,Male,32,42,Low,6.1,No,No,Good,Paid,0,Not Dropout
S08697,14,Female,77,38,Medium,18.4,No,Yes,Average,Paid,0,Not Dropout
S08698,12,Male,31,91,High,11.3,No,No,Poor,Paid,5,Not Dropout
S08699,17,Female,43,67,Medium,8.5,Yes,No,Poor,Paid,5,Dropout
S08700,18,Female,86,47,Medium,6.3,Yes,No,Poor,Paid,0,Not Dropout
S08701,12,Female,85,86,High,8.0,Yes,No,Good,Paid,5,Not Dropout
S08702,12,Female,67,38,Medium,11.0,No,No,Good,Paid,5,Not Dropout
S08703,17,Female,60,45,Medium,6.5,No,No,Good,Paid,4,Not Dropout
S08704,15,Male,83,98,Medium,12.1,Yes,No,Good,Paid,2,Not Dropout
S08705,15,Male,32,27,Low,18.4,Yes,No,Average,Unpaid,1,Dropout
S08706,13,Male,45,67,High,10.2,Yes,Yes,Poor,Paid,1,Not Dropout
S08707,17,Male,81,74,Low,8.4,No,No,Average,Unpaid,4,Not Dropout
S08708,15,Male,70,73,High,13.2,No,Yes,Poor,Unpaid,2,Not Dropout
S08709,14,Female,72,59,Medium,16.1,Yes,Yes,Good,Paid,3,Not Dropout
S08710,12,Female,66,43,Medium,4.2,Yes,Yes,Average,Paid,1,Not Dropout
S08711,17,Female,61,22,High,18.5,No,Yes,Good,Unpaid,1,Not Dropout
S08712,14,Male,31,83,Low,9.4,Yes,Yes,Average,Paid,1,Dropout
S08713,15,Male,96,98,Medium,3.0,No,No,Good,Paid,2,Not Dropout
S08714,14,Male,58,86,Medium,7.4,Yes,No,Good,Overdue (3+ Months),1,Not Dropout
S08715,18,Female,93,25,Low,1.3,No,No,Good,Unpaid,5,Dropout
S08716,13,Female,94,69,Low,18.9,Yes,Yes,Average,Unpaid,1,Dropout
S08717,16,Male,72,86,High,6.9,No,Yes,Good,Overdue (3+ Months),0,Not Dropout
S08718,18,Male,69,87,Medium,0.7,No,Yes,Good,Unpaid,5,Not Dropout
S08719,11,Female,54,93,Low,17.4,No,No,Poor,Paid,3,Not Dropout
S08720,15,Male,92,73,Low,18.6,Yes,Yes,Average,Paid,0,Not Dropout
S08721,18,Female,77,47,Low,12.2,No,Yes,Average,Paid,3,Not Dropout
S08722,12,Male,53,64,Low,9.7,No,No,Good,Unpaid,4,Not Dropout
S08723,17,Male,50,62,Medium,11.9,No,Yes,Good,Paid,0,Not Dropout
S08724,13,Female,39,61,Medium,15.4,Yes,Yes,Average,Overdue (3+ Months),5,Dropout
S08725,18,Male,88,58,Low,12.8,Yes,No,Average,Paid,0,Not Dropout
S08726,12,Female,83,66,High,17.1,Yes,No,Average,Overdue (3+ Months),1,Not Dropout
S08727,18,Female,30,91,Medium,12.6,Yes,Yes,Average,Paid,4,Dropout
S08728,11,Female,98,51,Medium,13.4,No,No,Good,Paid,3,Not Dropout
S08729,15,Male,75,93,Medium,9.5,Yes,Yes,Good,Paid,3,Not Dropout
S08730,15,Female,55,43,Low,14.5,Yes,Yes,Good,Overdue (3+ Months),1,Dropout
S08731,12,Female,64,59,High,13.9,No,No,Average,Unpaid,0,Not Dropout
S08732,13,Female,43,21,Medium,10.2,Yes,Yes,Poor,Paid,2,Dropout
S08733,13,Female,80,36,High,15.3,Yes,No,Poor,Paid,2,Not Dropout
S08734,16,Female,69,58,Medium,18.9,Yes,Yes,Average,Paid,4,Not Dropout
S08735,11,Female,45,80,High,10.4,No,Yes,Average,Overdue (3+ Months),1,Not Dropout
S08736,14,Female,50,72,Low,9.7,Yes,No,Average,Unpaid,1,Not Dropout
S08737,18,Male,40,33,High,1.0,No,No,Average,Overdue (3+ Months),2,Not Dropout
S08738,11,Female,79,46,High,6.0,Yes,No,Good,Paid,4,Not Dropout
S08739,12,Female,93,67,High,5.1,No,No,Average,Paid,5,Not Dropout
S08740,16,Male,67,52,High,9.3,No,No,Average,Paid,4,Not Dropout
S08741,13,Female,32,40,High,12.1,Yes,Yes,Poor,Unpaid,2,Dropout
S08742,12,Male,34,61,High,6.5,Yes,No,Good,Overdue (3+ Months),1,Not Dropout
S08743,14,Female,84,54,High,7.0,No,Yes,Average,Paid,3,Not Dropout
S08744,17,Female,52,85,High,2.7,No,No,Average,Overdue (3+ Months),1,Not Dropout
S08745,13,Male,90,32,High,9.7,Yes,Yes,Good,Paid,4,Dropout
S08746,11,Male,32,99,High,17.2,No,Yes,Poor,Paid,2,Not Dropout
S08747,13,Male,62,89,High,10.2,No,Yes,Average,Paid,4,Not Dropout
S08748,13,Female,48,45,Low,19.4,No,Yes,Good,Overdue (3+ Months),1,Dropout
S08749,15,Female,46,99,Medium,16.3,No,No,Good,Overdue (3+ Months),2,Not Dropout
S08750,11,Male,50,91,Low,11.8,Yes,Yes,Good,Paid,5,Dropout
S08751,15,Female,84,46,High,19.3,No,Yes,Good,Unpaid,4,Dropout
S08752,15,Male,37,90,Low,11.1,No,No,Average,Paid,2,Not Dropout
S08753,12,Female,57,31,Medium,5.5,No,No,Good,Paid,3,Not Dropout
S08754,12,Female,59,47,Medium,10.8,No,No,Average,Paid,5,Not Dropout
S08755,11,Female,74,38,Medium,3.3,Yes,Yes,Average,Paid,1,Not Dropout
S08756,17,Female,36,46,High,1.9,No,No,Good,Paid,2,Not Dropout
S08757,12,Female,89,24,High,1.0,No,Yes,Good,Overdue (3+ Months),5,Dropout
S08758,13,Male,77,46,Low,11.5,Yes,Yes,Good,Paid,0,Dropout
S08759,18,Male,52,63,High,5.7,Yes,No,Good,Paid,3,Not Dropout
S08760,17,Male,68,58,Medium,19.1,No,Yes,Poor,Paid,4,Not Dropout
S08761,15,Female,62,45,High,1.2,No,Yes,Poor,Paid,5,Dropout
S08762,14,Female,75,26,Medium,6.6,Yes,No,Average,Paid,2,Not Dropout
S08763,17,Male,47,77,Medium,19.4,Yes,No,Good,Paid,0,Not Dropout
S08764,11,Male,87,53,Low,16.3,No,Yes,Average,Unpaid,4,Dropout
S08765,14,Female,43,35,Low,18.2,No,No,Average,Paid,2,Not Dropout
S08766,17,Male,66,53,Medium,7.4,No,No,Average,Unpaid,4,Not Dropout
S08767,18,Female,93,93,Low,11.0,No,No,Average,Paid,4,Not Dropout
S08768,17,Female,93,31,Medium,19.0,No,No,Good,Paid,4,Not Dropout
S08769,14,Female,93,32,High,12.7,No,No,Average,Unpaid,4,Not Dropout
S08770,18,Male,46,92,High,14.5,No,Yes,Average,Unpaid,0,Not Dropout
S08771,12,Male,34,68,Low,5.5,No,Yes,Average,Paid,5,Dropout
S08772,12,Female,52,31,Low,6.9,No,No,Average,Overdue (3+ Months),4,Dropout
S08773,16,Male,73,55,High,18.0,Yes,No,Good,Paid,0,Not Dropout
S08774,15,Female,54,37,Medium,17.8,No,No,Poor,Paid,3,Not Dropout
S08775,18,Male,53,86,Medium,0.8,No,Yes,Good,Paid,3,Not Dropout
S08776,16,Male,41,51,High,4.9,No,Yes,Average,Overdue (3+ Months),4,Dropout
S08777,13,Female,81,81,Low,5.9,No,No,Average,Unpaid,4,Not Dropout
S08778,18,Male,73,30,High,17.2,No,No,Good,Paid,5,Not Dropout
S08779,18,Male,60,42,High,8.5,No,No,Good,Overdue (3+ Months),5,Not Dropout
S08780,12,Male,70,86,Medium,12.3,No,Yes,Average,Paid,0,Not Dropout
S08781,14,Male,59,73,High,14.9,No,No,Good,Paid,2,Not Dropout
S08782,15,Female,87,79,Low,8.7,Yes,No,Good,Paid,0,Not Dropout
S08783,11,Female,87,91,Low,17.1,No,Yes,Good,Unpaid,1,Not Dropout
S08784,11,Male,49,32,Medium,8.3,Yes,No,Average,Paid,2,Not Dropout
S08785,17,Female,36,48,High,4.4,No,Yes,Good,Paid,4,Dropout
S08786,13,Male,39,69,Medium,7.7,No,No,Average,Overdue (3+ Months),0,Not Dropout
S08787,16,Male,92,77,Low,2.2,No,Yes,Poor,Paid,5,Dropout
S08788,13,Male,82,55,Low,5.2,No,No,Good,Paid,5,Not Dropout
S08789,16,Female,39,97,Low,10.2,Yes,No,Good,Paid,0,Not Dropout
S08790,18,Female,86,39,High,12.4,Yes,Yes,Average,Paid,2,Not Dropout
S08791,17,Male,66,42,Low,2.7,Yes,No,Good,Paid,3,Not Dropout
S08792,13,Male,94,65,High,16.7,No,No,Average,Overdue (3+ Months),2,Not Dropout
S08793,18,Female,67,53,High,5.4,Yes,Yes,Good,Paid,1,Not Dropout
S08794,15,Female,67,97,Medium,8.0,No,Yes,Good,Paid,1,Not Dropout
S08795,12,Female,43,69,Low,14.9,No,Yes,Good,Paid,2,Not Dropout
S08796,18,Male,66,84,Low,18.4,Yes,No,Good,Paid,5,Not Dropout
S08797,11,Female,54,54,Low,17.7,No,No,Average,Overdue (3+ Months),5,Not Dropout
S08798,17,Female,88,61,Medium,10.2,No,No,Good,Paid,1,Not Dropout
S08799,16,Male,93,49,Low,14.8,No,No,Good,Paid,0,Not Dropout
S08800,11,Female,77,64,Medium,1.1,No,No,Good,Overdue (3+ Months),0,Not Dropout
S08801,17,Female,44,71,High,5.9,No,Yes,Average,Paid,3,Not Dropout
S08802,12,Female,64,35,Medium,17.3,Yes,No,Poor,Paid,0,Not Dropout
S08803,13,Female,94,85,Medium,5.0,Yes,No,Good,Paid,5,Not Dropout
S08804,11,Male,31,80,High,11.6,No,Yes,Poor,Paid,3,Not Dropout
S08805,13,Male,73,37,Low,0.8,Yes,No,Average,Paid,1,Not Dropout
S08806,11,Female,60,67,High,16.3,No,No,Good,Unpaid,1,Not Dropout
S08807,11,Female,88,54,High,16.6,No,Yes,Average,Paid,1,Not Dropout
S08808,14,Male,82,84,High,14.5,No,Yes,Good,Unpaid,0,Not Dropout
S08809,15,Male,70,75,High,6.3,No,Yes,Good,Paid,1,Not Dropout
S08810,16,Female,34,91,Low,1.8,No,No,Good,Unpaid,3,Not Dropout
S08811,14,Female,78,58,Low,4.7,No,No,Poor,Paid,1,Not Dropout
S08812,13,Male,82,92,High,2.4,No,No,Average,Paid,5,Not Dropout
S08813,16,Female,76,29,Medium,10.1,Yes,No,Good,Overdue (3+ Months),1,Not Dropout
S08814,12,Male,80,52,High,14.0,No,Yes,Good,Unpaid,1,Not Dropout
S08815,16,Female,45,29,Medium,13.9,No,Yes,Average,Paid,1,Not Dropout
S08816,14,Female,69,98,High,7.2,No,Yes,Average,Paid,5,Not Dropout
S08817,11,Male,44,27,Medium,18.0,Yes,No,Good,Paid,1,Not Dropout
S08818,18,Male,40,49,High,14.5,No,Yes,Good,Overdue (3+ Months),0,Dropout
S08819,15,Female,97,55,High,14.5,Yes,No,Good,Paid,3,Not Dropout
S08820,18,Male,48,84,Low,9.8,Yes,Yes,Good,Paid,2,Not Dropout
S08821,12,Female,33,89,High,14.8,Yes,No,Good,Unpaid,0,Not Dropout
S08822,12,Female,78,23,Low,17.7,Yes,Yes,Poor,Unpaid,4,Dropout
S08823,14,Female,67,59,High,8.6,Yes,Yes,Average,Unpaid,5,Dropout
S08824,17,Female,56,36,High,16.6,No,No,Average,Paid,1,Not Dropout
S08825,12,Female,70,23,High,9.5,No,No,Good,Unpaid,5,Not Dropout
S08826,17,Male,32,73,Medium,3.1,No,Yes,Good,Paid,0,Not Dropout
S08827,15,Male,59,83,Medium,13.4,Yes,Yes,Average,Paid,0,Not Dropout
S08828,15,Female,35,86,Low,2.2,Yes,Yes,Good,Unpaid,5,Dropout
S08829,16,Male,43,84,High,13.0,No,No,Good,Paid,2,Not Dropout
S08830,15,Male,84,95,High,19.5,Yes,Yes,Average,Paid,3,Not Dropout
S08831,11,Male,81,24,High,5.8,Yes,No,Good,Paid,4,Not Dropout
S08832,13,Male,48,87,Medium,13.2,No,Yes,Good,Overdue (3+ Months),0,Not Dropout
S08833,15,Female,39,67,Medium,11.7,Yes,No,Average,Paid,2,Not Dropout
S08834,13,Female,76,51,Medium,10.6,No,No,Good,Paid,4,Not Dropout
S08835,17,Male,31,69,Medium,4.3,Yes,No,Average,Paid,0,Not Dropout
S08836,12,Female,33,33,Medium,5.1,No,No,Good,Paid,2,Not Dropout
S08837,13,Male,63,90,High,15.4,Yes,Yes,Average,Unpaid,3,Not Dropout
S08838,15,Female,54,38,High,18.6,Yes,Yes,Poor,Paid,4,Dropout
S08839,17,Female,84,70,High,6.1,No,No,Average,Paid,0,Not Dropout
S08840,11,Male,83,75,Low,19.4,Yes,No,Good,Unpaid,4,Dropout
S08841,16,Male,69,87,Medium,1.5,No,Yes,Average,Unpaid,1,Not Dropout
S08842,11,Male,32,69,Low,11.1,No,Yes,Poor,Unpaid,4,Dropout
S08843,16,Male,52,23,High,15.8,Yes,No,Average,Paid,2,Not Dropout
S08844,13,Male,49,82,High,19.6,Yes,No,Average,Paid,2,Not Dropout
S08845,17,Male,63,53,Low,16.2,No,No,Poor,Overdue (3+ Months),2,Not Dropout
S08846,16,Male,96,56,Medium,13.6,No,Yes,Good,Paid,5,Not Dropout
S08847,16,Male,72,55,Low,2.5,No,No,Average,Paid,4,Not Dropout
S08848,17,Female,55,73,Low,6.0,Yes,No,Good,Overdue (3+ Months),3,Not Dropout
S08849,14,Male,73,29,Low,14.5,No,Yes,Good,Unpaid,0,Dropout
S08850,17,Female,76,48,Low,11.1,No,Yes,Average,Paid,1,Not Dropout
S08851,16,Female,48,64,Medium,1.8,Yes,No,Good,Paid,2,Not Dropout
S08852,11,Female,81,58,Low,14.4,Yes,No,Good,Unpaid,4,Dropout
S08853,11,Female,34,21,High,15.8,No,Yes,Average,Overdue (3+ Months),3,Dropout
S08854,17,Male,80,39,Low,0.6,Yes,Yes,Average,Paid,2,Dropout
S08855,13,Male,54,25,Low,12.8,No,No,Good,Paid,1,Not Dropout
S08856,15,Male,65,82,High,5.7,Yes,Yes,Good,Paid,5,Not Dropout
S08857,17,Female,36,95,High,19.4,Yes,Yes,Poor,Paid,4,Dropout
S08858,11,Male,31,45,High,15.3,Yes,No,Good,Overdue (3+ Months),4,Dropout
S08859,16,Female,87,52,Low,7.8,Yes,Yes,Good,Paid,3,Not Dropout
S08860,14,Female,54,57,High,17.3,Yes,Yes,Average,Paid,3,Not Dropout
S08861,11,Female,79,66,Medium,13.5,No,No,Good,Unpaid,1,Not Dropout
S08862,13,Female,47,76,High,0.7,No,No,Poor,Paid,2,Not Dropout
S08863,18,Male,52,35,Medium,7.9,Yes,No,Poor,Overdue (3+ Months),2,Dropout
S08864,17,Female,56,48,Medium,13.1,Yes,No,Average,Unpaid,2,Not Dropout
S08865,11,Female,51,81,High,12.8,No,No,Good,Unpaid,1,Not Dropout
S08866,17,Male,46,73,Medium,17.9,No,No,Average,Paid,0,Not Dropout
S08867,12,Male,32,100,Low,10.6,Yes,No,Average,Unpaid,4,Dropout
S08868,13,Female,65,81,High,16.9,No,Yes,Good,Paid,5,Not Dropout
S08869,18,Female,39,36,High,13.0,No,Yes,Poor,Paid,0,Dropout
S08870,15,Female,88,33,Low,3.7,No,No,Average,Paid,5,Not Dropout
S08871,13,Female,44,91,High,9.4,Yes,No,Average,Paid,0,Not Dropout
S08872,16,Male,84,66,Low,6.6,Yes,No,Poor,Paid,3,Not Dropout
S08873,13,Male,93,96,High,2.7,Yes,Yes,Poor,Paid,0,Not Dropout
S08874,15,Female,72,48,High,16.3,Yes,No,Poor,Paid,3,Not Dropout
S08875,14,Female,41,28,Medium,14.0,No,No,Good,Paid,5,Not Dropout
S08876,18,Female,35,26,Medium,0.7,Yes,Yes,Average,Paid,3,Dropout
S08877,12,Female,81,28,Medium,13.9,No,No,Average,Unpaid,1,Not Dropout
S08878,16,Male,45,54,Medium,15.0,No,Yes,Good,Unpaid,5,Not Dropout
S08879,17,Male,82,70,Medium,16.1,No,Yes,Average,Unpaid,2,Not Dropout
S08880,12,Male,35,50,Low,3.8,Yes,No,Good,Paid,2,Not Dropout
S08881,15,Male,41,74,Low,4.1,Yes,Yes,Average,Paid,1,Dropout
S08882,14,Male,72,80,Medium,4.5,Yes,No,Average,Paid,4,Not Dropout
S08883,14,Female,58,97,Low,2.9,Yes,Yes,Average,Paid,0,Not Dropout
S08884,12,Male,56,78,Low,17.7,Yes,No,Good,Paid,1,Not Dropout
S08885,15,Female,59,25,Low,7.6,No,No,Average,Paid,3,Not Dropout
S08886,11,Male,71,22,Low,19.8,No,Yes,Average,Overdue (3+ Months),3,Dropout
S08887,17,Female,76,97,Medium,16.4,No,Yes,Average,Paid,5,Not Dropout
S08888,17,Female,74,25,High,12.3,No,Yes,Good,Paid,3,Not Dropout
S08889,18,Male,83,66,Medium,13.5,Yes,No,Good,Paid,0,Not Dropout
S08890,16,Female,67,33,Low,17.3,Yes,Yes,Good,Paid,4,Dropout
S08891,14,Female,67,80,High,8.8,Yes,Yes,Poor,Unpaid,2,Dropout
S08892,14,Female,65,86,Low,13.6,Yes,Yes,Poor,Overdue (3+ Months),0,Dropout
S08893,13,Female,30,68,High,15.9,No,Yes,Poor,Paid,0,Not Dropout
S08894,14,Male,77,55,High,1.7,Yes,No,Good,Paid,2,Not Dropout
S08895,14,Female,31,60,Medium,2.9,No,No,Good,Paid,4,Not Dropout
S08896,14,Male,56,66,High,12.7,No,No,Good,Paid,5,Not Dropout
S08897,13,Male,47,80,Low,15.4,Yes,Yes,Average,Paid,3,Not Dropout
S08898,11,Male,32,74,High,14.3,Yes,No,Good,Paid,3,Not Dropout
S08899,14,Male,80,74,Medium,3.4,No,No,Average,Paid,0,Not Dropout
S08900,11,Female,50,37,High,6.9,No,No,Average,Paid,5,Not Dropout
S08901,14,Female,51,46,Low,16.9,Yes,No,Poor,Paid,5,Dropout
S08902,16,Male,66,27,High,16.0,Yes,No,Good,Paid,0,Not Dropout
S08903,11,Female,56,72,Low,17.0,No,Yes,Good,Overdue (3+ Months),5,Dropout
S08904,11,Male,75,100,Low,10.0,Yes,No,Good,Overdue (3+ Months),2,Not Dropout
S08905,11,Male,38,85,Low,15.4,No,Yes,Average,Paid,3,Not Dropout
S08906,18,Male,41,56,High,10.5,Yes,Yes,Average,Paid,5,Dropout
S08907,17,Female,54,95,Medium,15.1,No,Yes,Poor,Paid,3,Not Dropout
S08908,13,Male,32,99,Low,11.5,No,Yes,Poor,Paid,3,Dropout
S08909,18,Female,68,82,Medium,10.6,Yes,No,Average,Paid,2,Not Dropout
S08910,18,Female,82,24,Low,3.8,Yes,No,Good,Paid,4,Dropout
S08911,11,Female,41,85,High,12.9,No,No,Average,Unpaid,1,Not Dropout
S08912,18,Female,30,53,Medium,18.4,Yes,No,Average,Overdue (3+ Months),4,Dropout
S08913,15,Male,84,100,High,3.9,Yes,No,Good,Paid,0,Not Dropout
S08914,11,Male,90,92,Medium,10.5,Yes,No,Good,Paid,0,Not Dropout
S08915,17,Female,52,67,Low,15.2,No,No,Good,Paid,5,Not Dropout
S08916,11,Female,34,67,Low,16.2,No,Yes,Good,Paid,0,Not Dropout
S08917,16,Male,44,46,High,15.1,Yes,No,Good,Unpaid,5,Dropout
S08918,13,Female,78,56,Medium,1.4,No,No,Average,Unpaid,5,Not Dropout
S08919,15,Male,92,80,Low,3.5,No,No,Poor,Paid,1,Not Dropout
S08920,18,Male,57,39,Low,14.1,No,No,Good,Paid,2,Not Dropout
S08921,16,Female,87,52,Medium,6.7,Yes,Yes,Good,Unpaid,4,Dropout
S08922,15,Female,42,55,Medium,4.8,Yes,No,Average,Unpaid,1,Not Dropout
S08923,15,Female,67,41,High,19.4,No,No,Good,Paid,0,Not Dropout
S08924,12,Female,82,37,Medium,5.3,Yes,No,Good,Overdue (3+ Months),3,Not Dropout
S08925,18,Male,69,65,Low,19.5,No,Yes,Poor,Paid,5,Dropout
S08926,14,Male,86,58,Medium,5.3,Yes,No,Average,Paid,5,Not Dropout
S08927,11,Male,88,93,Medium,14.4,Yes,Yes,Poor,Paid,5,Dropout
S08928,12,Male,71,23,High,2.4,Yes,No,Average,Overdue (3+ Months),0,Not Dropout
S08929,14,Male,80,23,Low,12.3,No,Yes,Good,Paid,3,Not Dropout
S08930,13,Female,94,86,High,12.0,No,Yes,Good,Paid,2,Not Dropout
S08931,14,Female,65,72,Medium,12.8,Yes,Yes,Average,Paid,3,Not Dropout
S08932,12,Female,85,75,High,14.2,No,Yes,Good,Paid,5,Not Dropout
S08933,15,Male,32,47,High,17.6,Yes,Yes,Poor,Paid,4,Dropout
S08934,18,Male,88,67,Medium,2.9,Yes,Yes,Average,Paid,4,Not Dropout
S08935,11,Male,68,71,High,8.5,No,No,Good,Unpaid,5,Not Dropout
S08936,12,Male,48,45,High,9.4,Yes,No,Good,Paid,3,Not Dropout
S08937,16,Female,38,86,High,8.7,Yes,Yes,Good,Paid,2,Not Dropout
S08938,13,Female,67,22,Medium,9.8,Yes,No,Poor,Paid,5,Dropout
S08939,13,Female,88,58,High,15.1,Yes,No,Average,Unpaid,0,Not Dropout
S08940,16,Male,38,51,Low,13.6,No,Yes,Average,Unpaid,4,Dropout
S08941,13,Male,95,84,Medium,18.5,Yes,Yes,Poor,Paid,4,Dropout
S08942,13,Male,95,90,Low,3.7,No,No,Average,Unpaid,4,Not Dropout
S08943,17,Female,34,67,Medium,18.0,No,No,Poor,Unpaid,5,Dropout
S08944,15,Male,91,82,Low,1.9,No,Yes,Poor,Paid,4,Dropout
S08945,14,Female,48,84,Low,4.4,Yes,No,Good,Paid,4,Not Dropout
S08946,15,Male,87,75,High,7.5,Yes,No,Good,Unpaid,2,Not Dropout
S08947,16,Male,74,63,High,19.6,Yes,Yes,Good,Paid,3,Not Dropout
S08948,17,Male,90,100,Medium,2.0,No,No,Good,Paid,1,Not Dropout
S08949,13,Female,88,94,High,15.0,No,Yes,Average,Unpaid,5,Not Dropout
S08950,14,Female,77,87,Medium,17.3,Yes,No,Poor,Paid,3,Not Dropout
S08951,11,Male,60,52,Low,13.1,No,Yes,Good,Paid,1,Not Dropout
S08952,11,Female,85,62,Low,2.1,No,No,Average,Paid,2,Not Dropout
S08953,17,Female,82,79,Low,8.8,Yes,Yes,Good,Paid,2,Not Dropout
S08954,11,Female,83,43,High,17.2,Yes,Yes,Poor,Paid,5,Dropout
S08955,14,Female,98,69,Medium,1.3,Yes,No,Poor,Paid,3,Not Dropout
S08956,17,Female,85,72,Medium,6.7,Yes,Yes,Average,Paid,4,Not Dropout
S08957,16,Female,33,26,Medium,17.5,Yes,No,Average,Paid,2,Not Dropout
S08958,11,Female,75,88,High,16.2,Yes,Yes,Poor,Overdue (3+ Months),5,Dropout
S08959,11,Female,73,54,Low,10.5,Yes,No,Average,Paid,3,Not Dropout
S08960,13,Female,91,52,Low,7.7,No,No,Good,Unpaid,3,Not Dropout
S08961,11,Female,66,74,Medium,5.3,Yes,No,Good,Paid,1,Not Dropout
S08962,17,Female,90,65,High,4.8,No,Yes,Average,Paid,2,Not Dropout
S08963,16,Female,49,70,Medium,17.0,No,Yes,Average,Unpaid,1,Not Dropout
S08964,17,Male,76,100,High,5.6,Yes,Yes,Poor,Paid,3,Not Dropout
S08965,16,Female,78,24,Low,14.7,Yes,No,Poor,Overdue (3+ Months),1,Dropout
S08966,17,Male,79,31,Medium,4.7,No,Yes,Average,Paid,5,Not Dropout
S08967,12,Male,35,91,High,8.3,No,No,Good,Paid,4,Not Dropout
S08968,15,Male,77,37,Medium,2.8,No,Yes,Good,Overdue (3+ Months),3,Not Dropout
S08969,14,Male,91,92,Low,8.2,Yes,No,Poor,Overdue (3+ Months),2,Dropout
S08970,11,Male,95,66,High,0.9,Yes,Yes,Good,Paid,1,Not Dropout
S08971,13,Male,35,75,Medium,5.9,No,No,Average,Paid,1,Not Dropout
S08972,13,Male,69,30,Low,11.1,No,Yes,Poor,Paid,1,Dropout
S08973,11,Female,89,62,Low,8.9,Yes,No,Good,Overdue (3+ Months),5,Dropout
S08974,17,Female,91,97,Low,7.6,Yes,No,Good,Overdue (3+ Months),2,Not Dropout
S08975,14,Female,94,40,Low,4.3,Yes,Yes,Poor,Paid,4,Dropout
S08976,11,Female,42,49,Medium,0.7,No,No,Average,Paid,1,Not Dropout
S08977,16,Female,75,83,Low,19.1,Yes,No,Poor,Paid,1,Not Dropout
S08978,18,Female,85,98,High,5.4,No,No,Poor,Unpaid,4,Not Dropout
S08979,16,Male,45,90,High,2.7,Yes,Yes,Average,Overdue (3+ Months),3,Not Dropout
S08980,14,Male,36,66,Medium,13.1,Yes,Yes,Average,Paid,3,Not Dropout
S08981,16,Female,83,72,High,3.2,Yes,No,Average,Paid,1,Not Dropout
S08982,11,Female,70,69,High,4.1,No,No,Average,Overdue (3+ Months),2,Not Dropout
S08983,18,Male,72,51,Medium,1.7,No,Yes,Average,Paid,4,Not Dropout
S08984,13,Male,56,78,Medium,15.2,Yes,No,Average,Paid,2,Not Dropout
S08985,15,Female,53,38,Medium,8.8,No,Yes,Poor,Overdue (3+ Months),0,Dropout
S08986,14,Male,68,46,Medium,2.5,No,No,Good,Overdue (3+ Months),5,Not Dropout
S08987,13,Male,37,94,High,9.0,Yes,No,Good,Paid,1,Not Dropout
S08988,12,Female,81,43,Medium,13.1,No,Yes,Poor,Unpaid,3,Dropout
S08989,14,Female,77,62,High,18.1,Yes,No,Average,Overdue (3+ Months),1,Not Dropout
S08990,16,Female,38,98,Low,11.9,Yes,Yes,Good,Paid,2,Dropout
S08991,14,Female,41,72,Medium,6.1,Yes,No,Average,Paid,0,Not Dropout
S08992,16,Male,49,79,Low,17.1,No,No,Poor,Paid,3,Not Dropout
S08993,15,Female,31,89,High,14.4,Yes,No,Average,Paid,2,Not Dropout
S08994,13,Male,60,37,Medium,8.6,No,No,Average,Paid,4,Not Dropout
S08995,13,Female,61,96,High,18.2,Yes,No,Good,Unpaid,3,Not Dropout
S08996,11,Female,44,22,Medium,12.8,Yes,No,Good,Paid,1,Not Dropout
S08997,12,Male,41,30,Low,5.9,Yes,Yes,Good,Paid,5,Dropout
S08998,13,Female,36,80,Low,2.7,Yes,No,Average,Overdue (3+ Months),4,Dropout
S08999,18,Female,60,42,High,3.8,Yes,No,Average,Paid,3,Not Dropout
S09000,14,Male,95,31,High,10.8,No,Yes,Good,Overdue (3+ Months),2,Not Dropout
S09001,18,Female,79,76,Medium,2.8,Yes,Yes,Poor,Overdue (3+ Months),4,Dropout
S09002,14,Female,77,76,High,15.6,Yes,Yes,Average,Unpaid,0,Not Dropout
S09003,18,Female,40,69,Low,5.7,No,Yes,Good,Paid,3,Not Dropout
S09004,18,Male,84,92,High,17.8,Yes,Yes,Good,Paid,0,Not Dropout
S09005,17,Male,83,78,High,8.5,No,Yes,Poor,Paid,3,Not Dropout
S09006,17,Male,61,64,Low,15.4,Yes,No,Good,Paid,5,Not Dropout
S09007,13,Male,36,24,Medium,18.3,No,No,Average,Paid,2,Not Dropout
S09008,14,Male,51,56,Medium,11.0,Yes,No,Good,Paid,5,Not Dropout
S09009,17,Female,94,72,High,19.7,No,Yes,Average,Paid,2,Not Dropout
S09010,15,Male,59,87,Low,4.2,No,No,Average,Paid,0,Not Dropout
S09011,15,Female,88,55,Low,5.5,No,Yes,Poor,Paid,2,Not Dropout
S09012,11,Male,89,79,Medium,14.6,Yes,No,Average,Paid,3,Not Dropout
S09013,12,Male,41,76,Low,6.9,Yes,No,Good,Paid,3,Not Dropout
S09014,15,Male,63,50,Medium,8.4,Yes,Yes,Poor,Paid,2,Not Dropout
S09015,12,Male,41,58,Low,7.8,Yes,No,Average,Paid,0,Not Dropout
S09016,11,Female,75,62,High,10.0,No,Yes,Good,Paid,0,Not Dropout
S09017,16,Female,39,60,Medium,1.0,Yes,Yes,Good,Paid,1,Not Dropout
S09018,11,Male,30,42,Medium,7.8,Yes,No,Poor,Paid,5,Dropout
S09019,17,Female,80,38,High,7.5,Yes,Yes,Good,Paid,1,Not Dropout
S09020,16,Male,44,48,High,10.4,Yes,No,Good,Paid,1,Not Dropout
S09021,14,Male,59,56,Medium,3.1,Yes,Yes,Average,Overdue (3+ Months),5,Dropout
S09022,15,Male,90,89,Low,16.3,Yes,Yes,Poor,Paid,4,Dropout
S09023,16,Male,53,59,High,3.9,No,Yes,Average,Paid,2,Not Dropout
S09024,17,Male,34,57,Medium,11.7,Yes,Yes,Poor,Paid,3,Dropout
S09025,18,Female,34,60,High,9.4,Yes,Yes,Poor,Paid,5,Dropout
S09026,18,Female,53,22,High,15.5,Yes,Yes,Good,Paid,0,Not Dropout
S09027,12,Male,63,47,High,2.4,No,No,Good,Unpaid,3,Not Dropout
S09028,11,Male,41,85,Medium,3.2,No,No,Good,Unpaid,5,Not Dropout
S09029,18,Female,31,44,Low,3.2,Yes,Yes,Good,Paid,4,Dropout
S09030,11,Male,43,100,Medium,18.4,Yes,Yes,Average,Paid,0,Not Dropout
S09031,13,Female,66,75,Low,18.9,No,No,Average,Overdue (3+ Months),1,Not Dropout
S09032,12,Male,55,21,Low,5.5,No,No,Average,Paid,3,Not Dropout
S09033,12,Male,46,43,High,3.4,No,No,Good,Unpaid,1,Not Dropout
S09034,17,Female,40,73,Low,13.1,Yes,No,Good,Unpaid,1,Dropout
S09035,12,Male,91,37,High,9.7,Yes,Yes,Good,Paid,4,Dropout
S09036,17,Male,40,91,Medium,9.6,No,Yes,Good,Unpaid,1,Not Dropout
S09037,16,Female,48,68,Medium,4.1,Yes,Yes,Good,Paid,2,Not Dropout
S09038,12,Female,54,84,Medium,2.3,No,No,Good,Unpaid,5,Not Dropout
S09039,14,Male,41,95,High,11.2,Yes,Yes,Average,Paid,4,Dropout
S09040,14,Female,41,97,High,0.7,Yes,No,Good,Paid,3,Not Dropout
S09041,17,Female,79,65,High,11.0,No,Yes,Good,Paid,4,Not Dropout
S09042,13,Male,79,48,Medium,12.1,No,Yes,Average,Overdue (3+ Months),1,Not Dropout
S09043,11,Male,83,76,Low,14.9,No,No,Poor,Unpaid,2,Not Dropout
S09044,17,Female,45,85,Medium,19.1,No,Yes,Poor,Unpaid,5,Dropout
S09045,18,Female,66,53,Low,10.5,Yes,No,Good,Unpaid,0,Not Dropout
S09046,13,Female,57,92,Medium,15.1,No,No,Average,Paid,4,Not Dropout
S09047,16,Male,97,92,Medium,0.8,No,Yes,Poor,Paid,4,Not Dropout
S09048,12,Female,86,33,Low,4.8,No,Yes,Average,Paid,2,Not Dropout
S09049,18,Female,72,27,Low,6.9,No,No,Average,Paid,4,Not Dropout
S09050,13,Male,50,40,Low,1.1,Yes,No,Good,Paid,4,Dropout
S09051,11,Male,96,44,High,3.7,No,Yes,Good,Unpaid,1,Not Dropout
S09052,18,Female,33,57,Medium,1.6,Yes,Yes,Good,Paid,3,Not Dropout
S09053,16,Male,96,86,Medium,5.6,No,Yes,Average,Paid,2,Not Dropout
S09054,11,Female,91,53,High,14.2,Yes,No,Good,Unpaid,3,Not Dropout
S09055,14,Female,76,53,High,1.7,Yes,No,Average,Paid,1,Not Dropout
S09056,17,Female,47,26,Low,6.9,No,No,Average,Paid,1,Not Dropout
S09057,16,Male,57,68,High,13.7,No,No,Good,Paid,3,Not Dropout
S09058,16,Male,50,86,Low,19.2,Yes,No,Average,Paid,3,Not Dropout
S09059,15,Female,60,39,High,18.7,Yes,Yes,Good,Paid,3,Not Dropout
S09060,15,Male,82,54,Medium,6.7,Yes,Yes,Average,Paid,5,Not Dropout
S09061,18,Male,31,86,Low,11.5,No,No,Average,Paid,2,Not Dropout
S09062,11,Female,62,93,Low,3.0,No,Yes,Average,Paid,3,Not Dropout
S09063,14,Male,46,43,Low,5.8,Yes,Yes,Average,Paid,2,Dropout
S09064,17,Female,83,74,Low,14.9,Yes,Yes,Good,Unpaid,0,Dropout
S09065,11,Female,64,42,Medium,8.9,No,No,Poor,Paid,2,Not Dropout
S09066,16,Female,69,55,Medium,5.2,Yes,Yes,Average,Paid,3,Not Dropout
S09067,17,Male,37,57,Medium,1.8,No,No,Good,Overdue (3+ Months),2,Not Dropout
S09068,14,Female,39,51,Low,1.5,No,No,Average,Paid,3,Not Dropout
S09069,16,Male,78,35,Medium,2.2,Yes,Yes,Good,Unpaid,3,Dropout
S09070,17,Male,61,81,Medium,9.3,Yes,Yes,Good,Paid,1,Not Dropout
S09071,13,Female,33,92,High,14.0,No,No,Good,Overdue (3+ Months),1,Not Dropout
S09072,13,Male,77,45,High,18.6,Yes,No,Good,Paid,4,Not Dropout
S09073,15,Male,71,92,Low,12.7,No,Yes,Good,Paid,1,Not Dropout
S09074,17,Female,59,52,Low,14.4,No,Yes,Average,Paid,4,Not Dropout
S09075,17,Male,72,36,High,13.6,No,Yes,Good,Paid,0,Not Dropout
S09076,15,Female,72,52,Medium,2.4,No,No,Average,Paid,1,Not Dropout
S09077,17,Female,48,48,Low,15.5,No,Yes,Good,Paid,2,Not Dropout
S09078,11,Female,60,49,Medium,3.8,No,Yes,Average,Paid,1,Not Dropout
S09079,15,Male,91,32,High,12.1,No,Yes,Poor,Overdue (3+ Months),3,Dropout
S09080,12,Female,39,42,Medium,3.4,No,Yes,Good,Paid,1,Not Dropout
S09081,13,Male,33,39,High,13.9,No,Yes,Good,Paid,0,Not Dropout
S09082,12,Female,40,71,Low,7.5,No,No,Good,Paid,4,Not Dropout
S09083,13,Male,89,86,Medium,13.7,Yes,Yes,Average,Unpaid,2,Not Dropout
S09084,13,Female,93,95,Medium,16.0,Yes,No,Good,Paid,5,Not Dropout
S09085,16,Female,94,37,Low,17.5,Yes,No,Poor,Paid,3,Dropout
S09086,11,Female,76,84,Medium,2.6,Yes,No,Average,Paid,3,Not Dropout
S09087,12,Female,87,46,Medium,19.7,No,Yes,Good,Unpaid,1,Not Dropout
S09088,11,Female,60,95,High,12.2,Yes,Yes,Average,Paid,4,Not Dropout
S09089,14,Male,58,89,Medium,1.9,Yes,Yes,Poor,Paid,3,Not Dropout
S09090,14,Female,49,77,High,2.2,Yes,Yes,Average,Unpaid,5,Dropout
S09091,16,Male,50,22,Low,5.7,No,Yes,Average,Paid,2,Not Dropout
S09092,14,Male,81,54,Low,13.5,No,No,Average,Paid,3,Not Dropout
S09093,11,Male,33,78,Low,9.9,No,No,Average,Overdue (3+ Months),3,Not Dropout
S09094,11,Male,34,34,Medium,9.7,No,Yes,Average,Paid,5,Dropout
S09095,14,Female,36,81,High,2.2,No,No,Average,Paid,3,Not Dropout
S09096,11,Female,30,39,Low,16.7,No,No,Good,Paid,5,Dropout
S09097,17,Male,86,84,High,5.0,No,Yes,Average,Paid,5,Not Dropout
S09098,13,Female,61,55,High,11.8,Yes,Yes,Average,Paid,3,Not Dropout
S09099,18,Female,51,29,High,5.6,Yes,Yes,Average,Unpaid,2,Dropout
S09100,12,Female,33,24,Medium,12.9,Yes,Yes,Average,Paid,5,Dropout
S09101,13,Male,36,32,Medium,10.4,Yes,No,Poor,Paid,0,Dropout
S09102,11,Male,46,40,Low,12.9,No,No,Average,Paid,5,Not Dropout
S09103,18,Female,84,35,Low,0.6,Yes,No,Average,Overdue (3+ Months),3,Dropout
S09104,17,Female,88,87,Low,4.4,Yes,No,Good,Paid,4,Not Dropout
S09105,16,Female,56,71,High,6.2,No,No,Good,Unpaid,1,Not Dropout
S09106,12,Female,54,70,Low,2.8,No,No,Good,Overdue (3+ Months),4,Not Dropout
S09107,12,Male,47,81,Medium,11.7,No,No,Good,Paid,2,Not Dropout
S09108,12,Male,43,75,Low,1.0,Yes,No,Average,Unpaid,0,Dropout
S09109,11,Female,34,44,Low,19.2,No,No,Poor,Paid,1,Dropout
S09110,17,Female,31,67,Medium,11.0,No,Yes,Poor,Overdue (3+ Months),1,Dropout
S09111,14,Female,72,24,High,15.8,No,No,Good,Paid,3,Not Dropout
S09112,17,Male,51,72,Low,11.7,Yes,Yes,Good,Paid,1,Not Dropout
S09113,16,Male,63,34,High,11.2,Yes,Yes,Poor,Paid,2,Dropout
S09114,13,Male,42,30,High,19.6,Yes,No,Average,Paid,4,Dropout
S09115,11,Female,95,66,Low,17.9,Yes,Yes,Poor,Paid,1,Dropout
S09116,14,Female,40,22,Medium,4.8,Yes,Yes,Good,Paid,5,Dropout
S09117,17,Male,48,79,Medium,12.3,No,Yes,Average,Paid,0,Not Dropout
S09118,15,Female,73,53,High,1.6,Yes,Yes,Average,Paid,0,Not Dropout
S09119,17,Male,40,29,High,7.6,Yes,Yes,Average,Unpaid,0,Dropout
S09120,12,Female,42,95,Low,9.4,No,Yes,Average,Paid,0,Not Dropout
S09121,11,Female,33,45,Low,19.7,Yes,No,Average,Paid,5,Dropout
S09122,11,Female,94,49,Low,1.4,No,Yes,Good,Paid,5,Dropout
S09123,16,Male,75,59,High,15.1,No,Yes,Average,Paid,3,Not Dropout
S09124,17,Female,65,90,Medium,14.2,Yes,Yes,Average,Overdue (3+ Months),5,Dropout
S09125,12,Male,44,72,High,2.6,Yes,No,Good,Unpaid,0,Not Dropout
S09126,16,Male,95,83,Medium,11.7,Yes,Yes,Average,Paid,4,Not Dropout
S09127,13,Female,47,45,Medium,18.8,Yes,No,Good,Unpaid,5,Dropout
S09128,12,Female,75,77,Low,8.8,Yes,No,Good,Unpaid,5,Dropout
S09129,12,Male,74,40,Medium,9.2,No,Yes,Poor,Paid,5,Dropout
S09130,16,Male,78,48,Medium,8.2,Yes,No,Average,Paid,2,Not Dropout
S09131,14,Male,67,56,High,9.6,Yes,No,Poor,Paid,5,Not Dropout
S09132,13,Female,81,50,Medium,10.2,No,Yes,Good,Paid,0,Not Dropout
S09133,11,Female,46,73,Low,6.4,Yes,No,Average,Paid,2,Not Dropout
S09134,16,Male,77,94,Low,10.7,No,Yes,Good,Paid,4,Not Dropout
S09135,12,Male,48,74,Low,5.5,No,Yes,Good,Overdue (3+ Months),3,Not Dropout
S09136,15,Female,85,29,High,15.8,Yes,No,Poor,Paid,2,Not Dropout
S09137,12,Female,63,53,High,9.7,No,No,Average,Paid,3,Not Dropout
S09138,16,Female,73,56,Low,1.2,Yes,Yes,Good,Paid,4,Dropout
S09139,13,Female,98,27,High,8.6,No,No,Poor,Paid,2,Not Dropout
S09140,15,Female,92,77,Medium,17.8,Yes,Yes,Poor,Unpaid,3,Dropout
S09141,12,Female,39,38,Medium,17.8,Yes,Yes,Good,Unpaid,4,Dropout
S09142,18,Female,94,76,Medium,17.7,Yes,Yes,Good,Paid,0,Not Dropout
S09143,14,Male,88,74,Low,8.6,Yes,No,Good,Paid,0,Not Dropout
S09144,17,Female,45,75,Low,15.7,No,No,Average,Paid,1,Not Dropout
S09145,11,Female,46,24,Medium,12.5,No,No,Average,Paid,4,Not Dropout
S09146,14,Male,52,93,High,1.5,No,No,Good,Unpaid,2,Not Dropout
S09147,11,Female,87,52,High,12.5,No,No,Good,Paid,5,Not Dropout
S09148,16,Male,82,94,High,0.6,Yes,Yes,Average,Paid,0,Not Dropout
S09149,17,Male,62,44,Low,3.6,Yes,Yes,Average,Unpaid,1,Dropout
S09150,17,Female,67,94,High,0.7,Yes,No,Good,Overdue (3+ Months),3,Not Dropout
S09151,18,Female,53,34,Low,2.9,Yes,No,Good,Paid,5,Dropout
S09152,11,Female,37,20,Low,8.2,Yes,Yes,Good,Paid,2,Dropout
S09153,14,Female,53,45,Low,5.2,No,No,Average,Paid,2,Not Dropout
S09154,18,Female,32,57,Medium,14.5,Yes,Yes,Average,Paid,0,Not Dropout
S09155,13,Male,84,70,High,4.9,No,No,Average,Paid,5,Not Dropout
S09156,11,Male,83,67,High,4.7,Yes,No,Poor,Paid,2,Not Dropout
S09157,11,Male,48,22,High,5.1,No,No,Poor,Paid,0,Not Dropout
S09158,18,Male,47,46,High,8.8,No,No,Good,Paid,5,Not Dropout
S09159,14,Male,38,84,Medium,12.6,No,Yes,Good,Overdue (3+ Months),3,Not Dropout
S09160,16,Male,88,42,High,19.3,Yes,Yes,Poor,Paid,2,Dropout
S09161,18,Female,66,64,Low,17.1,Yes,No,Good,Overdue (3+ Months),2,Not Dropout
S09162,17,Male,40,64,High,16.0,Yes,Yes,Average,Unpaid,5,Dropout
S09163,13,Female,94,26,Low,16.4,Yes,Yes,Average,Paid,3,Dropout
S09164,12,Male,48,52,Low,10.7,No,No,Average,Paid,0,Not Dropout
S09165,12,Female,65,68,Low,17.0,No,No,Average,Unpaid,1,Not Dropout
S09166,14,Male,59,55,Medium,12.4,Yes,Yes,Poor,Paid,4,Dropout
S09167,12,Female,80,96,High,6.9,Yes,No,Good,Unpaid,2,Not Dropout
S09168,11,Female,37,59,Low,6.7,Yes,No,Poor,Paid,4,Dropout
S09169,16,Female,38,48,Medium,14.2,Yes,Yes,Good,Unpaid,2,Dropout
S09170,17,Female,36,89,Low,12.9,No,No,Good,Paid,1,Not Dropout
S09171,12,Female,42,59,Medium,5.5,Yes,Yes,Poor,Unpaid,5,Dropout
S09172,11,Male,96,75,Medium,19.0,No,Yes,Good,Overdue (3+ Months),3,Not Dropout
S09173,16,Male,77,28,Medium,19.1,Yes,No,Average,Paid,2,Not Dropout
S09174,15,Male,83,61,High,2.3,Yes,Yes,Average,Paid,0,Not Dropout
S09175,17,Female,33,36,Medium,15.6,Yes,Yes,Average,Paid,4,Dropout
S09176,11,Female,67,47,High,14.5,No,Yes,Poor,Overdue (3+ Months),2,Dropout
S09177,16,Female,67,40,Low,17.5,No,Yes,Good,Paid,2,Not Dropout
S09178,17,Male,58,63,High,3.7,Yes,Yes,Good,Paid,2,Not Dropout
S09179,11,Female,57,78,High,15.0,No,No,Good,Overdue (3+ Months),1,Not Dropout
S09180,14,Male,53,39,Medium,6.8,No,No,Average,Paid,0,Not Dropout
S09181,17,Female,41,74,High,3.6,No,Yes,Good,Paid,3,Not Dropout
S09182,16,Male,88,82,Medium,4.9,No,Yes,Average,Unpaid,0,Not Dropout
S09183,17,Female,50,58,High,15.3,Yes,Yes,Poor,Paid,3,Not Dropout
S09184,13,Male,94,25,High,7.5,No,No,Average,Paid,4,Not Dropout
S09185,13,Male,46,33,High,6.7,No,Yes,Average,Overdue (3+ Months),1,Not Dropout
S09186,17,Female,43,20,High,13.5,Yes,No,Average,Paid,2,Not Dropout
S09187,14,Male,86,68,Low,6.0,No,No,Poor,Unpaid,4,Dropout
S09188,14,Female,51,21,Medium,11.0,Yes,Yes,Poor,Paid,4,Dropout
S09189,14,Male,51,60,High,15.7,No,No,Good,Unpaid,0,Not Dropout
S09190,18,Female,91,44,Low,2.0,No,No,Good,Paid,3,Not Dropout
S09191,17,Male,95,63,Medium,4.7,No,No,Good,Overdue (3+ Months),5,Not Dropout
S09192,14,Male,88,27,Low,16.7,No,No,Good,Unpaid,0,Not Dropout
S09193,18,Female,49,36,Low,12.1,No,Yes,Good,Unpaid,3,Dropout
S09194,16,Male,65,61,Low,11.1,Yes,No,Good,Paid,2,Not Dropout
S09195,12,Female,37,58,Low,14.0,No,No,Good,Overdue (3+ Months),2,Not Dropout
S09196,13,Female,59,52,High,3.6,No,Yes,Good,Paid,1,Not Dropout
S09197,15,Female,55,63,Low,13.0,Yes,No,Average,Paid,5,Not Dropout
S09198,17,Male,87,26,Medium,10.9,Yes,Yes,Average,Unpaid,3,Dropout
S09199,11,Male,35,28,Medium,11.0,Yes,Yes,Good,Paid,5,Dropout
S09200,18,Female,73,51,High,15.6,Yes,Yes,Poor,Unpaid,5,Dropout
S09201,12,Female,77,85,High,4.7,Yes,No,Average,Paid,4,Not Dropout
S09202,16,Female,94,81,Medium,5.8,Yes,Yes,Poor,Unpaid,4,Dropout
S09203,13,Female,75,82,Medium,18.9,No,No,Average,Paid,2,Not Dropout
S09204,18,Female,62,41,High,1.4,No,No,Good,Paid,0,Not Dropout
S09205,15,Female,88,25,Low,4.3,No,No,Good,Paid,5,Not Dropout
S09206,14,Female,54,38,High,12.4,No,Yes,Good,Paid,3,Not Dropout
S09207,18,Male,98,20,High,4.3,No,Yes,Good,Paid,4,Not Dropout
S09208,16,Female,61,24,High,3.0,Yes,No,Good,Overdue (3+ Months),4,Dropout
S09209,15,Male,34,93,Medium,4.4,No,No,Good,Paid,1,Not Dropout
S09210,13,Male,85,72,Low,7.5,Yes,No,Good,Unpaid,1,Not Dropout
S09211,13,Male,52,92,Medium,17.2,Yes,Yes,Average,Paid,3,Not Dropout
S09212,14,Female,50,91,Medium,0.9,No,No,Poor,Overdue (3+ Months),4,Not Dropout
S09213,13,Male,60,63,Low,6.0,Yes,Yes,Poor,Paid,5,Dropout
S09214,13,Male,58,61,Low,17.4,Yes,Yes,Good,Paid,4,Dropout
S09215,13,Male,48,33,Medium,5.2,Yes,No,Poor,Paid,5,Dropout
S09216,12,Male,43,82,High,4.1,Yes,Yes,Good,Paid,0,Not Dropout
S09217,16,Male,64,68,High,1.1,No,Yes,Good,Overdue (3+ Months),5,Not Dropout
S09218,12,Female,54,42,Low,4.6,No,Yes,Average,Unpaid,5,Dropout
S09219,11,Male,50,99,High,8.4,No,Yes,Good,Paid,1,Not Dropout
S09220,14,Female,85,45,High,2.5,Yes,Yes,Good,Paid,3,Not Dropout
S09221,14,Male,58,41,High,15.2,No,Yes,Good,Paid,4,Not Dropout
S09222,11,Male,59,42,High,13.8,Yes,Yes,Average,Paid,0,Not Dropout
S09223,17,Female,92,56,Low,19.7,No,Yes,Average,Unpaid,4,Dropout
S09224,18,Male,72,93,Low,3.1,Yes,Yes,Poor,Paid,2,Dropout
S09225,13,Female,39,20,Medium,8.3,No,No,Good,Paid,5,Not Dropout
S09226,15,Female,92,99,High,17.0,No,Yes,Average,Paid,4,Not Dropout
S09227,11,Female,34,38,High,20.0,Yes,Yes,Good,Unpaid,1,Dropout
S09228,17,Male,30,51,High,13.8,Yes,Yes,Poor,Paid,1,Dropout
S09229,12,Male,64,81,High,2.9,No,No,Average,Unpaid,5,Not Dropout
S09230,18,Female,93,95,Medium,10.7,No,Yes,Good,Unpaid,0,Not Dropout
S09231,13,Male,60,78,Low,13.3,No,No,Poor,Paid,1,Not Dropout
S09232,11,Female,54,73,High,11.2,No,Yes,Good,Paid,3,Not Dropout
S09233,12,Male,33,63,High,18.3,No,No,Poor,Paid,3,Not Dropout
S09234,12,Male,89,27,Medium,6.9,Yes,No,Average,Paid,1,Not Dropout
S09235,18,Female,50,75,Low,13.4,No,No,Good,Overdue (3+ Months),3,Not Dropout
S09236,12,Female,81,85,High,7.5,No,Yes,Average,Paid,0,Not Dropout
S09237,16,Female,53,81,Low,15.6,Yes,Yes,Poor,Paid,2,Dropout
S09238,16,Female,56,34,High,8.5,No,Yes,Average,Unpaid,1,Not Dropout
S09239,16,Male,77,21,High,9.1,No,No,Good,Paid,2,Not Dropout
S09240,14,Female,34,62,Low,15.3,Yes,No,Good,Paid,1,Not Dropout
S09241,17,Female,73,67,Low,15.2,No,Yes,Average,Unpaid,1,Not Dropout
S09242,14,Male,39,47,High,14.7,No,No,Poor,Overdue (3+ Months),2,Dropout
S09243,13,Female,37,99,Low,15.1,Yes,No,Good,Paid,3,Not Dropout
S09244,17,Male,56,81,Medium,5.7,Yes,Yes,Average,Paid,5,Not Dropout
S09245,14,Female,76,35,High,15.4,Yes,No,Good,Paid,4,Not Dropout
S09246,15,Female,94,43,Medium,9.7,No,No,Average,Paid,1,Not Dropout
S09247,18,Female,97,69,Medium,3.0,No,No,Good,Overdue (3+ Months),4,Not Dropout
S09248,14,Male,58,51,High,8.9,No,Yes,Average,Paid,3,Not Dropout
S09249,16,Male,30,46,High,6.5,No,No,Good,Paid,2,Not Dropout
S09250,16,Male,47,91,Low,19.3,Yes,Yes,Good,Overdue (3+ Months),1,Dropout
S09251,14,Female,41,97,High,2.1,Yes,No,Average,Paid,1,Not Dropout
S09252,16,Female,67,68,High,9.1,Yes,Yes,Good,Paid,3,Not Dropout
S09253,13,Female,79,26,Low,9.7,No,Yes,Average,Overdue (3+ Months),5,Dropout
S09254,14,Female,45,29,High,4.7,Yes,No,Good,Paid,5,Not Dropout
S09255,12,Male,77,24,Medium,4.5,No,No,Average,Paid,0,Not Dropout
S09256,18,Male,46,71,High,2.8,Yes,Yes,Average,Paid,2,Not Dropout
S09257,13,Female,35,39,Medium,12.9,Yes,No,Good,Paid,0,Not Dropout
S09258,18,Female,50,100,Medium,6.1,No,No,Average,Overdue (3+ Months),3,Not Dropout
S09259,11,Male,48,60,Medium,19.5,No,No,Average,Unpaid,5,Not Dropout
S09260,17,Female,78,99,Medium,10.4,Yes,Yes,Good,Unpaid,1,Not Dropout
S09261,18,Female,79,80,Medium,6.9,No,Yes,Poor,Paid,3,Not Dropout
S09262,11,Male,52,95,High,10.5,Yes,Yes,Average,Paid,3,Not Dropout
S09263,13,Female,87,43,Low,6.4,Yes,Yes,Good,Paid,3,Dropout
S09264,13,Male,84,34,Low,12.0,Yes,Yes,Average,Overdue (3+ Months),3,Dropout
S09265,12,Female,60,30,Medium,16.0,No,No,Average,Paid,4,Not Dropout
S09266,13,Female,45,73,High,7.7,No,Yes,Good,Paid,1,Not Dropout
S09267,13,Male,53,37,Medium,5.8,Yes,Yes,Good,Overdue (3+ Months),0,Dropout
S09268,18,Male,63,62,Low,12.3,No,Yes,Good,Paid,1,Not Dropout
S09269,16,Female,37,45,Low,15.4,Yes,No,Average,Paid,0,Dropout
S09270,14,Male,68,75,High,4.1,Yes,Yes,Good,Paid,0,Not Dropout
S09271,14,Male,51,33,High,8.1,No,Yes,Good,Paid,1,Not Dropout
S09272,15,Male,48,39,High,3.8,No,No,Average,Paid,5,Not Dropout
S09273,17,Female,46,51,Medium,13.1,Yes,Yes,Average,Paid,3,Not Dropout
S09274,17,Male,40,68,Medium,17.7,Yes,No,Good,Paid,5,Not Dropout
S09275,12,Male,78,64,High,11.0,Yes,Yes,Average,Paid,3,Not Dropout
S09276,11,Female,85,81,Low,11.3,No,No,Poor,Overdue (3+ Months),0,Not Dropout
S09277,13,Female,98,88,Low,10.2,No,Yes,Good,Paid,1,Not Dropout
S09278,13,Female,75,21,Medium,3.0,No,Yes,Average,Paid,4,Not Dropout
S09279,16,Male,67,85,Low,16.9,Yes,Yes,Good,Paid,5,Dropout
S09280,17,Female,37,93,Low,16.0,No,Yes,Average,Paid,1,Not Dropout
S09281,16,Female,76,37,High,11.8,Yes,No,Average,Paid,0,Not Dropout
S09282,18,Male,70,79,Low,10.3,No,No,Poor,Overdue (3+ Months),0,Not Dropout
S09283,12,Male,78,63,Low,3.2,No,No,Good,Unpaid,5,Not Dropout
S09284,16,Female,32,55,Low,9.5,Yes,No,Average,Paid,0,Not Dropout
S09285,13,Male,90,47,Medium,11.0,Yes,Yes,Average,Paid,3,Not Dropout
S09286,17,Male,63,98,Low,1.0,No,No,Poor,Unpaid,2,Not Dropout
S09287,12,Male,62,25,Low,18.0,No,Yes,Good,Paid,1,Not Dropout
S09288,11,Male,84,38,Low,18.4,No,Yes,Good,Paid,4,Dropout
S09289,12,Female,83,64,Medium,0.5,No,No,Poor,Paid,5,Not Dropout
S09290,13,Female,87,80,Low,9.0,Yes,No,Poor,Unpaid,3,Dropout
S09291,15,Male,76,52,High,9.3,Yes,No,Good,Unpaid,5,Not Dropout
S09292,18,Female,96,39,Medium,5.6,No,No,Poor,Paid,5,Not Dropout
S09293,15,Male,64,58,Low,11.9,Yes,Yes,Good,Paid,2,Not Dropout
S09294,16,Male,39,90,High,14.8,No,No,Average,Unpaid,1,Not Dropout
S09295,17,Female,92,48,Medium,2.7,No,Yes,Average,Paid,0,Not Dropout
S09296,11,Female,48,87,High,1.1,No,No,Good,Paid,4,Not Dropout
S09297,11,Female,98,91,Low,11.9,Yes,No,Poor,Paid,4,Dropout
S09298,14,Female,55,86,High,5.7,Yes,No,Good,Paid,0,Not Dropout
S09299,17,Female,88,70,Medium,18.0,Yes,Yes,Average,Paid,2,Not Dropout
S09300,12,Male,32,66,Low,15.9,No,Yes,Poor,Unpaid,0,Dropout
S09301,14,Female,60,81,Low,7.8,No,Yes,Poor,Unpaid,0,Dropout
S09302,15,Male,63,24,High,1.0,Yes,No,Good,Paid,3,Not Dropout
S09303,17,Female,56,28,Low,5.9,No,Yes,Average,Unpaid,5,Dropout
S09304,12,Male,78,74,Low,12.9,No,No,Average,Paid,1,Not Dropout
S09305,13,Female,63,54,Low,1.8,No,Yes,Good,Paid,4,Not Dropout
S09306,15,Female,91,58,Low,10.8,No,Yes,Average,Paid,1,Not Dropout
S09307,14,Male,68,36,Low,13.8,Yes,Yes,Poor,Paid,1,Dropout
S09308,18,Male,98,88,Low,13.7,Yes,No,Poor,Paid,5,Dropout
S09309,15,Male,43,48,High,14.5,No,Yes,Good,Overdue (3+ Months),4,Dropout
S09310,18,Male,32,97,Medium,6.1,No,No,Average,Paid,5,Not Dropout
S09311,16,Male,47,28,Medium,14.5,Yes,No,Good,Unpaid,0,Not Dropout
S09312,15,Female,41,83,Medium,3.6,Yes,Yes,Average,Paid,1,Not Dropout
S09313,18,Female,36,90,Medium,6.4,Yes,No,Good,Overdue (3+ Months),3,Not Dropout
S09314,13,Male,82,28,Medium,5.6,Yes,No,Average,Paid,2,Not Dropout
S09315,13,Female,66,23,Low,13.7,Yes,Yes,Good,Unpaid,5,Dropout
S09316,11,Female,80,51,Medium,4.0,No,Yes,Good,Overdue (3+ Months),0,Not Dropout
S09317,14,Female,97,45,Low,12.1,Yes,No,Good,Unpaid,4,Dropout
S09318,16,Female,78,69,Low,11.0,Yes,No,Poor,Paid,1,Not Dropout
S09319,12,Female,86,50,Medium,4.7,No,No,Poor,Paid,5,Not Dropout
S09320,11,Female,86,94,High,14.7,No,Yes,Average,Paid,0,Not Dropout
S09321,14,Female,56,42,Medium,6.5,Yes,No,Average,Paid,0,Not Dropout
S09322,16,Male,56,41,Low,4.8,Yes,No,Good,Overdue (3+ Months),5,Dropout
S09323,18,Male,73,29,Medium,16.5,Yes,Yes,Good,Unpaid,5,Dropout
S09324,12,Male,54,42,High,15.3,Yes,No,Average,Overdue (3+ Months),4,Dropout
S09325,13,Female,33,34,Low,17.4,Yes,No,Good,Unpaid,2,Dropout
S09326,11,Male,47,43,Medium,12.1,No,Yes,Average,Overdue (3+ Months),3,Not Dropout
S09327,17,Male,78,72,Low,7.1,No,Yes,Good,Paid,1,Not Dropout
S09328,15,Female,71,51,Low,12.5,Yes,No,Average,Paid,2,Not Dropout
S09329,14,Female,42,93,Medium,5.5,No,No,Average,Paid,0,Not Dropout
S09330,18,Male,66,74,Low,9.2,No,Yes,Good,Paid,5,Not Dropout
S09331,15,Female,95,93,Medium,18.0,No,Yes,Average,Paid,2,Not Dropout
S09332,15,Female,56,62,High,12.8,No,No,Poor,Paid,4,Not Dropout
S09333,18,Male,42,98,High,4.7,Yes,Yes,Average,Paid,1,Not Dropout
S09334,16,Male,45,32,Low,10.5,Yes,No,Poor,Overdue (3+ Months),2,Dropout
S09335,18,Male,80,70,Low,1.3,No,Yes,Poor,Paid,0,Not Dropout
S09336,18,Female,83,27,Medium,2.2,Yes,Yes,Good,Paid,4,Dropout
S09337,13,Male,71,48,Low,18.0,Yes,No,Poor,Paid,5,Dropout
S09338,11,Male,84,84,Medium,10.1,No,No,Average,Unpaid,1,Not Dropout
S09339,14,Female,60,86,High,14.9,No,Yes,Good,Paid,0,Not Dropout
S09340,18,Male,59,52,High,12.9,Yes,No,Good,Paid,5,Not Dropout
S09341,12,Female,79,32,Medium,2.7,No,Yes,Average,Unpaid,5,Dropout
S09342,16,Male,45,85,Low,10.5,No,Yes,Good,Paid,5,Not Dropout
S09343,15,Male,92,64,Medium,14.5,Yes,No,Good,Paid,0,Not Dropout
S09344,12,Female,82,59,Low,11.8,Yes,No,Poor,Paid,4,Dropout
S09345,18,Male,86,69,Low,18.8,Yes,Yes,Average,Unpaid,5,Dropout
S09346,12,Female,37,21,High,8.2,Yes,Yes,Good,Unpaid,2,Dropout
S09347,12,Male,54,42,Medium,1.5,No,No,Good,Unpaid,3,Not Dropout
S09348,17,Male,37,34,Low,3.0,Yes,No,Good,Unpaid,4,Dropout
S09349,16,Female,96,95,High,11.5,No,No,Poor,Unpaid,3,Not Dropout
S09350,16,Male,35,84,Medium,8.5,Yes,No,Good,Paid,1,Not Dropout
S09351,13,Female,52,98,Medium,13.9,No,Yes,Good,Paid,0,Not Dropout
S09352,18,Male,83,38,High,6.0,Yes,Yes,Average,Paid,2,Not Dropout
S09353,13,Male,75,26,Medium,19.3,Yes,No,Poor,Unpaid,0,Dropout
S09354,14,Male,41,59,Medium,19.4,No,Yes,Poor,Paid,1,Not Dropout
S09355,17,Female,68,34,High,16.5,Yes,No,Good,Paid,0,Not Dropout
S09356,17,Male,85,66,Low,0.6,No,Yes,Good,Paid,4,Not Dropout
S09357,15,Male,59,46,Medium,17.8,No,Yes,Poor,Overdue (3+ Months),5,Dropout
S09358,14,Female,42,72,Low,18.9,No,No,Poor,Overdue (3+ Months),2,Dropout
S09359,14,Male,73,40,Low,8.0,Yes,Yes,Average,Paid,3,Dropout
S09360,16,Male,94,68,Medium,16.2,No,Yes,Good,Paid,2,Not Dropout
S09361,13,Male,69,20,Low,2.1,No,Yes,Average,Paid,0,Not Dropout
S09362,15,Male,43,82,Low,15.4,No,No,Average,Paid,4,Not Dropout
S09363,12,Female,86,38,High,13.6,Yes,No,Poor,Paid,2,Not Dropout
S09364,17,Female,65,40,High,4.5,Yes,No,Good,Paid,2,Not Dropout
S09365,11,Male,95,41,Medium,9.5,No,No,Average,Paid,2,Not Dropout
S09366,15,Male,37,28,Medium,17.6,Yes,Yes,Good,Paid,1,Dropout
S09367,16,Female,85,74,Medium,10.1,Yes,No,Good,Paid,1,Not Dropout
S09368,14,Female,76,66,Medium,13.5,Yes,No,Good,Unpaid,0,Not Dropout
S09369,17,Female,70,83,Medium,0.9,Yes,No,Good,Unpaid,4,Not Dropout
S09370,13,Male,42,42,Medium,17.9,Yes,No,Good,Unpaid,5,Dropout
S09371,12,Female,87,87,High,17.0,No,Yes,Good,Paid,0,Not Dropout
S09372,13,Female,88,55,Medium,15.6,Yes,No,Good,Paid,2,Not Dropout
S09373,13,Female,49,98,Medium,11.2,No,Yes,Average,Paid,4,Not Dropout
S09374,17,Female,85,47,High,4.6,No,No,Average,Paid,3,Not Dropout
S09375,13,Male,37,43,High,9.8,Yes,Yes,Good,Unpaid,1,Dropout
S09376,14,Male,86,60,Low,13.4,No,No,Poor,Paid,3,Not Dropout
S09377,13,Male,52,51,Low,17.8,Yes,No,Average,Unpaid,3,Not Dropout
S09378,18,Female,38,62,Medium,13.8,Yes,Yes,Good,Overdue (3+ Months),3,Dropout
S09379,11,Male,64,68,Low,17.1,Yes,No,Good,Paid,0,Not Dropout
S09380,13,Female,34,96,Low,6.6,Yes,Yes,Average,Paid,1,Dropout
S09381,18,Male,61,62,High,17.7,Yes,Yes,Average,Unpaid,2,Not Dropout
S09382,16,Female,95,74,Low,0.9,Yes,Yes,Poor,Paid,3,Dropout
S09383,18,Male,45,37,High,4.7,Yes,No,Average,Paid,2,Not Dropout
S09384,17,Female,98,57,Medium,11.4,Yes,No,Good,Paid,3,Not Dropout
S09385,12,Female,49,56,High,12.0,No,Yes,Average,Unpaid,4,Not Dropout
S09386,15,Male,98,93,High,12.3,Yes,Yes,Good,Overdue (3+ Months),2,Not Dropout
S09387,15,Male,60,31,Medium,19.6,Yes,No,Good,Paid,1,Not Dropout
S09388,17,Female,45,33,Low,5.9,Yes,No,Good,Unpaid,0,Dropout
S09389,12,Male,32,34,Low,16.6,Yes,Yes,Average,Unpaid,3,Dropout
S09390,17,Female,41,61,High,15.3,No,Yes,Good,Paid,0,Not Dropout
S09391,12,Male,46,27,Medium,14.2,No,Yes,Good,Paid,2,Not Dropout
S09392,12,Female,57,60,Medium,2.3,No,No,Average,Paid,0,Not Dropout
S09393,11,Male,93,46,Low,0.9,No,Yes,Good,Unpaid,2,Dropout
S09394,12,Male,54,41,High,9.8,No,Yes,Good,Unpaid,2,Not Dropout
S09395,14,Female,81,42,High,2.8,No,Yes,Poor,Paid,4,Dropout
S09396,16,Male,50,47,Medium,8.3,Yes,No,Average,Paid,0,Not Dropout
S09397,12,Female,59,52,High,8.3,No,No,Good,Paid,5,Not Dropout
S09398,17,Female,60,65,Medium,6.8,No,No,Good,Paid,5,Not Dropout
S09399,13,Female,40,93,High,12.1,Yes,Yes,Good,Paid,0,Not Dropout
S09400,13,Male,57,25,Low,5.5,No,No,Poor,Paid,4,Dropout
S09401,11,Female,35,54,Medium,18.9,Yes,No,Poor,Paid,0,Not Dropout
S09402,11,Male,38,93,High,11.6,Yes,Yes,Poor,Overdue (3+ Months),1,Dropout
S09403,18,Male,34,57,Low,3.9,No,Yes,Average,Paid,0,Not Dropout
S09404,15,Female,97,68,High,3.1,Yes,No,Average,Paid,5,Not Dropout
S09405,11,Female,98,31,Low,19.7,Yes,Yes,Average,Paid,1,Dropout
S09406,13,Female,82,78,Low,3.7,Yes,No,Average,Paid,1,Not Dropout
S09407,14,Female,70,28,Low,5.1,No,Yes,Good,Overdue (3+ Months),2,Dropout
S09408,11,Female,73,71,Low,12.8,No,No,Good,Paid,4,Not Dropout
S09409,13,Female,78,36,Medium,5.8,No,No,Good,Paid,2,Not Dropout
S09410,11,Female,39,33,Low,16.3,Yes,Yes,Average,Paid,0,Dropout
S09411,14,Female,66,87,Medium,14.8,Yes,Yes,Good,Paid,4,Not Dropout
S09412,17,Female,92,37,Medium,16.3,No,No,Poor,Paid,1,Not Dropout
S09413,12,Male,88,54,High,6.1,Yes,Yes,Poor,Unpaid,0,Dropout
S09414,15,Female,85,42,High,10.5,No,No,Average,Overdue (3+ Months),2,Not Dropout
S09415,18,Male,85,69,High,6.1,No,No,Average,Paid,4,Not Dropout
S09416,16,Male,53,86,Low,11.1,No,No,Poor,Unpaid,0,Not Dropout
S09417,18,Male,44,76,Low,16.9,No,Yes,Good,Unpaid,5,Dropout
S09418,17,Male,72,64,Medium,0.9,Yes,Yes,Poor,Unpaid,4,Dropout
S09419,16,Female,70,26,Medium,1.3,Yes,No,Good,Unpaid,2,Not Dropout
S09420,11,Male,96,57,High,13.6,Yes,No,Poor,Unpaid,1,Not Dropout
S09421,12,Female,47,33,Medium,6.4,Yes,No,Average,Paid,2,Not Dropout
S09422,14,Female,87,50,Medium,2.3,No,No,Good,Paid,1,Not Dropout
S09423,17,Male,89,67,Low,17.1,No,No,Good,Overdue (3+ Months),0,Not Dropout
S09424,18,Male,92,47,Low,12.9,Yes,No,Good,Overdue (3+ Months),3,Dropout
S09425,17,Male,59,26,High,15.6,Yes,Yes,Average,Unpaid,2,Dropout
S09426,18,Female,36,74,High,7.5,Yes,No,Average,Unpaid,3,Not Dropout
S09427,17,Female,97,36,High,3.6,Yes,Yes,Poor,Unpaid,2,Dropout
S09428,15,Female,64,50,Medium,1.3,Yes,No,Good,Unpaid,5,Not Dropout
S09429,17,Female,62,68,High,7.7,No,Yes,Poor,Paid,5,Not Dropout
S09430,17,Female,64,47,High,19.7,No,No,Good,Overdue (3+ Months),5,Not Dropout
S09431,17,Female,77,26,High,10.6,Yes,No,Poor,Paid,3,Not Dropout
S09432,12,Male,40,46,Medium,18.7,Yes,No,Good,Paid,1,Not Dropout
S09433,16,Female,82,92,High,13.6,Yes,Yes,Good,Paid,2,Not Dropout
S09434,16,Female,72,33,High,12.4,Yes,No,Average,Paid,3,Not Dropout
S09435,17,Female,39,35,Medium,1.7,No,No,Good,Paid,5,Not Dropout
S09436,13,Female,63,78,Medium,11.3,Yes,Yes,Average,Unpaid,3,Not Dropout
S09437,11,Female,36,50,Medium,5.1,No,No,Good,Paid,3,Not Dropout
S09438,18,Female,86,44,High,12.2,No,No,Good,Paid,4,Not Dropout
S09439,16,Female,50,42,High,10.8,Yes,No,Average,Paid,1,Not Dropout
S09440,18,Female,35,93,High,4.3,Yes,Yes,Good,Paid,3,Not Dropout
S09441,13,Female,73,24,Low,0.9,No,No,Average,Paid,2,Not Dropout
S09442,15,Male,74,44,High,15.9,No,Yes,Good,Paid,2,Not Dropout
S09443,17,Male,42,53,Medium,7.6,Yes,Yes,Poor,Paid,4,Dropout
S09444,16,Male,34,61,High,2.7,Yes,Yes,Poor,Overdue (3+ Months),5,Dropout
S09445,16,Male,42,48,High,14.0,Yes,No,Good,Overdue (3+ Months),5,Dropout
S09446,11,Male,92,79,Low,17.8,No,Yes,Average,Overdue (3+ Months),0,Not Dropout
S09447,14,Female,66,42,Low,14.9,Yes,No,Average,Paid,4,Dropout
S09448,11,Female,38,59,Low,8.8,No,Yes,Average,Paid,0,Not Dropout
S09449,12,Female,64,38,Low,7.8,Yes,Yes,Average,Overdue (3+ Months),1,Dropout
S09450,11,Female,46,37,Medium,9.8,No,No,Poor,Paid,4,Not Dropout
S09451,12,Female,50,76,Medium,10.7,No,No,Average,Unpaid,3,Not Dropout
S09452,18,Male,45,100,High,6.3,No,Yes,Good,Paid,1,Not Dropout
S09453,14,Female,50,98,High,1.1,No,Yes,Poor,Overdue (3+ Months),4,Dropout
S09454,17,Male,88,55,Low,14.0,No,No,Poor,Paid,5,Not Dropout
S09455,17,Female,48,76,High,17.4,No,No,Good,Paid,2,Not Dropout
S09456,12,Female,46,46,Low,10.5,No,Yes,Poor,Paid,5,Dropout
S09457,16,Female,92,56,Low,9.3,Yes,No,Average,Unpaid,1,Not Dropout
S09458,14,Male,94,32,Medium,9.4,Yes,Yes,Average,Paid,2,Not Dropout
S09459,11,Male,51,49,Medium,13.4,Yes,No,Good,Paid,4,Not Dropout
S09460,14,Male,34,82,Low,0.9,No,No,Average,Unpaid,3,Not Dropout
S09461,16,Male,64,99,High,1.8,Yes,No,Good,Paid,2,Not Dropout
S09462,17,Male,43,72,High,5.2,Yes,Yes,Poor,Paid,4,Dropout
S09463,15,Female,88,33,Low,2.1,No,Yes,Poor,Paid,3,Dropout
S09464,15,Male,86,33,High,12.5,No,No,Poor,Unpaid,0,Not Dropout
S09465,15,Male,30,72,Medium,20.0,Yes,No,Poor,Paid,3,Not Dropout
S09466,12,Female,55,25,Low,15.3,No,Yes,Poor,Overdue (3+ Months),3,Dropout
S09467,18,Male,46,52,Medium,14.1,No,No,Good,Paid,3,Not Dropout
S09468,13,Male,41,25,High,10.7,No,No,Good,Overdue (3+ Months),2,Not Dropout
S09469,15,Female,98,40,High,7.1,Yes,No,Good,Paid,0,Not Dropout
S09470,15,Male,76,82,Low,17.1,No,Yes,Good,Paid,0,Not Dropout
S09471,14,Female,57,63,Medium,14.4,No,No,Good,Paid,5,Not Dropout
S09472,13,Female,65,85,Low,1.7,Yes,No,Average,Paid,5,Not Dropout
S09473,16,Male,67,93,Low,5.4,Yes,No,Average,Paid,2,Not Dropout
S09474,15,Female,89,33,High,9.9,No,Yes,Poor,Paid,4,Dropout
S09475,12,Male,30,93,Medium,10.3,Yes,No,Average,Paid,2,Not Dropout
S09476,13,Female,31,84,Medium,1.9,No,No,Poor,Paid,4,Not Dropout
S09477,13,Female,57,87,Medium,6.3,No,No,Average,Paid,0,Not Dropout
S09478,12,Female,62,62,Low,7.6,Yes,No,Average,Unpaid,2,Not Dropout
S09479,15,Female,33,31,Low,19.8,Yes,No,Good,Overdue (3+ Months),1,Dropout
S09480,16,Female,63,92,High,17.9,Yes,Yes,Average,Paid,0,Not Dropout
S09481,13,Male,54,67,High,16.9,No,Yes,Good,Unpaid,3,Not Dropout
S09482,17,Female,90,72,High,3.3,Yes,Yes,Good,Paid,5,Not Dropout
S09483,13,Female,51,25,Medium,13.1,Yes,No,Good,Overdue (3+ Months),2,Not Dropout
S09484,13,Female,77,69,Low,10.8,Yes,No,Good,Paid,0,Not Dropout
S09485,12,Female,98,96,High,5.4,Yes,Yes,Good,Paid,2,Not Dropout
S09486,13,Female,88,59,High,13.3,Yes,No,Good,Unpaid,3,Not Dropout
S09487,11,Male,80,75,Low,3.4,No,Yes,Good,Paid,1,Not Dropout
S09488,17,Male,53,97,High,8.6,No,Yes,Average,Unpaid,2,Not Dropout
S09489,18,Female,64,52,Low,7.2,Yes,No,Poor,Paid,0,Not Dropout
S09490,11,Female,38,52,Medium,0.7,Yes,Yes,Poor,Paid,3,Dropout
S09491,16,Male,76,93,Low,1.0,No,Yes,Average,Paid,4,Not Dropout
S09492,15,Male,32,33,Medium,18.7,No,No,Good,Paid,4,Not Dropout
S09493,12,Female,37,63,Low,11.1,Yes,Yes,Good,Paid,2,Dropout
S09494,12,Male,56,62,Low,0.9,No,No,Poor,Overdue (3+ Months),3,Not Dropout
S09495,18,Female,93,66,High,16.1,Yes,No,Average,Overdue (3+ Months),2,Not Dropout
S09496,17,Male,74,68,Medium,17.5,No,No,Average,Overdue (3+ Months),0,Not Dropout
S09497,16,Male,79,33,Low,10.1,No,No,Average,Paid,4,Not Dropout
S09498,11,Male,36,25,Low,10.4,No,Yes,Average,Paid,2,Dropout
S09499,17,Female,36,35,Low,17.6,Yes,Yes,Good,Unpaid,0,Dropout
S09500,14,Female,48,34,Medium,16.0,No,Yes,Good,Overdue (3+ Months),0,Not Dropout
S09501,18,Male,57,99,Medium,2.0,Yes,No,Average,Paid,1,Not Dropout
S09502,11,Male,63,88,Low,15.9,No,No,Poor,Paid,3,Not Dropout
S09503,13,Male,98,87,Low,4.8,No,Yes,Good,Unpaid,0,Not Dropout
S09504,15,Female,80,42,Low,18.8,No,Yes,Good,Paid,4,Dropout
S09505,15,Male,62,33,Medium,17.2,Yes,No,Average,Unpaid,4,Dropout
S09506,14,Female,83,56,High,13.1,Yes,Yes,Average,Paid,1,Not Dropout
S09507,12,Female,70,66,Medium,10.2,Yes,Yes,Good,Unpaid,2,Not Dropout
S09508,12,Male,85,69,High,9.4,Yes,Yes,Average,Paid,2,Not Dropout
S09509,13,Male,59,43,Low,17.8,Yes,No,Good,Overdue (3+ Months),5,Dropout
S09510,18,Male,89,57,Medium,7.2,Yes,Yes,Average,Paid,0,Not Dropout
S09511,14,Male,85,38,Medium,11.9,No,Yes,Good,Unpaid,3,Not Dropout
S09512,18,Male,82,86,High,11.0,No,No,Good,Paid,5,Not Dropout
S09513,14,Female,87,96,High,15.8,No,Yes,Good,Paid,5,Not Dropout
S09514,15,Male,43,20,High,4.9,Yes,Yes,Average,Paid,3,Dropout
S09515,14,Male,58,93,Medium,1.5,Yes,Yes,Good,Overdue (3+ Months),2,Not Dropout
S09516,18,Female,38,30,Low,15.3,No,Yes,Average,Overdue (3+ Months),1,Dropout
S09517,13,Male,74,57,Low,2.3,Yes,No,Poor,Paid,4,Dropout
S09518,15,Male,90,49,Medium,18.9,No,No,Average,Overdue (3+ Months),4,Not Dropout
S09519,15,Male,51,46,Low,15.3,No,No,Poor,Paid,2,Not Dropout
S09520,12,Male,42,39,High,7.4,Yes,No,Good,Paid,3,Not Dropout
S09521,13,Female,54,62,High,9.6,No,Yes,Average,Overdue (3+ Months),4,Not Dropout
S09522,15,Male,87,92,High,18.0,No,No,Good,Unpaid,4,Not Dropout
S09523,12,Male,77,98,Medium,0.9,No,No,Poor,Paid,1,Not Dropout
S09524,17,Female,66,40,Medium,2.1,Yes,No,Good,Overdue (3+ Months),3,Not Dropout
S09525,15,Male,42,63,Low,9.1,No,Yes,Average,Paid,2,Not Dropout
S09526,11,Female,41,79,High,18.7,Yes,Yes,Average,Overdue (3+ Months),3,Dropout
S09527,16,Female,76,89,Medium,12.5,Yes,Yes,Average,Paid,4,Not Dropout
S09528,16,Male,62,24,Medium,6.5,No,Yes,Good,Paid,2,Not Dropout
S09529,14,Female,47,88,Low,10.6,Yes,No,Good,Overdue (3+ Months),1,Not Dropout
S09530,18,Male,88,59,Medium,6.7,No,Yes,Good,Paid,2,Not Dropout
S09531,12,Male,63,43,Low,17.8,Yes,Yes,Good,Paid,3,Dropout
S09532,11,Female,93,83,Low,3.8,Yes,Yes,Average,Unpaid,2,Dropout
S09533,13,Male,44,68,High,2.5,No,Yes,Average,Unpaid,0,Not Dropout
S09534,18,Male,59,20,Low,8.3,Yes,Yes,Good,Unpaid,4,Dropout
S09535,17,Female,48,55,High,4.7,No,No,Good,Paid,5,Not Dropout
S09536,18,Male,71,98,High,7.9,No,No,Good,Unpaid,4,Not Dropout
S09537,18,Male,71,24,High,10.8,Yes,No,Good,Overdue (3+ Months),4,Dropout
S09538,14,Female,44,97,Low,18.6,No,Yes,Good,Unpaid,5,Dropout
S09539,13,Female,71,90,Low,6.3,Yes,No,Poor,Paid,4,Dropout
S09540,16,Male,52,23,Medium,9.6,No,Yes,Average,Paid,4,Not Dropout
S09541,14,Male,96,83,Low,12.2,Yes,Yes,Good,Overdue (3+ Months),4,Dropout
S09542,13,Male,36,34,High,13.9,Yes,Yes,Good,Paid,2,Dropout
S09543,15,Male,58,27,Medium,5.2,Yes,Yes,Good,Unpaid,0,Dropout
S09544,13,Male,96,59,Low,13.1,Yes,No,Good,Paid,2,Not Dropout
S09545,14,Male,77,29,High,6.5,Yes,No,Good,Overdue (3+ Months),0,Not Dropout
S09546,17,Male,72,54,High,16.8,Yes,No,Good,Paid,0,Not Dropout
S09547,15,Male,64,33,Medium,10.5,No,Yes,Poor,Unpaid,3,Dropout
S09548,17,Female,64,74,Low,7.4,No,No,Average,Paid,2,Not Dropout
S09549,11,Female,30,49,High,2.2,Yes,Yes,Good,Paid,3,Dropout
S09550,14,Male,61,28,Medium,10.4,Yes,No,Average,Overdue (3+ Months),3,Not Dropout
S09551,12,Female,65,91,Low,14.8,No,No,Good,Overdue (3+ Months),0,Not Dropout
S09552,12,Female,51,54,Medium,17.1,Yes,No,Average,Unpaid,4,Not Dropout
S09553,12,Female,40,40,High,3.4,No,Yes,Good,Unpaid,1,Dropout
S09554,11,Male,89,56,Low,6.3,No,Yes,Poor,Paid,2,Not Dropout
S09555,13,Male,44,30,Low,19.4,No,Yes,Good,Paid,5,Dropout
S09556,11,Male,80,94,High,1.5,Yes,No,Good,Overdue (3+ Months),1,Not Dropout
S09557,17,Male,37,86,High,8.6,Yes,No,Poor,Unpaid,0,Dropout
S09558,18,Male,80,48,High,15.6,No,Yes,Good,Paid,5,Not Dropout
S09559,13,Female,51,91,Low,14.8,Yes,Yes,Average,Paid,2,Not Dropout
S09560,15,Female,73,48,Medium,1.2,Yes,No,Poor,Paid,1,Not Dropout
S09561,17,Female,53,96,Medium,15.9,No,Yes,Good,Unpaid,1,Not Dropout
S09562,11,Female,42,28,High,5.8,Yes,No,Good,Paid,0,Not Dropout
S09563,16,Female,30,51,Medium,6.0,Yes,No,Good,Overdue (3+ Months),5,Dropout
S09564,15,Female,43,22,High,17.8,Yes,No,Good,Paid,3,Not Dropout
S09565,11,Male,51,94,Low,18.4,Yes,No,Good,Unpaid,3,Not Dropout
S09566,16,Male,31,94,Medium,7.9,Yes,Yes,Good,Overdue (3+ Months),2,Dropout
S09567,12,Male,83,64,Low,6.9,Yes,No,Good,Paid,0,Not Dropout
S09568,18,Female,32,93,Low,10.8,No,Yes,Poor,Overdue (3+ Months),1,Dropout
S09569,17,Male,77,25,Medium,7.6,Yes,No,Poor,Overdue (3+ Months),4,Dropout
S09570,15,Male,41,71,Medium,1.1,Yes,Yes,Average,Paid,4,Dropout
S09571,17,Male,55,65,High,14.0,Yes,No,Average,Unpaid,1,Not Dropout
S09572,15,Female,80,29,Medium,18.4,Yes,No,Average,Overdue (3+ Months),1,Not Dropout
S09573,15,Male,81,81,High,6.5,No,Yes,Good,Paid,1,Not Dropout
S09574,18,Female,46,22,Low,1.8,No,Yes,Good,Paid,5,Dropout
S09575,12,Female,72,85,Low,1.6,No,Yes,Good,Paid,0,Not Dropout
S09576,11,Female,58,90,Low,12.1,Yes,No,Good,Unpaid,1,Not Dropout
S09577,11,Female,41,88,Low,8.8,No,No,Average,Unpaid,2,Not Dropout
S09578,14,Male,85,71,Low,18.3,No,Yes,Poor,Paid,0,Not Dropout
S09579,18,Female,78,30,High,1.4,No,Yes,Good,Paid,4,Not Dropout
S09580,18,Male,50,81,Medium,4.7,Yes,Yes,Average,Overdue (3+ Months),0,Not Dropout
S09581,11,Female,95,98,Medium,9.2,Yes,Yes,Average,Paid,2,Not Dropout
S09582,16,Female,79,27,Low,8.1,No,No,Good,Overdue (3+ Months),1,Not Dropout
S09583,13,Male,71,99,High,11.3,Yes,Yes,Good,Overdue (3+ Months),1,Not Dropout
S09584,12,Female,54,79,Low,6.1,No,No,Poor,Paid,2,Not Dropout
S09585,11,Male,57,72,Low,19.1,Yes,No,Poor,Unpaid,4,Dropout
S09586,16,Female,87,74,High,5.5,No,Yes,Good,Paid,1,Not Dropout
S09587,12,Male,94,24,High,16.9,Yes,No,Good,Paid,0,Not Dropout
S09588,12,Female,53,100,High,3.7,No,Yes,Good,Paid,5,Not Dropout
S09589,13,Male,79,29,Medium,11.4,No,Yes,Good,Paid,0,Not Dropout
S09590,16,Female,52,36,High,4.5,Yes,No,Average,Paid,3,Not Dropout
S09591,12,Male,55,25,High,17.8,No,No,Good,Paid,1,Not Dropout
S09592,17,Female,77,37,Low,4.4,Yes,No,Good,Paid,5,Dropout
S09593,15,Male,30,87,Medium,18.7,No,Yes,Poor,Unpaid,4,Dropout
S09594,16,Female,39,32,High,9.0,No,Yes,Average,Unpaid,1,Dropout
S09595,16,Female,43,36,Medium,10.5,Yes,No,Good,Paid,4,Dropout
S09596,11,Female,57,33,Medium,12.9,No,No,Average,Paid,3,Not Dropout
S09597,11,Female,91,66,Low,9.7,Yes,Yes,Average,Unpaid,2,Dropout
S09598,12,Male,58,68,High,14.8,Yes,No,Good,Overdue (3+ Months),4,Not Dropout
S09599,11,Female,56,53,Low,12.0,No,No,Good,Paid,5,Not Dropout
S09600,17,Female,34,26,Medium,10.4,No,Yes,Poor,Paid,2,Dropout
S09601,17,Female,60,80,Low,4.2,No,No,Average,Paid,0,Not Dropout
S09602,16,Male,89,95,High,19.7,No,No,Good,Paid,3,Not Dropout
S09603,17,Male,98,81,Medium,2.0,No,Yes,Average,Paid,3,Not Dropout
S09604,18,Male,52,93,High,19.7,No,No,Average,Paid,2,Not Dropout
S09605,14,Male,37,71,High,10.1,No,No,Good,Paid,5,Not Dropout
S09606,15,Male,31,35,High,10.0,Yes,No,Good,Unpaid,3,Dropout
S09607,14,Female,38,89,High,13.7,No,No,Average,Paid,4,Not Dropout
S09608,17,Female,48,91,Medium,5.7,Yes,No,Average,Paid,3,Not Dropout
S09609,13,Male,57,83,High,7.7,No,No,Poor,Paid,5,Not Dropout
S09610,17,Male,73,93,High,16.4,Yes,Yes,Average,Paid,2,Not Dropout
S09611,11,Female,36,93,Medium,3.5,No,No,Poor,Paid,2,Not Dropout
S09612,11,Female,73,72,Medium,3.7,No,Yes,Average,Unpaid,4,Not Dropout
S09613,17,Female,52,92,Medium,12.5,No,Yes,Poor,Overdue (3+ Months),2,Not Dropout
S09614,12,Male,67,81,High,7.4,No,Yes,Good,Paid,4,Not Dropout
S09615,11,Male,71,70,High,8.4,Yes,No,Average,Overdue (3+ Months),2,Not Dropout
S09616,14,Female,66,83,High,19.0,Yes,No,Average,Unpaid,3,Not Dropout
S09617,17,Male,89,60,Medium,1.0,No,Yes,Poor,Unpaid,5,Dropout
S09618,16,Male,96,35,High,16.1,Yes,Yes,Good,Paid,4,Dropout
S09619,12,Female,42,63,High,12.1,No,No,Average,Paid,2,Not Dropout
S09620,13,Female,95,87,Medium,13.5,Yes,Yes,Poor,Overdue (3+ Months),5,Dropout
S09621,14,Female,31,23,High,9.1,No,Yes,Good,Paid,5,Dropout
S09622,13,Male,31,31,Medium,4.5,No,No,Average,Paid,1,Not Dropout
S09623,12,Male,39,60,High,6.1,No,No,Poor,Overdue (3+ Months),4,Dropout
S09624,11,Male,76,94,Medium,7.3,Yes,Yes,Good,Paid,5,Not Dropout
S09625,14,Male,48,59,Low,3.1,Yes,Yes,Good,Paid,4,Dropout
S09626,16,Female,66,78,Low,13.9,No,Yes,Good,Paid,3,Not Dropout
S09627,12,Male,97,57,High,4.6,Yes,No,Average,Paid,3,Not Dropout
S09628,17,Female,69,100,Medium,19.2,No,No,Good,Overdue (3+ Months),1,Not Dropout
S09629,16,Male,47,74,Medium,11.9,No,No,Average,Paid,1,Not Dropout
S09630,18,Male,98,46,Medium,1.0,No,No,Poor,Overdue (3+ Months),4,Dropout
S09631,11,Female,72,47,Low,6.4,No,Yes,Poor,Paid,0,Dropout
S09632,15,Female,97,96,High,16.0,No,Yes,Good,Paid,5,Not Dropout
S09633,15,Female,68,66,Low,4.7,Yes,No,Poor,Paid,5,Dropout
S09634,12,Male,89,29,Medium,4.4,Yes,No,Good,Unpaid,3,Not Dropout
S09635,18,Male,73,20,Low,12.0,Yes,Yes,Good,Paid,4,Dropout
S09636,18,Male,69,60,High,18.0,Yes,No,Poor,Overdue (3+ Months),3,Not Dropout
S09637,16,Female,64,64,High,16.4,Yes,Yes,Average,Paid,1,Not Dropout
S09638,11,Male,54,87,High,4.4,Yes,No,Average,Unpaid,3,Not Dropout
S09639,14,Female,58,41,High,11.2,No,No,Good,Unpaid,3,Not Dropout
S09640,18,Female,72,90,High,19.4,Yes,Yes,Good,Paid,2,Not Dropout
S09641,17,Female,49,71,Medium,18.8,Yes,No,Poor,Paid,4,Not Dropout
S09642,12,Male,67,35,High,10.4,Yes,Yes,Average,Paid,1,Not Dropout
S09643,11,Female,84,81,High,12.9,Yes,Yes,Good,Paid,2,Not Dropout
S09644,12,Female,75,47,Medium,4.7,Yes,No,Average,Paid,1,Not Dropout
S09645,15,Male,41,79,Low,7.2,No,No,Average,Paid,0,Not Dropout
S09646,15,Male,55,75,Medium,0.6,Yes,Yes,Poor,Unpaid,5,Dropout
S09647,13,Female,92,99,High,18.9,No,Yes,Good,Unpaid,4,Not Dropout
S09648,12,Male,73,32,Medium,7.0,Yes,No,Average,Paid,3,Not Dropout
S09649,11,Female,94,35,Low,11.5,No,No,Average,Paid,2,Not Dropout
S09650,16,Male,65,62,Medium,4.9,No,No,Average,Paid,0,Not Dropout
S09651,16,Male,56,52,Low,7.9,No,No,Good,Paid,2,Not Dropout
S09652,12,Female,74,67,Medium,4.6,No,Yes,Poor,Overdue (3+ Months),3,Not Dropout
S09653,17,Male,91,42,High,13.6,No,Yes,Average,Paid,3,Not Dropout
S09654,16,Male,79,53,Low,4.9,Yes,Yes,Good,Paid,4,Dropout
S09655,16,Female,48,76,Low,2.2,No,No,Good,Paid,4,Not Dropout
S09656,16,Male,60,93,High,9.7,No,No,Average,Paid,5,Not Dropout
S09657,14,Female,35,34,Low,13.0,No,No,Average,Paid,2,Not Dropout
S09658,16,Female,32,69,High,5.5,No,No,Average,Paid,2,Not Dropout
S09659,18,Female,85,61,Low,17.2,Yes,No,Good,Paid,1,Not Dropout
S09660,15,Female,55,51,Low,9.3,No,No,Average,Unpaid,4,Not Dropout
S09661,15,Male,43,20,High,6.0,No,No,Good,Unpaid,5,Dropout
S09662,13,Male,94,96,High,2.6,Yes,Yes,Average,Unpaid,2,Not Dropout
S09663,15,Female,97,68,Low,3.4,Yes,No,Good,Paid,1,Not Dropout
S09664,18,Male,80,97,Medium,2.8,Yes,No,Good,Paid,2,Not Dropout
S09665,17,Male,57,64,Low,17.7,No,No,Good,Paid,3,Not Dropout
S09666,13,Female,41,59,Medium,18.9,Yes,No,Average,Paid,1,Not Dropout
S09667,13,Male,55,45,Medium,19.2,No,No,Average,Paid,2,Not Dropout
S09668,11,Female,46,41,Low,2.8,Yes,No,Poor,Paid,2,Dropout
S09669,13,Male,34,80,High,2.9,No,Yes,Good,Paid,4,Not Dropout
S09670,13,Male,58,78,High,0.9,No,No,Good,Paid,3,Not Dropout
S09671,17,Male,63,71,Low,4.0,Yes,No,Poor,Paid,3,Not Dropout
S09672,14,Female,66,94,Medium,10.7,No,Yes,Good,Overdue (3+ Months),0,Not Dropout
S09673,15,Male,47,62,High,1.1,No,Yes,Average,Paid,0,Not Dropout
S09674,18,Female,54,74,Medium,2.1,Yes,No,Average,Paid,5,Not Dropout
S09675,17,Female,32,22,High,12.3,Yes,Yes,Good,Paid,2,Dropout
S09676,13,Female,81,76,Medium,1.8,Yes,No,Good,Paid,4,Not Dropout
S09677,14,Female,83,87,Low,16.4,No,No,Good,Overdue (3+ Months),3,Not Dropout
S09678,14,Male,96,34,High,1.1,Yes,Yes,Good,Paid,2,Not Dropout
S09679,14,Male,52,46,High,12.7,Yes,Yes,Good,Paid,3,Not Dropout
S09680,15,Female,57,56,High,8.3,No,No,Average,Unpaid,1,Not Dropout
S09681,14,Female,93,91,Medium,5.6,No,Yes,Poor,Paid,4,Not Dropout
S09682,17,Female,49,63,Low,15.6,No,No,Good,Paid,0,Not Dropout
S09683,15,Female,47,61,Medium,15.3,No,Yes,Average,Paid,5,Not Dropout
S09684,17,Male,75,93,Low,13.1,Yes,No,Average,Unpaid,0,Not Dropout
S09685,17,Male,44,78,Low,17.1,No,Yes,Average,Unpaid,1,Dropout
S09686,14,Female,38,66,Low,8.8,No,Yes,Good,Paid,2,Not Dropout
S09687,11,Male,63,35,High,3.1,Yes,Yes,Average,Paid,1,Not Dropout
S09688,16,Female,86,59,High,7.4,Yes,No,Poor,Paid,0,Not Dropout
S09689,15,Male,93,36,Low,4.1,No,Yes,Average,Unpaid,5,Dropout
S09690,13,Male,97,100,Medium,11.7,No,No,Good,Paid,5,Not Dropout
S09691,14,Female,65,56,Low,5.6,No,No,Good,Paid,3,Not Dropout
S09692,18,Male,77,89,Low,17.0,No,Yes,Average,Paid,2,Not Dropout
S09693,12,Male,48,95,High,19.0,No,No,Good,Unpaid,3,Not Dropout
S09694,18,Female,60,96,Medium,15.5,Yes,Yes,Average,Paid,5,Not Dropout
S09695,15,Male,41,76,Low,1.5,No,Yes,Average,Paid,5,Dropout
S09696,16,Female,81,97,Low,6.5,Yes,No,Average,Overdue (3+ Months),4,Dropout
S09697,11,Female,97,72,Medium,2.7,Yes,No,Good,Paid,5,Not Dropout
S09698,15,Male,64,20,Low,7.5,No,No,Poor,Paid,2,Not Dropout
S09699,11,Male,86,28,High,0.6,Yes,No,Good,Paid,1,Not Dropout
S09700,16,Female,52,50,High,19.7,No,No,Average,Paid,3,Not Dropout
S09701,12,Female,56,44,Low,8.6,Yes,Yes,Average,Unpaid,2,Dropout
S09702,15,Female,87,71,High,12.3,Yes,No,Good,Paid,1,Not Dropout
S09703,17,Male,79,58,Medium,15.1,No,Yes,Poor,Paid,1,Not Dropout
S09704,17,Male,38,22,Medium,5.1,No,Yes,Poor,Paid,0,Dropout
S09705,13,Female,43,53,Low,13.0,Yes,No,Good,Paid,5,Dropout
S09706,14,Male,88,26,High,7.2,No,Yes,Good,Paid,5,Not Dropout
S09707,12,Female,51,91,Low,8.3,Yes,No,Poor,Paid,1,Not Dropout
S09708,13,Female,31,40,Medium,17.4,Yes,Yes,Good,Paid,4,Dropout
S09709,12,Female,80,79,Medium,11.5,No,Yes,Good,Paid,1,Not Dropout
S09710,12,Male,85,96,Low,8.9,No,Yes,Average,Paid,5,Not Dropout
S09711,12,Female,74,80,High,5.7,No,Yes,Average,Paid,1,Not Dropout
S09712,18,Female,49,39,High,16.7,No,Yes,Poor,Paid,2,Not Dropout
S09713,13,Male,78,99,High,8.9,Yes,Yes,Good,Paid,0,Not Dropout
S09714,15,Female,30,26,Medium,16.4,Yes,Yes,Good,Paid,2,Dropout
S09715,17,Male,94,65,Medium,17.0,No,Yes,Poor,Paid,1,Not Dropout
S09716,12,Female,86,39,Medium,17.1,No,No,Good,Paid,3,Not Dropout
S09717,12,Male,78,83,Low,19.7,Yes,Yes,Average,Paid,5,Dropout
S09718,18,Female,45,96,Medium,4.4,Yes,Yes,Good,Overdue (3+ Months),1,Not Dropout
S09719,13,Male,42,84,Medium,13.9,No,No,Average,Paid,1,Not Dropout
S09720,15,Male,90,97,Medium,9.9,No,No,Good,Paid,1,Not Dropout
S09721,11,Female,84,23,Low,3.3,Yes,No,Good,Paid,2,Not Dropout
S09722,17,Male,96,77,Low,10.2,Yes,Yes,Good,Unpaid,3,Dropout
S09723,11,Female,55,63,Medium,18.7,Yes,No,Good,Overdue (3+ Months),1,Not Dropout
S09724,18,Female,83,39,Low,12.7,Yes,Yes,Average,Unpaid,2,Dropout
S09725,14,Male,68,64,High,1.3,No,Yes,Poor,Paid,5,Not Dropout
S09726,16,Male,81,37,High,2.0,No,Yes,Average,Paid,3,Not Dropout
S09727,15,Male,64,21,Low,7.3,No,Yes,Good,Paid,1,Not Dropout
S09728,15,Male,86,44,Medium,18.6,No,Yes,Good,Paid,5,Not Dropout
S09729,18,Female,96,100,High,15.2,No,Yes,Average,Unpaid,2,Not Dropout
S09730,11,Female,66,29,Medium,11.5,Yes,No,Average,Paid,1,Not Dropout
S09731,16,Female,85,94,Low,15.8,Yes,No,Good,Paid,5,Not Dropout
S09732,12,Female,96,46,Medium,8.4,Yes,No,Average,Paid,0,Not Dropout
S09733,14,Female,71,80,Low,7.7,Yes,No,Good,Overdue (3+ Months),4,Dropout
S09734,17,Female,66,41,Medium,11.4,No,Yes,Good,Paid,0,Not Dropout
S09735,18,Male,47,73,Medium,12.4,No,No,Poor,Paid,0,Not Dropout
S09736,16,Female,47,97,Medium,9.7,Yes,Yes,Average,Paid,3,Not Dropout
S09737,15,Male,91,80,High,8.3,Yes,Yes,Average,Unpaid,1,Not Dropout
S09738,12,Female,61,49,High,11.9,No,No,Good,Paid,3,Not Dropout
S09739,11,Male,88,32,Low,6.2,No,Yes,Average,Paid,4,Dropout
S09740,18,Male,42,25,Low,10.7,Yes,No,Good,Paid,0,Dropout
S09741,11,Male,81,67,High,2.9,Yes,No,Good,Unpaid,0,Not Dropout
S09742,13,Male,89,38,High,18.1,No,Yes,Good,Paid,1,Not Dropout
S09743,17,Male,60,73,High,1.7,No,Yes,Average,Overdue (3+ Months),2,Not Dropout
S09744,14,Male,61,76,Medium,4.0,No,Yes,Average,Paid,1,Not Dropout
S09745,18,Female,88,66,High,1.7,No,No,Average,Unpaid,3,Not Dropout
S09746,14,Male,32,85,High,12.2,No,Yes,Average,Paid,4,Not Dropout
S09747,13,Male,52,37,Medium,12.4,No,Yes,Average,Overdue (3+ Months),3,Not Dropout
S09748,11,Male,84,38,Low,19.9,No,No,Average,Overdue (3+ Months),3,Not Dropout
S09749,15,Female,58,53,Medium,9.8,Yes,Yes,Average,Paid,5,Not Dropout
S09750,13,Male,38,47,High,5.1,Yes,Yes,Good,Paid,4,Dropout
S09751,11,Female,83,55,High,12.6,Yes,Yes,Poor,Paid,1,Not Dropout
S09752,16,Male,68,45,Medium,18.0,Yes,No,Poor,Paid,5,Dropout
S09753,13,Male,35,38,Medium,15.7,Yes,No,Average,Paid,3,Not Dropout
S09754,15,Female,79,100,Medium,0.7,Yes,No,Good,Paid,2,Not Dropout
S09755,15,Female,51,47,Medium,13.0,Yes,Yes,Average,Paid,4,Dropout
S09756,15,Male,66,94,Low,5.5,Yes,No,Poor,Overdue (3+ Months),2,Dropout
S09757,14,Female,61,97,Medium,12.7,No,No,Good,Paid,3,Not Dropout
S09758,17,Female,78,82,Low,18.3,No,No,Average,Paid,0,Not Dropout
S09759,16,Female,45,77,Medium,7.2,No,No,Average,Overdue (3+ Months),0,Not Dropout
S09760,12,Male,50,36,Medium,3.7,Yes,Yes,Poor,Overdue (3+ Months),2,Dropout
S09761,12,Female,44,42,High,18.4,Yes,Yes,Average,Paid,0,Dropout
S09762,14,Female,64,76,Medium,5.9,No,No,Poor,Paid,1,Not Dropout
S09763,18,Female,31,83,High,18.0,No,Yes,Average,Paid,5,Not Dropout
S09764,14,Female,68,65,Low,13.3,No,Yes,Average,Paid,0,Not Dropout
S09765,18,Male,57,27,Low,5.6,Yes,Yes,Poor,Unpaid,3,Dropout
S09766,16,Female,50,69,High,13.3,No,Yes,Poor,Overdue (3+ Months),0,Not Dropout
S09767,12,Male,66,100,High,5.4,Yes,No,Good,Unpaid,5,Not Dropout
S09768,17,Male,41,65,Medium,11.8,Yes,No,Good,Paid,0,Not Dropout
S09769,18,Female,78,84,Medium,0.9,No,Yes,Average,Paid,0,Not Dropout
S09770,11,Female,75,36,High,6.3,No,Yes,Average,Overdue (3+ Months),4,Dropout
S09771,14,Female,43,61,High,5.6,No,Yes,Average,Paid,1,Not Dropout
S09772,15,Female,41,57,Medium,16.5,No,No,Average,Paid,2,Not Dropout
S09773,12,Male,42,49,Low,13.5,No,Yes,Good,Paid,0,Dropout
S09774,14,Female,87,33,Medium,17.9,Yes,Yes,Average,Paid,2,Not Dropout
S09775,12,Male,70,82,High,12.0,Yes,No,Good,Paid,3,Not Dropout
S09776,18,Female,58,83,Low,7.4,No,Yes,Poor,Paid,0,Not Dropout
S09777,13,Male,46,68,Low,13.2,Yes,Yes,Good,Paid,4,Dropout
S09778,13,Male,32,28,High,11.2,Yes,No,Average,Paid,5,Dropout
S09779,11,Male,43,20,Low,20.0,Yes,Yes,Average,Paid,1,Dropout
S09780,12,Female,36,48,Medium,2.3,No,Yes,Average,Paid,4,Dropout
S09781,16,Male,67,43,Low,11.5,Yes,No,Average,Overdue (3+ Months),1,Dropout
S09782,14,Female,31,74,Medium,5.3,No,Yes,Good,Paid,3,Not Dropout
S09783,17,Female,60,36,High,4.0,Yes,Yes,Good,Overdue (3+ Months),2,Dropout
S09784,16,Female,84,39,Medium,8.3,Yes,No,Average,Paid,1,Not Dropout
S09785,11,Male,69,80,Medium,3.2,Yes,Yes,Good,Paid,2,Not Dropout
S09786,13,Male,58,28,Low,14.8,Yes,No,Average,Paid,4,Dropout
S09787,18,Female,38,81,Medium,6.6,Yes,No,Good,Unpaid,0,Not Dropout
S09788,16,Male,88,50,High,13.5,Yes,No,Poor,Paid,5,Not Dropout
S09789,15,Female,48,85,Low,9.0,No,Yes,Good,Overdue (3+ Months),2,Not Dropout
S09790,15,Male,54,56,High,0.6,Yes,Yes,Good,Paid,3,Not Dropout
S09791,12,Female,36,43,High,0.9,No,Yes,Good,Overdue (3+ Months),3,Dropout
S09792,17,Male,57,48,Low,15.3,No,Yes,Poor,Paid,0,Dropout
S09793,16,Female,46,32,Medium,7.1,No,No,Average,Paid,4,Not Dropout
S09794,11,Male,44,31,Medium,16.9,Yes,Yes,Poor,Paid,2,Dropout
S09795,16,Male,84,93,Medium,7.0,No,No,Good,Paid,0,Not Dropout
S09796,14,Male,43,22,High,8.0,Yes,Yes,Poor,Unpaid,2,Dropout
S09797,12,Male,72,39,High,1.2,No,No,Average,Paid,2,Not Dropout
S09798,13,Male,93,32,High,14.3,No,No,Average,Unpaid,3,Not Dropout
S09799,11,Female,32,65,Medium,7.9,Yes,Yes,Poor,Overdue (3+ Months),3,Dropout
S09800,14,Female,70,33,High,11.9,Yes,Yes,Average,Overdue (3+ Months),4,Dropout
S09801,17,Male,46,53,High,15.8,No,Yes,Good,Paid,1,Not Dropout
S09802,13,Female,67,46,Medium,3.3,Yes,Yes,Good,Paid,4,Dropout
S09803,17,Male,45,21,Medium,13.4,No,Yes,Good,Paid,0,Not Dropout
S09804,18,Female,55,69,Low,4.0,No,No,Average,Paid,1,Not Dropout
S09805,16,Female,51,30,Medium,2.3,Yes,No,Average,Unpaid,0,Not Dropout
S09806,16,Female,37,70,Low,5.5,Yes,Yes,Poor,Paid,2,Dropout
S09807,11,Female,93,52,Medium,5.8,No,Yes,Good,Overdue (3+ Months),2,Not Dropout
S09808,11,Male,72,96,High,8.8,No,No,Poor,Paid,0,Not Dropout
S09809,18,Female,63,75,Medium,8.0,Yes,Yes,Good,Paid,0,Not Dropout
S09810,11,Female,58,83,Low,19.4,Yes,No,Good,Overdue (3+ Months),0,Not Dropout
S09811,14,Male,95,45,Low,13.4,Yes,Yes,Average,Unpaid,1,Dropout
S09812,15,Male,83,55,Low,7.4,Yes,Yes,Good,Paid,4,Dropout
S09813,14,Male,93,73,Medium,3.0,No,No,Average,Unpaid,0,Not Dropout
S09814,18,Male,34,41,Low,3.6,Yes,Yes,Good,Paid,1,Dropout
S09815,15,Male,34,25,Medium,1.2,No,Yes,Poor,Overdue (3+ Months),4,Dropout
S09816,15,Female,70,26,Low,19.0,No,Yes,Good,Paid,2,Not Dropout
S09817,17,Male,76,70,Low,18.9,No,No,Poor,Paid,3,Not Dropout
S09818,18,Female,37,83,Medium,11.6,Yes,Yes,Poor,Paid,1,Dropout
S09819,17,Female,36,79,High,1.2,No,Yes,Poor,Overdue (3+ Months),5,Dropout
S09820,13,Male,46,40,High,14.8,Yes,Yes,Good,Paid,2,Not Dropout
S09821,11,Female,38,82,Low,11.6,Yes,Yes,Good,Unpaid,2,Dropout
S09822,18,Male,36,77,Medium,1.6,No,Yes,Poor,Unpaid,3,Dropout
S09823,17,Male,62,36,High,11.2,No,Yes,Average,Paid,2,Not Dropout
S09824,17,Male,48,93,High,2.2,No,Yes,Good,Paid,3,Not Dropout
S09825,11,Male,70,72,Low,17.2,Yes,Yes,Good,Paid,5,Dropout
S09826,14,Female,62,44,Low,1.6,Yes,No,Average,Unpaid,5,Dropout
S09827,17,Male,44,23,Medium,3.0,Yes,Yes,Good,Unpaid,5,Dropout
S09828,11,Male,77,58,Medium,9.9,Yes,No,Average,Overdue (3+ Months),5,Not Dropout
S09829,13,Female,78,75,High,1.8,Yes,No,Good,Unpaid,1,Not Dropout
S09830,16,Male,30,36,Low,8.3,Yes,Yes,Poor,Paid,5,Dropout
S09831,16,Male,75,31,Medium,4.0,Yes,No,Poor,Unpaid,3,Dropout
S09832,12,Male,81,57,Medium,4.4,No,Yes,Good,Paid,4,Not Dropout
S09833,17,Male,35,89,Low,8.1,No,Yes,Poor,Paid,2,Dropout
S09834,15,Female,76,74,Medium,3.2,No,No,Good,Paid,1,Not Dropout
S09835,16,Male,96,56,Medium,11.3,Yes,Yes,Average,Paid,3,Not Dropout
S09836,16,Male,91,29,Medium,18.1,Yes,Yes,Good,Unpaid,0,Dropout
S09837,13,Female,40,26,Medium,1.9,Yes,No,Good,Overdue (3+ Months),3,Dropout
S09838,16,Male,60,53,Medium,3.3,No,Yes,Average,Unpaid,3,Not Dropout
S09839,14,Female,84,27,Medium,4.8,Yes,Yes,Average,Overdue (3+ Months),3,Dropout
S09840,15,Female,48,56,High,19.2,Yes,Yes,Good,Paid,2,Not Dropout
S09841,15,Male,76,32,Medium,12.8,Yes,Yes,Good,Overdue (3+ Months),5,Dropout
S09842,15,Female,65,85,Medium,18.6,No,No,Poor,Unpaid,3,Not Dropout
S09843,13,Male,60,90,Medium,10.9,No,Yes,Good,Unpaid,4,Not Dropout
S09844,18,Male,41,47,Low,9.0,Yes,No,Poor,Paid,5,Dropout
S09845,13,Male,51,37,Medium,3.4,No,Yes,Average,Paid,2,Not Dropout
S09846,13,Male,35,90,High,1.9,No,No,Poor,Paid,1,Not Dropout
S09847,15,Female,58,87,High,1.4,No,Yes,Average,Paid,0,Not Dropout
S09848,13,Male,98,56,Low,6.5,No,Yes,Average,Paid,0,Not Dropout
S09849,17,Female,67,76,High,12.1,No,Yes,Poor,Unpaid,4,Dropout
S09850,18,Male,94,30,High,12.7,No,Yes,Average,Paid,3,Not Dropout
S09851,18,Male,97,94,High,6.0,No,No,Poor,Unpaid,2,Not Dropout
S09852,15,Male,47,34,Low,16.4,Yes,Yes,Good,Paid,5,Dropout
S09853,15,Male,72,65,Low,14.4,Yes,Yes,Average,Paid,2,Not Dropout
S09854,16,Male,70,95,Low,18.5,No,Yes,Poor,Paid,3,Not Dropout
S09855,14,Male,97,62,Low,18.2,No,No,Good,Paid,3,Not Dropout
S09856,11,Female,93,66,Low,4.5,No,No,Poor,Paid,3,Not Dropout
S09857,14,Male,31,20,Low,15.8,No,Yes,Good,Unpaid,0,Dropout
S09858,15,Male,66,53,Medium,1.2,Yes,No,Average,Unpaid,0,Not Dropout
S09859,17,Male,61,91,High,7.5,No,Yes,Good,Paid,2,Not Dropout
S09860,14,Female,73,97,High,7.3,No,No,Good,Paid,0,Not Dropout
S09861,11,Female,59,66,Medium,10.6,No,No,Average,Unpaid,3,Not Dropout
S09862,13,Male,42,35,Low,14.3,Yes,No,Average,Unpaid,4,Dropout
S09863,13,Female,30,23,High,13.5,Yes,No,Good,Paid,5,Dropout
S09864,13,Male,87,82,Medium,6.2,Yes,No,Good,Paid,3,Not Dropout
S09865,14,Female,93,23,Low,17.0,No,No,Good,Unpaid,3,Not Dropout
S09866,13,Male,53,28,Low,6.1,No,Yes,Average,Paid,2,Not Dropout
S09867,15,Male,80,70,Medium,8.8,No,No,Poor,Paid,1,Not Dropout
S09868,15,Male,84,86,Medium,12.4,No,No,Good,Paid,1,Not Dropout
S09869,17,Male,87,51,Medium,15.8,Yes,No,Average,Paid,4,Not Dropout
S09870,18,Female,44,53,Medium,8.2,Yes,No,Good,Paid,3,Not Dropout
S09871,16,Male,60,55,Medium,11.1,No,No,Poor,Paid,3,Not Dropout
S09872,12,Female,48,54,Medium,4.0,Yes,Yes,Poor,Paid,5,Dropout
S09873,13,Male,92,89,Medium,15.5,No,No,Good,Paid,0,Not Dropout
S09874,17,Male,44,97,Medium,7.8,Yes,Yes,Good,Paid,5,Dropout
S09875,17,Male,41,100,Low,8.5,Yes,No,Average,Paid,4,Dropout
S09876,17,Female,70,78,Low,9.1,No,Yes,Good,Paid,0,Not Dropout
S09877,11,Female,77,78,High,13.3,Yes,No,Average,Unpaid,3,Not Dropout
S09878,15,Female,45,72,Low,14.5,Yes,No,Poor,Paid,0,Not Dropout
S09879,18,Female,66,54,High,10.7,Yes,No,Poor,Unpaid,4,Dropout
S09880,13,Male,37,77,High,16.0,Yes,Yes,Average,Paid,1,Not Dropout
S09881,12,Male,75,88,High,15.1,Yes,Yes,Average,Paid,3,Not Dropout
S09882,17,Female,54,100,Low,6.7,Yes,Yes,Poor,Paid,5,Dropout
S09883,16,Male,66,38,Medium,8.9,Yes,No,Good,Paid,3,Not Dropout
S09884,14,Male,60,66,Medium,15.6,No,Yes,Good,Paid,0,Not Dropout
S09885,11,Male,35,43,Low,3.5,No,Yes,Poor,Paid,1,Dropout
S09886,17,Male,89,36,High,19.2,Yes,Yes,Average,Paid,4,Dropout
S09887,17,Male,96,53,High,11.7,No,Yes,Good,Paid,3,Not Dropout
S09888,15,Female,46,63,High,8.1,No,Yes,Poor,Paid,0,Not Dropout
S09889,11,Female,41,36,Low,13.8,Yes,No,Average,Paid,2,Dropout
S09890,16,Male,91,96,Medium,18.1,Yes,Yes,Good,Overdue (3+ Months),1,Not Dropout
S09891,16,Male,67,39,High,11.6,Yes,No,Poor,Unpaid,3,Dropout
S09892,14,Male,65,68,Medium,1.9,No,No,Good,Unpaid,1,Not Dropout
S09893,13,Male,89,96,Medium,6.8,No,Yes,Good,Paid,1,Not Dropout
S09894,15,Male,56,73,Medium,1.8,Yes,Yes,Poor,Paid,3,Not Dropout
S09895,15,Female,74,40,Medium,16.0,No,Yes,Good,Unpaid,2,Not Dropout
S09896,16,Male,65,81,Medium,14.8,Yes,Yes,Average,Unpaid,2,Not Dropout
S09897,11,Female,55,77,Low,10.6,Yes,No,Average,Paid,2,Not Dropout
S09898,16,Female,31,70,High,1.8,Yes,No,Average,Overdue (3+ Months),2,Not Dropout
S09899,12,Female,46,79,High,11.6,No,Yes,Good,Paid,4,Not Dropout
S09900,16,Male,64,90,High,6.6,No,No,Poor,Paid,4,Not Dropout
S09901,17,Female,58,96,Medium,14.4,No,Yes,Poor,Overdue (3+ Months),0,Not Dropout
S09902,12,Female,98,93,Low,8.2,Yes,No,Good,Paid,4,Not Dropout
S09903,11,Male,64,81,Low,13.6,No,Yes,Good,Overdue (3+ Months),1,Not Dropout
S09904,11,Female,57,61,Medium,15.1,Yes,No,Average,Paid,5,Not Dropout
S09905,14,Male,57,91,High,6.1,Yes,Yes,Good,Paid,4,Not Dropout
S09906,15,Male,30,82,Medium,7.3,No,Yes,Average,Paid,2,Not Dropout
S09907,13,Female,74,69,Medium,8.1,Yes,Yes,Poor,Paid,1,Not Dropout
S09908,12,Male,74,26,Low,12.8,Yes,Yes,Good,Paid,5,Dropout
S09909,17,Female,60,75,High,6.5,No,Yes,Good,Paid,3,Not Dropout
S09910,18,Female,82,64,High,18.8,Yes,Yes,Poor,Paid,5,Dropout
S09911,12,Female,53,55,Medium,19.4,No,Yes,Average,Unpaid,5,Not Dropout
S09912,11,Female,68,51,High,11.9,No,Yes,Average,Paid,2,Not Dropout
S09913,13,Male,84,80,Medium,14.0,No,No,Average,Paid,0,Not Dropout
S09914,17,Male,39,26,Low,3.4,Yes,Yes,Average,Paid,3,Dropout
S09915,14,Male,84,30,High,5.7,Yes,Yes,Poor,Unpaid,0,Dropout
S09916,15,Female,69,47,High,5.4,Yes,No,Poor,Paid,5,Dropout
S09917,15,Male,92,23,Low,16.4,No,Yes,Good,Paid,3,Not Dropout
S09918,12,Male,91,91,Medium,9.6,No,No,Poor,Paid,0,Not Dropout
S09919,18,Female,32,65,High,17.4,No,Yes,Good,Paid,0,Not Dropout
S09920,16,Female,61,35,Low,16.3,No,No,Average,Unpaid,5,Dropout
S09921,14,Female,33,74,Medium,9.6,Yes,Yes,Average,Unpaid,0,Dropout
S09922,14,Male,93,76,Low,11.1,No,Yes,Average,Paid,3,Not Dropout
S09923,12,Male,82,46,Medium,18.5,Yes,No,Poor,Unpaid,0,Dropout
S09924,13,Female,32,38,High,5.2,No,No,Good,Paid,5,Not Dropout
S09925,18,Female,41,43,High,18.0,Yes,No,Good,Paid,5,Dropout
S09926,17,Female,81,41,Low,10.3,Yes,Yes,Good,Paid,4,Dropout
S09927,11,Male,42,64,High,14.2,No,Yes,Average,Unpaid,2,Not Dropout
S09928,16,Female,53,24,Low,3.6,No,Yes,Average,Overdue (3+ Months),0,Dropout
S09929,18,Female,63,57,Medium,13.7,Yes,Yes,Average,Overdue (3+ Months),4,Dropout
S09930,14,Male,88,60,Medium,3.6,Yes,Yes,Average,Paid,1,Not Dropout
S09931,11,Male,39,84,Medium,7.7,No,No,Poor,Paid,2,Not Dropout
S09932,13,Female,37,81,Medium,16.8,No,No,Good,Unpaid,4,Not Dropout
S09933,17,Male,80,28,High,14.8,No,No,Good,Paid,3,Not Dropout
S09934,16,Female,67,74,Medium,19.5,No,No,Poor,Paid,0,Not Dropout
S09935,11,Male,70,34,High,17.4,Yes,No,Poor,Paid,2,Not Dropout
S09936,18,Female,52,20,Low,14.3,No,Yes,Poor,Paid,4,Dropout
S09937,17,Female,93,88,Medium,6.4,Yes,No,Good,Paid,1,Not Dropout
S09938,14,Male,82,73,Medium,19.5,Yes,Yes,Average,Unpaid,5,Dropout
S09939,15,Male,86,31,Low,15.1,Yes,Yes,Poor,Unpaid,5,Dropout
S09940,16,Male,67,77,High,1.2,Yes,Yes,Poor,Paid,2,Not Dropout
S09941,11,Male,86,93,High,14.5,Yes,Yes,Good,Overdue (3+ Months),3,Not Dropout
S09942,14,Female,50,54,High,16.6,No,Yes,Average,Paid,3,Not Dropout
S09943,18,Male,95,93,Low,7.8,Yes,No,Average,Paid,0,Not Dropout
S09944,18,Female,51,77,Low,7.8,No,Yes,Good,Unpaid,4,Dropout
S09945,13,Female,84,33,Low,8.6,No,Yes,Good,Paid,2,Not Dropout
S09946,18,Female,84,84,Medium,3.8,No,Yes,Good,Paid,4,Not Dropout
S09947,16,Female,78,40,High,10.1,Yes,Yes,Poor,Paid,2,Dropout
S09948,18,Female,55,58,High,5.3,Yes,No,Average,Unpaid,2,Not Dropout
S09949,15,Male,56,52,High,12.1,No,No,Average,Paid,0,Not Dropout
S09950,11,Male,96,25,Low,14.3,No,Yes,Poor,Overdue (3+ Months),3,Dropout
S09951,13,Female,55,89,High,13.1,Yes,No,Average,Paid,2,Not Dropout
S09952,14,Female,54,33,Low,6.7,Yes,No,Average,Paid,0,Not Dropout
S09953,13,Male,81,66,Low,0.7,Yes,Yes,Average,Paid,2,Not Dropout
S09954,18,Female,57,27,Low,3.6,No,Yes,Average,Paid,0,Not Dropout
S09955,14,Male,59,48,High,10.5,Yes,Yes,Good,Overdue (3+ Months),3,Dropout
S09956,18,Male,94,60,Medium,3.3,No,No,Average,Paid,3,Not Dropout
S09957,14,Male,59,54,Medium,18.1,Yes,No,Average,Paid,5,Not Dropout
S09958,16,Female,75,42,Medium,14.4,Yes,Yes,Poor,Paid,3,Dropout
S09959,12,Male,89,92,High,15.5,Yes,No,Good,Paid,1,Not Dropout
S09960,12,Male,63,71,Medium,11.8,Yes,No,Good,Paid,1,Not Dropout
S09961,14,Male,53,56,Low,8.7,No,No,Average,Paid,5,Not Dropout
S09962,17,Male,52,80,High,4.2,No,Yes,Good,Paid,4,Not Dropout
S09963,16,Female,40,33,High,15.2,Yes,Yes,Good,Paid,3,Dropout
S09964,13,Male,57,40,Low,3.5,Yes,No,Good,Paid,2,Not Dropout
S09965,17,Female,59,86,Medium,12.2,No,No,Poor,Overdue (3+ Months),4,Not Dropout
S09966,17,Male,32,62,Low,18.6,No,Yes,Average,Unpaid,2,Dropout
S09967,14,Female,56,39,Medium,4.2,Yes,Yes,Good,Overdue (3+ Months),5,Dropout
S09968,17,Male,54,30,High,15.6,No,Yes,Average,Overdue (3+ Months),4,Dropout
S09969,17,Male,36,59,Medium,2.1,No,Yes,Average,Paid,1,Not Dropout
S09970,14,Female,33,67,Medium,17.6,Yes,Yes,Average,Overdue (3+ Months),0,Dropout
S09971,11,Female,41,34,High,12.9,No,No,Good,Overdue (3+ Months),4,Dropout
S09972,11,Male,88,92,Low,11.4,Yes,Yes,Good,Paid,2,Not Dropout
S09973,15,Female,52,22,High,19.0,Yes,No,Average,Paid,5,Not Dropout
S09974,12,Male,48,39,Medium,1.7,No,Yes,Average,Paid,2,Not Dropout
S09975,17,Male,76,40,High,18.8,Yes,No,Average,Paid,2,Not Dropout
S09976,18,Male,59,49,Medium,3.8,No,No,Good,Paid,4,Not Dropout
S09977,12,Female,78,47,High,5.0,No,No,Good,Paid,2,Not Dropout
S09978,15,Male,32,61,High,12.7,Yes,Yes,Poor,Overdue (3+ Months),3,Dropout
S09979,12,Female,98,35,Medium,9.2,No,No,Average,Paid,1,Not Dropout
S09980,15,Female,86,22,Medium,1.2,No,Yes,Poor,Paid,4,Dropout
S09981,18,Female,69,21,Medium,14.9,Yes,No,Average,Paid,4,Not Dropout
S09982,11,Male,50,34,Medium,9.5,Yes,No,Good,Paid,5,Not Dropout
S09983,11,Female,41,28,Medium,18.5,Yes,Yes,Average,Unpaid,1,Dropout
S09984,17,Male,76,60,Medium,14.6,No,Yes,Good,Paid,0,Not Dropout
S09985,14,Female,79,46,High,10.4,Yes,No,Average,Paid,0,Not Dropout
S09986,15,Female,60,32,Medium,16.5,No,No,Average,Paid,1,Not Dropout
S09987,15,Female,44,21,Low,15.2,Yes,No,Good,Unpaid,2,Dropout
S09988,16,Female,39,63,High,15.5,No,Yes,Good,Paid,1,Not Dropout
S09989,18,Male,76,92,Medium,3.1,Yes,No,Good,Unpaid,3,Not Dropout
S09990,14,Male,94,21,Low,12.3,No,Yes,Good,Paid,2,Not Dropout
S09991,13,Male,65,52,Low,3.8,Yes,Yes,Average,Paid,1,Not Dropout
S09992,14,Female,67,99,High,10.0,Yes,No,Average,Overdue (3+ Months),1,Not Dropout
S09993,12,Male,74,90,Medium,2.7,Yes,No,Good,Paid,2,Not Dropout
S09994,16,Male,52,46,High,16.7,No,Yes,Average,Unpaid,1,Not Dropout
S09995,12,Female,72,25,Medium,9.5,Yes,No,Average,Paid,0,Not Dropout
S09996,12,Male,92,20,Medium,18.0,No,Yes,Poor,Overdue (3+ Months),2,Dropout
S09997,16,Female,89,35,Low,19.0,No,No,Poor,Paid,2,Not Dropout
S09998,14,Female,42,28,Medium,3.9,Yes,No,Average,Paid,5,Dropout
S09999,17,Male,89,62,High,19.3,Yes,Yes,Average,Unpaid,1,Not Dropout
S10000,11,Male,97,21,Low,17.1,No,Yes,Average,Unpaid,5,Dropout
